[2026-09-06 08:02:09] [INFO] Starting Universal Benchmark Engine
[2026-09-06 08:02:09] [INFO] Run ID: 20260906_080209_961047 | Node: chrisarg-HP-Z840-Workstation (e0:d3:62:43:18:3f) | Context: Manual
[2026-09-06 08:02:09] [INFO] Seed: 12345 (reproducible grid order)
[2026-09-06 08:02:09] [INFO] BUILDING: make -C ../ -f Makefile -B build/cpu_param_sweep GPU=NONE CC=clang OPT=-O3 APPLY_LTO=1 MARCH=native LIBPOPCNT=0 CPU_TILE=32 BITVECTOR_TILE=1024 BUFFER_SIZE=4096 OUTER_ROW_NUM=4 OUTER_COL_NUM=2 OUTER_VEC_BLK=4
[2026-09-06 08:02:19] [DEBUG] RUNNING: taskset -c 0-71 env OMP_PLACES=cores OMP_PROC_BIND=spread numactl --interleave=all ../build/cpu_param_sweep 65536 1024 1024 10
[2026-09-06 08:02:19] [DEBUG] RUNNING: taskset -c 0-71 env OMP_PLACES=cores OMP_PROC_BIND=close numactl --interleave=all ../build/cpu_param_sweep 262144 1024 1024 4
[2026-09-06 08:02:22] [DEBUG] RUNNING: taskset -c 0-71 env OMP_PLACES=cores OMP_PROC_BIND=close numactl --interleave=all ../build/cpu_param_sweep 65536 1024 1024 36
[2026-09-06 08:02:22] [DEBUG] RUNNING: taskset -c 0-71 env OMP_PLACES=cores OMP_PROC_BIND=close numactl --interleave=all ../build/cpu_param_sweep 262144 1024 1024 20
[2026-09-06 08:02:23] [DEBUG] RUNNING: taskset -c 0-71 env OMP_PLACES=cores OMP_PROC_BIND=close numactl --interleave=all ../build/cpu_param_sweep 262144 1024 1024 36
[2026-09-06 08:02:23] [DEBUG] RUNNING: taskset -c 0-71 env OMP_PLACES=cores OMP_PROC_BIND=close numactl --interleave=all ../build/cpu_param_sweep 262144 1024 1024 16
[2026-09-06 08:02:24] [DEBUG] RUNNING: taskset -c 0-71 env OMP_PLACES=cores OMP_PROC_BIND=spread numactl --interleave=all ../build/cpu_param_sweep 262144 1024 1024 20
[2026-09-06 08:02:24] [DEBUG] RUNNING: taskset -c 0-71 env OMP_PLACES=cores OMP_PROC_BIND=spread numactl --interleave=all ../build/cpu_param_sweep 65536 1024 1024 20
[2026-09-06 08:02:25] [DEBUG] RUNNING: taskset -c 0-71 env OMP_PLACES=cores OMP_PROC_BIND=close numactl --interleave=all ../build/cpu_param_sweep 65536 1024 1024 20
[2026-09-06 08:02:25] [DEBUG] RUNNING: taskset -c 0-71 env OMP_PLACES=cores OMP_PROC_BIND=spread numactl --interleave=all ../build/cpu_param_sweep 262144 1024 1024 16
[2026-09-06 08:02:26] [DEBUG] RUNNING: taskset -c 0-71 env OMP_PLACES=cores OMP_PROC_BIND=spread numactl --interleave=all ../build/cpu_param_sweep 262144 1024 1024 10
[2026-09-06 08:02:27] [DEBUG] RUNNING: taskset -c 0-71 env OMP_PLACES=cores OMP_PROC_BIND=spread numactl --interleave=all ../build/cpu_param_sweep 65536 1024 1024 8
[2026-09-06 08:02:27] [DEBUG] RUNNING: taskset -c 0-71 env OMP_PLACES=cores OMP_PROC_BIND=close numactl --interleave=all ../build/cpu_param_sweep 262144 1024 1024 20
[2026-09-06 08:02:28] [DEBUG] RUNNING: taskset -c 0-71 env OMP_PLACES=cores OMP_PROC_BIND=spread numactl --interleave=all ../build/cpu_param_sweep 262144 1024 1024 18
[2026-09-06 08:02:29] [DEBUG] RUNNING: taskset -c 0-71 env OMP_PLACES=cores OMP_PROC_BIND=spread numactl --interleave=all ../build/cpu_param_sweep 262144 1024 1024 2
[2026-09-06 08:02:33] [DEBUG] RUNNING: taskset -c 0-71 env OMP_PLACES=cores OMP_PROC_BIND=close numactl --interleave=all ../build/cpu_param_sweep 262144 1024 1024 2
[2026-09-06 08:02:38] [DEBUG] RUNNING: taskset -c 0-71 env OMP_PLACES=cores OMP_PROC_BIND=close numactl --interleave=all ../build/cpu_param_sweep 65536 1024 1024 10
[2026-09-06 08:02:38] [DEBUG] RUNNING: taskset -c 0-71 env OMP_PLACES=cores OMP_PROC_BIND=spread numactl --interleave=all ../build/cpu_param_sweep 65536 1024 1024 18
[2026-09-06 08:02:38] [DEBUG] RUNNING: taskset -c 0-71 env OMP_PLACES=cores OMP_PROC_BIND=close numactl --interleave=all ../build/cpu_param_sweep 262144 1024 1024 8
[2026-09-06 08:02:40] [DEBUG] RUNNING: taskset -c 0-71 env OMP_PLACES=cores OMP_PROC_BIND=close numactl --interleave=all ../build/cpu_param_sweep 262144 1024 1024 72
[2026-09-06 08:02:40] [DEBUG] RUNNING: taskset -c 0-71 env OMP_PLACES=cores OMP_PROC_BIND=close numactl --interleave=all ../build/cpu_param_sweep 65536 1024 1024 36
[2026-09-06 08:02:40] [DEBUG] RUNNING: taskset -c 0-71 env OMP_PLACES=cores OMP_PROC_BIND=spread numactl --interleave=all ../build/cpu_param_sweep 262144 1024 1024 8
[2026-09-06 08:02:42] [DEBUG] RUNNING: taskset -c 0-71 env OMP_PLACES=cores OMP_PROC_BIND=spread numactl --interleave=all ../build/cpu_param_sweep 65536 1024 1024 72
[2026-09-06 08:02:42] [DEBUG] RUNNING: taskset -c 0-71 env OMP_PLACES=cores OMP_PROC_BIND=spread numactl --interleave=all ../build/cpu_param_sweep 262144 1024 1024 36
[2026-09-06 08:02:42] [DEBUG] RUNNING: taskset -c 0-71 env OMP_PLACES=cores OMP_PROC_BIND=close numactl --interleave=all ../build/cpu_param_sweep 262144 1024 1024 1
[2026-09-06 08:02:51] [DEBUG] RUNNING: taskset -c 0-71 env OMP_PLACES=cores OMP_PROC_BIND=spread numactl --interleave=all ../build/cpu_param_sweep 262144 1024 1024 36
[2026-09-06 08:02:52] [DEBUG] RUNNING: taskset -c 0-71 env OMP_PLACES=cores OMP_PROC_BIND=spread numactl --interleave=all ../build/cpu_param_sweep 65536 1024 1024 4
[2026-09-06 08:02:52] [DEBUG] RUNNING: taskset -c 0-71 env OMP_PLACES=cores OMP_PROC_BIND=close numactl --interleave=all ../build/cpu_param_sweep 65536 1024 1024 2
[2026-09-06 08:02:53] [DEBUG] RUNNING: taskset -c 0-71 env OMP_PLACES=cores OMP_PROC_BIND=close numactl --interleave=all ../build/cpu_param_sweep 65536 1024 1024 72
[2026-09-06 08:02:53] [DEBUG] RUNNING: taskset -c 0-71 env OMP_PLACES=cores OMP_PROC_BIND=spread numactl --interleave=all ../build/cpu_param_sweep 65536 1024 1024 72
[2026-09-06 08:02:54] [DEBUG] RUNNING: taskset -c 0-71 env OMP_PLACES=cores OMP_PROC_BIND=spread numactl --interleave=all ../build/cpu_param_sweep 65536 1024 1024 36
[2026-09-06 08:02:54] [DEBUG] RUNNING: taskset -c 0-71 env OMP_PLACES=cores OMP_PROC_BIND=spread numactl --interleave=all ../build/cpu_param_sweep 262144 1024 1024 36
[2026-09-06 08:02:54] [DEBUG] RUNNING: taskset -c 0-71 env OMP_PLACES=cores OMP_PROC_BIND=close numactl --interleave=all ../build/cpu_param_sweep 262144 1024 1024 10
[2026-09-06 08:02:56] [DEBUG] RUNNING: taskset -c 0-71 env OMP_PLACES=cores OMP_PROC_BIND=spread numactl --interleave=all ../build/cpu_param_sweep 262144 1024 1024 72
[2026-09-06 08:02:56] [DEBUG] RUNNING: taskset -c 0-71 env OMP_PLACES=cores OMP_PROC_BIND=close numactl --interleave=all ../build/cpu_param_sweep 262144 1024 1024 16
[2026-09-06 08:02:57] [DEBUG] RUNNING: taskset -c 0-71 env OMP_PLACES=cores OMP_PROC_BIND=spread numactl --interleave=all ../build/cpu_param_sweep 262144 1024 1024 72
[2026-09-06 08:02:58] [DEBUG] RUNNING: taskset -c 0-71 env OMP_PLACES=cores OMP_PROC_BIND=spread numactl --interleave=all ../build/cpu_param_sweep 65536 1024 1024 54
[2026-09-06 08:02:58] [DEBUG] RUNNING: taskset -c 0-71 env OMP_PLACES=cores OMP_PROC_BIND=spread numactl --interleave=all ../build/cpu_param_sweep 262144 1024 1024 54
[2026-09-06 08:02:59] [DEBUG] RUNNING: taskset -c 0-71 env OMP_PLACES=cores OMP_PROC_BIND=spread numactl --interleave=all ../build/cpu_param_sweep 262144 1024 1024 2
[2026-09-06 08:03:03] [DEBUG] RUNNING: taskset -c 0-71 env OMP_PLACES=cores OMP_PROC_BIND=close numactl --interleave=all ../build/cpu_param_sweep 65536 1024 1024 20
[2026-09-06 08:03:03] [DEBUG] RUNNING: taskset -c 0-71 env OMP_PLACES=cores OMP_PROC_BIND=spread numactl --interleave=all ../build/cpu_param_sweep 65536 1024 1024 16
[2026-09-06 08:03:04] [DEBUG] RUNNING: taskset -c 0-71 env OMP_PLACES=cores OMP_PROC_BIND=close numactl --interleave=all ../build/cpu_param_sweep 262144 1024 1024 8
[2026-09-06 08:03:05] [DEBUG] RUNNING: taskset -c 0-71 env OMP_PLACES=cores OMP_PROC_BIND=close numactl --interleave=all ../build/cpu_param_sweep 262144 1024 1024 18
[2026-09-06 08:03:06] [DEBUG] RUNNING: taskset -c 0-71 env OMP_PLACES=cores OMP_PROC_BIND=close numactl --interleave=all ../build/cpu_param_sweep 65536 1024 1024 54
[2026-09-06 08:03:06] [DEBUG] RUNNING: taskset -c 0-71 env OMP_PLACES=cores OMP_PROC_BIND=spread numactl --interleave=all ../build/cpu_param_sweep 262144 1024 1024 20
[2026-09-06 08:03:07] [DEBUG] RUNNING: taskset -c 0-71 env OMP_PLACES=cores OMP_PROC_BIND=spread numactl --interleave=all ../build/cpu_param_sweep 65536 1024 1024 20
[2026-09-06 08:03:07] [DEBUG] RUNNING: taskset -c 0-71 env OMP_PLACES=cores OMP_PROC_BIND=close numactl --interleave=all ../build/cpu_param_sweep 65536 1024 1024 4
[2026-09-06 08:03:07] [DEBUG] RUNNING: taskset -c 0-71 env OMP_PLACES=cores OMP_PROC_BIND=close numactl --interleave=all ../build/cpu_param_sweep 65536 1024 1024 54
[2026-09-06 08:03:07] [DEBUG] RUNNING: taskset -c 0-71 env OMP_PLACES=cores OMP_PROC_BIND=close numactl --interleave=all ../build/cpu_param_sweep 65536 1024 1024 4
[2026-09-06 08:03:08] [DEBUG] RUNNING: taskset -c 0-71 env OMP_PLACES=cores OMP_PROC_BIND=spread numactl --interleave=all ../build/cpu_param_sweep 65536 1024 1024 2
[2026-09-06 08:03:09] [DEBUG] RUNNING: taskset -c 0-71 env OMP_PLACES=cores OMP_PROC_BIND=spread numactl --interleave=all ../build/cpu_param_sweep 262144 1024 1024 20
[2026-09-06 08:03:10] [DEBUG] RUNNING: taskset -c 0-71 env OMP_PLACES=cores OMP_PROC_BIND=spread numactl --interleave=all ../build/cpu_param_sweep 262144 1024 1024 8
[2026-09-06 08:03:11] [DEBUG] RUNNING: taskset -c 0-71 env OMP_PLACES=cores OMP_PROC_BIND=close numactl --interleave=all ../build/cpu_param_sweep 65536 1024 1024 72
[2026-09-06 08:03:11] [DEBUG] RUNNING: taskset -c 0-71 env OMP_PLACES=cores OMP_PROC_BIND=close numactl --interleave=all ../build/cpu_param_sweep 65536 1024 1024 54
[2026-09-06 08:03:12] [DEBUG] RUNNING: taskset -c 0-71 env OMP_PLACES=cores OMP_PROC_BIND=close numactl --interleave=all ../build/cpu_param_sweep 262144 1024 1024 1
[2026-09-06 08:03:20] [DEBUG] RUNNING: taskset -c 0-71 env OMP_PLACES=cores OMP_PROC_BIND=close numactl --interleave=all ../build/cpu_param_sweep 65536 1024 1024 36
[2026-09-06 08:03:21] [DEBUG] RUNNING: taskset -c 0-71 env OMP_PLACES=cores OMP_PROC_BIND=spread numactl --interleave=all ../build/cpu_param_sweep 262144 1024 1024 18
[2026-09-06 08:03:21] [DEBUG] RUNNING: taskset -c 0-71 env OMP_PLACES=cores OMP_PROC_BIND=close numactl --interleave=all ../build/cpu_param_sweep 65536 1024 1024 16
[2026-09-06 08:03:22] [DEBUG] RUNNING: taskset -c 0-71 env OMP_PLACES=cores OMP_PROC_BIND=close numactl --interleave=all ../build/cpu_param_sweep 65536 1024 1024 1
[2026-09-06 08:03:24] [DEBUG] RUNNING: taskset -c 0-71 env OMP_PLACES=cores OMP_PROC_BIND=close numactl --interleave=all ../build/cpu_param_sweep 65536 1024 1024 18
[2026-09-06 08:03:24] [DEBUG] RUNNING: taskset -c 0-71 env OMP_PLACES=cores OMP_PROC_BIND=close numactl --interleave=all ../build/cpu_param_sweep 262144 1024 1024 72
[2026-09-06 08:03:24] [DEBUG] RUNNING: taskset -c 0-71 env OMP_PLACES=cores OMP_PROC_BIND=spread numactl --interleave=all ../build/cpu_param_sweep 65536 1024 1024 10
[2026-09-06 08:03:25] [DEBUG] RUNNING: taskset -c 0-71 env OMP_PLACES=cores OMP_PROC_BIND=close numactl --interleave=all ../build/cpu_param_sweep 65536 1024 1024 8
[2026-09-06 08:03:25] [DEBUG] RUNNING: taskset -c 0-71 env OMP_PLACES=cores OMP_PROC_BIND=spread numactl --interleave=all ../build/cpu_param_sweep 65536 1024 1024 16
[2026-09-06 08:03:25] [DEBUG] RUNNING: taskset -c 0-71 env OMP_PLACES=cores OMP_PROC_BIND=spread numactl --interleave=all ../build/cpu_param_sweep 262144 1024 1024 8
[2026-09-06 08:03:27] [DEBUG] RUNNING: taskset -c 0-71 env OMP_PLACES=cores OMP_PROC_BIND=spread numactl --interleave=all ../build/cpu_param_sweep 65536 1024 1024 36
[2026-09-06 08:03:27] [DEBUG] RUNNING: taskset -c 0-71 env OMP_PLACES=cores OMP_PROC_BIND=spread numactl --interleave=all ../build/cpu_param_sweep 262144 1024 1024 4
[2026-09-06 08:03:29] [DEBUG] RUNNING: taskset -c 0-71 env OMP_PLACES=cores OMP_PROC_BIND=spread numactl --interleave=all ../build/cpu_param_sweep 262144 1024 1024 54
[2026-09-06 08:03:30] [DEBUG] RUNNING: taskset -c 0-71 env OMP_PLACES=cores OMP_PROC_BIND=spread numactl --interleave=all ../build/cpu_param_sweep 65536 1024 1024 18
[2026-09-06 08:03:30] [DEBUG] RUNNING: taskset -c 0-71 env OMP_PLACES=cores OMP_PROC_BIND=spread numactl --interleave=all ../build/cpu_param_sweep 65536 1024 1024 10
[2026-09-06 08:03:30] [DEBUG] RUNNING: taskset -c 0-71 env OMP_PLACES=cores OMP_PROC_BIND=close numactl --interleave=all ../build/cpu_param_sweep 262144 1024 1024 36
[2026-09-06 08:03:31] [DEBUG] RUNNING: taskset -c 0-71 env OMP_PLACES=cores OMP_PROC_BIND=spread numactl --interleave=all ../build/cpu_param_sweep 262144 1024 1024 4
[2026-09-06 08:03:33] [DEBUG] RUNNING: taskset -c 0-71 env OMP_PLACES=cores OMP_PROC_BIND=spread numactl --interleave=all ../build/cpu_param_sweep 65536 1024 1024 18
[2026-09-06 08:03:33] [DEBUG] RUNNING: taskset -c 0-71 env OMP_PLACES=cores OMP_PROC_BIND=spread numactl --interleave=all ../build/cpu_param_sweep 262144 1024 1024 16
[2026-09-06 08:03:34] [DEBUG] RUNNING: taskset -c 0-71 env OMP_PLACES=cores OMP_PROC_BIND=close numactl --interleave=all ../build/cpu_param_sweep 65536 1024 1024 10
[2026-09-06 08:03:35] [DEBUG] RUNNING: taskset -c 0-71 env OMP_PLACES=cores OMP_PROC_BIND=spread numactl --interleave=all ../build/cpu_param_sweep 65536 1024 1024 2
[2026-09-06 08:03:36] [DEBUG] RUNNING: taskset -c 0-71 env OMP_PLACES=cores OMP_PROC_BIND=spread numactl --interleave=all ../build/cpu_param_sweep 262144 1024 1024 1
[2026-09-06 08:03:44] [DEBUG] RUNNING: taskset -c 0-71 env OMP_PLACES=cores OMP_PROC_BIND=spread numactl --interleave=all ../build/cpu_param_sweep 65536 1024 1024 1
[2026-09-06 08:03:47] [DEBUG] RUNNING: taskset -c 0-71 env OMP_PLACES=cores OMP_PROC_BIND=close numactl --interleave=all ../build/cpu_param_sweep 262144 1024 1024 4
[2026-09-06 08:03:49] [DEBUG] RUNNING: taskset -c 0-71 env OMP_PLACES=cores OMP_PROC_BIND=close numactl --interleave=all ../build/cpu_param_sweep 262144 1024 1024 72
[2026-09-06 08:03:50] [DEBUG] RUNNING: taskset -c 0-71 env OMP_PLACES=cores OMP_PROC_BIND=spread numactl --interleave=all ../build/cpu_param_sweep 65536 1024 1024 20
[2026-09-06 08:03:50] [DEBUG] RUNNING: taskset -c 0-71 env OMP_PLACES=cores OMP_PROC_BIND=spread numactl --interleave=all ../build/cpu_param_sweep 262144 1024 1024 16
[2026-09-06 08:03:51] [DEBUG] RUNNING: taskset -c 0-71 env OMP_PLACES=cores OMP_PROC_BIND=close numactl --interleave=all ../build/cpu_param_sweep 65536 1024 1024 18
[2026-09-06 08:03:51] [DEBUG] RUNNING: taskset -c 0-71 env OMP_PLACES=cores OMP_PROC_BIND=close numactl --interleave=all ../build/cpu_param_sweep 65536 1024 1024 18
[2026-09-06 08:03:51] [DEBUG] RUNNING: taskset -c 0-71 env OMP_PLACES=cores OMP_PROC_BIND=close numactl --interleave=all ../build/cpu_param_sweep 262144 1024 1024 20
[2026-09-06 08:03:52] [DEBUG] RUNNING: taskset -c 0-71 env OMP_PLACES=cores OMP_PROC_BIND=close numactl --interleave=all ../build/cpu_param_sweep 262144 1024 1024 1
[2026-09-06 08:04:00] [DEBUG] RUNNING: taskset -c 0-71 env OMP_PLACES=cores OMP_PROC_BIND=close numactl --interleave=all ../build/cpu_param_sweep 65536 1024 1024 1
[2026-09-06 08:04:03] [DEBUG] RUNNING: taskset -c 0-71 env OMP_PLACES=cores OMP_PROC_BIND=close numactl --interleave=all ../build/cpu_param_sweep 65536 1024 1024 16
[2026-09-06 08:04:03] [DEBUG] RUNNING: taskset -c 0-71 env OMP_PLACES=cores OMP_PROC_BIND=spread numactl --interleave=all ../build/cpu_param_sweep 262144 1024 1024 1
[2026-09-06 08:04:12] [DEBUG] RUNNING: taskset -c 0-71 env OMP_PLACES=cores OMP_PROC_BIND=close numactl --interleave=all ../build/cpu_param_sweep 262144 1024 1024 54
[2026-09-06 08:04:12] [DEBUG] RUNNING: taskset -c 0-71 env OMP_PLACES=cores OMP_PROC_BIND=close numactl --interleave=all ../build/cpu_param_sweep 65536 1024 1024 2
[2026-09-06 08:04:13] [DEBUG] RUNNING: taskset -c 0-71 env OMP_PLACES=cores OMP_PROC_BIND=spread numactl --interleave=all ../build/cpu_param_sweep 262144 1024 1024 4
[2026-09-06 08:04:16] [DEBUG] RUNNING: taskset -c 0-71 env OMP_PLACES=cores OMP_PROC_BIND=spread numactl --interleave=all ../build/cpu_param_sweep 65536 1024 1024 8
[2026-09-06 08:04:16] [DEBUG] RUNNING: taskset -c 0-71 env OMP_PLACES=cores OMP_PROC_BIND=close numactl --interleave=all ../build/cpu_param_sweep 262144 1024 1024 2
[2026-09-06 08:04:21] [DEBUG] RUNNING: taskset -c 0-71 env OMP_PLACES=cores OMP_PROC_BIND=spread numactl --interleave=all ../build/cpu_param_sweep 262144 1024 1024 1
[2026-09-06 08:04:30] [DEBUG] RUNNING: taskset -c 0-71 env OMP_PLACES=cores OMP_PROC_BIND=spread numactl --interleave=all ../build/cpu_param_sweep 65536 1024 1024 1
[2026-09-06 08:04:32] [DEBUG] RUNNING: taskset -c 0-71 env OMP_PLACES=cores OMP_PROC_BIND=close numactl --interleave=all ../build/cpu_param_sweep 65536 1024 1024 8
[2026-09-06 08:04:32] [DEBUG] RUNNING: taskset -c 0-71 env OMP_PLACES=cores OMP_PROC_BIND=spread numactl --interleave=all ../build/cpu_param_sweep 262144 1024 1024 2
[2026-09-06 08:04:37] [DEBUG] RUNNING: taskset -c 0-71 env OMP_PLACES=cores OMP_PROC_BIND=close numactl --interleave=all ../build/cpu_param_sweep 262144 1024 1024 54
[2026-09-06 08:04:38] [DEBUG] RUNNING: taskset -c 0-71 env OMP_PLACES=cores OMP_PROC_BIND=close numactl --interleave=all ../build/cpu_param_sweep 65536 1024 1024 72
[2026-09-06 08:04:38] [DEBUG] RUNNING: taskset -c 0-71 env OMP_PLACES=cores OMP_PROC_BIND=close numactl --interleave=all ../build/cpu_param_sweep 65536 1024 1024 20
[2026-09-06 08:04:38] [DEBUG] RUNNING: taskset -c 0-71 env OMP_PLACES=cores OMP_PROC_BIND=close numactl --interleave=all ../build/cpu_param_sweep 262144 1024 1024 10
[2026-09-06 08:04:39] [DEBUG] RUNNING: taskset -c 0-71 env OMP_PLACES=cores OMP_PROC_BIND=close numactl --interleave=all ../build/cpu_param_sweep 262144 1024 1024 8
[2026-09-06 08:04:40] [DEBUG] RUNNING: taskset -c 0-71 env OMP_PLACES=cores OMP_PROC_BIND=spread numactl --interleave=all ../build/cpu_param_sweep 65536 1024 1024 16
[2026-09-06 08:04:41] [DEBUG] RUNNING: taskset -c 0-71 env OMP_PLACES=cores OMP_PROC_BIND=spread numactl --interleave=all ../build/cpu_param_sweep 65536 1024 1024 1
[2026-09-06 08:04:43] [DEBUG] RUNNING: taskset -c 0-71 env OMP_PLACES=cores OMP_PROC_BIND=spread numactl --interleave=all ../build/cpu_param_sweep 65536 1024 1024 8
[2026-09-06 08:04:43] [DEBUG] RUNNING: taskset -c 0-71 env OMP_PLACES=cores OMP_PROC_BIND=spread numactl --interleave=all ../build/cpu_param_sweep 65536 1024 1024 2
[2026-09-06 08:04:44] [DEBUG] RUNNING: taskset -c 0-71 env OMP_PLACES=cores OMP_PROC_BIND=spread numactl --interleave=all ../build/cpu_param_sweep 262144 1024 1024 18
[2026-09-06 08:04:45] [DEBUG] RUNNING: taskset -c 0-71 env OMP_PLACES=cores OMP_PROC_BIND=close numactl --interleave=all ../build/cpu_param_sweep 65536 1024 1024 4
[2026-09-06 08:04:46] [DEBUG] RUNNING: taskset -c 0-71 env OMP_PLACES=cores OMP_PROC_BIND=close numactl --interleave=all ../build/cpu_param_sweep 65536 1024 1024 1
[2026-09-06 08:04:48] [DEBUG] RUNNING: taskset -c 0-71 env OMP_PLACES=cores OMP_PROC_BIND=close numactl --interleave=all ../build/cpu_param_sweep 262144 1024 1024 16
[2026-09-06 08:04:49] [DEBUG] RUNNING: taskset -c 0-71 env OMP_PLACES=cores OMP_PROC_BIND=spread numactl --interleave=all ../build/cpu_param_sweep 65536 1024 1024 4
[2026-09-06 08:04:49] [DEBUG] RUNNING: taskset -c 0-71 env OMP_PLACES=cores OMP_PROC_BIND=close numactl --interleave=all ../build/cpu_param_sweep 262144 1024 1024 36
[2026-09-06 08:04:50] [DEBUG] RUNNING: taskset -c 0-71 env OMP_PLACES=cores OMP_PROC_BIND=spread numactl --interleave=all ../build/cpu_param_sweep 65536 1024 1024 4
[2026-09-06 08:04:50] [DEBUG] RUNNING: taskset -c 0-71 env OMP_PLACES=cores OMP_PROC_BIND=close numactl --interleave=all ../build/cpu_param_sweep 65536 1024 1024 2
[2026-09-06 08:04:51] [DEBUG] RUNNING: taskset -c 0-71 env OMP_PLACES=cores OMP_PROC_BIND=close numactl --interleave=all ../build/cpu_param_sweep 262144 1024 1024 4
[2026-09-06 08:04:54] [DEBUG] RUNNING: taskset -c 0-71 env OMP_PLACES=cores OMP_PROC_BIND=spread numactl --interleave=all ../build/cpu_param_sweep 262144 1024 1024 10
[2026-09-06 08:04:55] [DEBUG] RUNNING: taskset -c 0-71 env OMP_PLACES=cores OMP_PROC_BIND=spread numactl --interleave=all ../build/cpu_param_sweep 262144 1024 1024 10
[2026-09-06 08:04:56] [DEBUG] RUNNING: taskset -c 0-71 env OMP_PLACES=cores OMP_PROC_BIND=spread numactl --interleave=all ../build/cpu_param_sweep 65536 1024 1024 54
[2026-09-06 08:04:56] [DEBUG] RUNNING: taskset -c 0-71 env OMP_PLACES=cores OMP_PROC_BIND=spread numactl --interleave=all ../build/cpu_param_sweep 262144 1024 1024 72
[2026-09-06 08:04:57] [DEBUG] RUNNING: taskset -c 0-71 env OMP_PLACES=cores OMP_PROC_BIND=close numactl --interleave=all ../build/cpu_param_sweep 262144 1024 1024 18
[2026-09-06 08:04:58] [DEBUG] RUNNING: taskset -c 0-71 env OMP_PLACES=cores OMP_PROC_BIND=close numactl --interleave=all ../build/cpu_param_sweep 262144 1024 1024 18
[2026-09-06 08:04:59] [DEBUG] RUNNING: taskset -c 0-71 env OMP_PLACES=cores OMP_PROC_BIND=close numactl --interleave=all ../build/cpu_param_sweep 65536 1024 1024 16
[2026-09-06 08:04:59] [DEBUG] RUNNING: taskset -c 0-71 env OMP_PLACES=cores OMP_PROC_BIND=spread numactl --interleave=all ../build/cpu_param_sweep 65536 1024 1024 36
[2026-09-06 08:04:59] [DEBUG] RUNNING: taskset -c 0-71 env OMP_PLACES=cores OMP_PROC_BIND=spread numactl --interleave=all ../build/cpu_param_sweep 65536 1024 1024 72
[2026-09-06 08:04:59] [DEBUG] RUNNING: taskset -c 0-71 env OMP_PLACES=cores OMP_PROC_BIND=close numactl --interleave=all ../build/cpu_param_sweep 262144 1024 1024 2
[2026-09-06 08:05:04] [DEBUG] RUNNING: taskset -c 0-71 env OMP_PLACES=cores OMP_PROC_BIND=close numactl --interleave=all ../build/cpu_param_sweep 262144 1024 1024 10
[2026-09-06 08:05:05] [DEBUG] RUNNING: taskset -c 0-71 env OMP_PLACES=cores OMP_PROC_BIND=close numactl --interleave=all ../build/cpu_param_sweep 65536 1024 1024 8
[2026-09-06 08:05:05] [DEBUG] RUNNING: taskset -c 0-71 env OMP_PLACES=cores OMP_PROC_BIND=close numactl --interleave=all ../build/cpu_param_sweep 65536 1024 1024 10
[2026-09-06 08:05:05] [DEBUG] RUNNING: taskset -c 0-71 env OMP_PLACES=cores OMP_PROC_BIND=spread numactl --interleave=all ../build/cpu_param_sweep 65536 1024 1024 54
[2026-09-06 08:05:06] [DEBUG] RUNNING: taskset -c 0-71 env OMP_PLACES=cores OMP_PROC_BIND=close numactl --interleave=all ../build/cpu_param_sweep 262144 1024 1024 54
[2026-09-06 08:05:06] [DEBUG] RUNNING: taskset -c 0-71 env OMP_PLACES=cores OMP_PROC_BIND=spread numactl --interleave=all ../build/cpu_param_sweep 262144 1024 1024 54
[2026-09-06 08:05:07] [INFO] BUILDING: make -C ../ -f Makefile -B build/cpu_param_sweep GPU=NONE CC=clang OPT=-O3 APPLY_LTO=1 MARCH=native LIBPOPCNT=0 CPU_TILE=32 BITVECTOR_TILE=1024 BUFFER_SIZE=4096 OUTER_ROW_NUM=4 OUTER_COL_NUM=1 OUTER_VEC_BLK=2
[2026-09-06 08:05:17] [DEBUG] RUNNING: taskset -c 0-71 env OMP_PLACES=cores OMP_PROC_BIND=spread numactl --interleave=all ../build/cpu_param_sweep 65536 1024 1024 10
[2026-09-06 08:05:17] [DEBUG] RUNNING: taskset -c 0-71 env OMP_PLACES=cores OMP_PROC_BIND=close numactl --interleave=all ../build/cpu_param_sweep 262144 1024 1024 4
[2026-09-06 08:05:20] [DEBUG] RUNNING: taskset -c 0-71 env OMP_PLACES=cores OMP_PROC_BIND=close numactl --interleave=all ../build/cpu_param_sweep 65536 1024 1024 36
[2026-09-06 08:05:20] [DEBUG] RUNNING: taskset -c 0-71 env OMP_PLACES=cores OMP_PROC_BIND=close numactl --interleave=all ../build/cpu_param_sweep 262144 1024 1024 20
[2026-09-06 08:05:21] [DEBUG] RUNNING: taskset -c 0-71 env OMP_PLACES=cores OMP_PROC_BIND=close numactl --interleave=all ../build/cpu_param_sweep 262144 1024 1024 36
[2026-09-06 08:05:21] [DEBUG] RUNNING: taskset -c 0-71 env OMP_PLACES=cores OMP_PROC_BIND=close numactl --interleave=all ../build/cpu_param_sweep 262144 1024 1024 16
[2026-09-06 08:05:22] [DEBUG] RUNNING: taskset -c 0-71 env OMP_PLACES=cores OMP_PROC_BIND=spread numactl --interleave=all ../build/cpu_param_sweep 262144 1024 1024 20
[2026-09-06 08:05:23] [DEBUG] RUNNING: taskset -c 0-71 env OMP_PLACES=cores OMP_PROC_BIND=spread numactl --interleave=all ../build/cpu_param_sweep 65536 1024 1024 20
[2026-09-06 08:05:23] [DEBUG] RUNNING: taskset -c 0-71 env OMP_PLACES=cores OMP_PROC_BIND=close numactl --interleave=all ../build/cpu_param_sweep 65536 1024 1024 20
[2026-09-06 08:05:23] [DEBUG] RUNNING: taskset -c 0-71 env OMP_PLACES=cores OMP_PROC_BIND=spread numactl --interleave=all ../build/cpu_param_sweep 262144 1024 1024 16
[2026-09-06 08:05:24] [DEBUG] RUNNING: taskset -c 0-71 env OMP_PLACES=cores OMP_PROC_BIND=spread numactl --interleave=all ../build/cpu_param_sweep 262144 1024 1024 10
[2026-09-06 08:05:25] [DEBUG] RUNNING: taskset -c 0-71 env OMP_PLACES=cores OMP_PROC_BIND=spread numactl --interleave=all ../build/cpu_param_sweep 65536 1024 1024 8
[2026-09-06 08:05:25] [DEBUG] RUNNING: taskset -c 0-71 env OMP_PLACES=cores OMP_PROC_BIND=close numactl --interleave=all ../build/cpu_param_sweep 262144 1024 1024 20
[2026-09-06 08:05:26] [DEBUG] RUNNING: taskset -c 0-71 env OMP_PLACES=cores OMP_PROC_BIND=spread numactl --interleave=all ../build/cpu_param_sweep 262144 1024 1024 18
[2026-09-06 08:05:27] [DEBUG] RUNNING: taskset -c 0-71 env OMP_PLACES=cores OMP_PROC_BIND=spread numactl --interleave=all ../build/cpu_param_sweep 262144 1024 1024 2
[2026-09-06 08:05:32] [DEBUG] RUNNING: taskset -c 0-71 env OMP_PLACES=cores OMP_PROC_BIND=close numactl --interleave=all ../build/cpu_param_sweep 262144 1024 1024 2
[2026-09-06 08:05:36] [DEBUG] RUNNING: taskset -c 0-71 env OMP_PLACES=cores OMP_PROC_BIND=close numactl --interleave=all ../build/cpu_param_sweep 65536 1024 1024 10
[2026-09-06 08:05:37] [DEBUG] RUNNING: taskset -c 0-71 env OMP_PLACES=cores OMP_PROC_BIND=spread numactl --interleave=all ../build/cpu_param_sweep 65536 1024 1024 18
[2026-09-06 08:05:37] [DEBUG] RUNNING: taskset -c 0-71 env OMP_PLACES=cores OMP_PROC_BIND=close numactl --interleave=all ../build/cpu_param_sweep 262144 1024 1024 8
[2026-09-06 08:05:38] [DEBUG] RUNNING: taskset -c 0-71 env OMP_PLACES=cores OMP_PROC_BIND=close numactl --interleave=all ../build/cpu_param_sweep 262144 1024 1024 72
[2026-09-06 08:05:39] [DEBUG] RUNNING: taskset -c 0-71 env OMP_PLACES=cores OMP_PROC_BIND=close numactl --interleave=all ../build/cpu_param_sweep 65536 1024 1024 36
[2026-09-06 08:05:39] [DEBUG] RUNNING: taskset -c 0-71 env OMP_PLACES=cores OMP_PROC_BIND=spread numactl --interleave=all ../build/cpu_param_sweep 262144 1024 1024 8
[2026-09-06 08:05:40] [DEBUG] RUNNING: taskset -c 0-71 env OMP_PLACES=cores OMP_PROC_BIND=spread numactl --interleave=all ../build/cpu_param_sweep 65536 1024 1024 72
[2026-09-06 08:05:41] [DEBUG] RUNNING: taskset -c 0-71 env OMP_PLACES=cores OMP_PROC_BIND=spread numactl --interleave=all ../build/cpu_param_sweep 262144 1024 1024 36
[2026-09-06 08:05:41] [DEBUG] RUNNING: taskset -c 0-71 env OMP_PLACES=cores OMP_PROC_BIND=close numactl --interleave=all ../build/cpu_param_sweep 262144 1024 1024 1
[2026-09-06 08:05:50] [DEBUG] RUNNING: taskset -c 0-71 env OMP_PLACES=cores OMP_PROC_BIND=spread numactl --interleave=all ../build/cpu_param_sweep 262144 1024 1024 36
[2026-09-06 08:05:51] [DEBUG] RUNNING: taskset -c 0-71 env OMP_PLACES=cores OMP_PROC_BIND=spread numactl --interleave=all ../build/cpu_param_sweep 65536 1024 1024 4
[2026-09-06 08:05:51] [DEBUG] RUNNING: taskset -c 0-71 env OMP_PLACES=cores OMP_PROC_BIND=close numactl --interleave=all ../build/cpu_param_sweep 65536 1024 1024 2
[2026-09-06 08:05:53] [DEBUG] RUNNING: taskset -c 0-71 env OMP_PLACES=cores OMP_PROC_BIND=close numactl --interleave=all ../build/cpu_param_sweep 65536 1024 1024 72
[2026-09-06 08:05:53] [DEBUG] RUNNING: taskset -c 0-71 env OMP_PLACES=cores OMP_PROC_BIND=spread numactl --interleave=all ../build/cpu_param_sweep 65536 1024 1024 72
[2026-09-06 08:05:53] [DEBUG] RUNNING: taskset -c 0-71 env OMP_PLACES=cores OMP_PROC_BIND=spread numactl --interleave=all ../build/cpu_param_sweep 65536 1024 1024 36
[2026-09-06 08:05:53] [DEBUG] RUNNING: taskset -c 0-71 env OMP_PLACES=cores OMP_PROC_BIND=spread numactl --interleave=all ../build/cpu_param_sweep 262144 1024 1024 36
[2026-09-06 08:05:54] [DEBUG] RUNNING: taskset -c 0-71 env OMP_PLACES=cores OMP_PROC_BIND=close numactl --interleave=all ../build/cpu_param_sweep 262144 1024 1024 10
[2026-09-06 08:05:55] [DEBUG] RUNNING: taskset -c 0-71 env OMP_PLACES=cores OMP_PROC_BIND=spread numactl --interleave=all ../build/cpu_param_sweep 262144 1024 1024 72
[2026-09-06 08:05:56] [DEBUG] RUNNING: taskset -c 0-71 env OMP_PLACES=cores OMP_PROC_BIND=close numactl --interleave=all ../build/cpu_param_sweep 262144 1024 1024 16
[2026-09-06 08:05:56] [DEBUG] RUNNING: taskset -c 0-71 env OMP_PLACES=cores OMP_PROC_BIND=spread numactl --interleave=all ../build/cpu_param_sweep 262144 1024 1024 72
[2026-09-06 08:05:57] [DEBUG] RUNNING: taskset -c 0-71 env OMP_PLACES=cores OMP_PROC_BIND=spread numactl --interleave=all ../build/cpu_param_sweep 65536 1024 1024 54
[2026-09-06 08:05:57] [DEBUG] RUNNING: taskset -c 0-71 env OMP_PLACES=cores OMP_PROC_BIND=spread numactl --interleave=all ../build/cpu_param_sweep 262144 1024 1024 54
[2026-09-06 08:05:58] [DEBUG] RUNNING: taskset -c 0-71 env OMP_PLACES=cores OMP_PROC_BIND=spread numactl --interleave=all ../build/cpu_param_sweep 262144 1024 1024 2
[2026-09-06 08:06:03] [DEBUG] RUNNING: taskset -c 0-71 env OMP_PLACES=cores OMP_PROC_BIND=close numactl --interleave=all ../build/cpu_param_sweep 65536 1024 1024 20
[2026-09-06 08:06:03] [DEBUG] RUNNING: taskset -c 0-71 env OMP_PLACES=cores OMP_PROC_BIND=spread numactl --interleave=all ../build/cpu_param_sweep 65536 1024 1024 16
[2026-09-06 08:06:03] [DEBUG] RUNNING: taskset -c 0-71 env OMP_PLACES=cores OMP_PROC_BIND=close numactl --interleave=all ../build/cpu_param_sweep 262144 1024 1024 8
[2026-09-06 08:06:04] [DEBUG] RUNNING: taskset -c 0-71 env OMP_PLACES=cores OMP_PROC_BIND=close numactl --interleave=all ../build/cpu_param_sweep 262144 1024 1024 18
[2026-09-06 08:06:05] [DEBUG] RUNNING: taskset -c 0-71 env OMP_PLACES=cores OMP_PROC_BIND=close numactl --interleave=all ../build/cpu_param_sweep 65536 1024 1024 54
[2026-09-06 08:06:05] [DEBUG] RUNNING: taskset -c 0-71 env OMP_PLACES=cores OMP_PROC_BIND=spread numactl --interleave=all ../build/cpu_param_sweep 262144 1024 1024 20
[2026-09-06 08:06:06] [DEBUG] RUNNING: taskset -c 0-71 env OMP_PLACES=cores OMP_PROC_BIND=spread numactl --interleave=all ../build/cpu_param_sweep 65536 1024 1024 20
[2026-09-06 08:06:06] [DEBUG] RUNNING: taskset -c 0-71 env OMP_PLACES=cores OMP_PROC_BIND=close numactl --interleave=all ../build/cpu_param_sweep 65536 1024 1024 4
[2026-09-06 08:06:07] [DEBUG] RUNNING: taskset -c 0-71 env OMP_PLACES=cores OMP_PROC_BIND=close numactl --interleave=all ../build/cpu_param_sweep 65536 1024 1024 54
[2026-09-06 08:06:07] [DEBUG] RUNNING: taskset -c 0-71 env OMP_PLACES=cores OMP_PROC_BIND=close numactl --interleave=all ../build/cpu_param_sweep 65536 1024 1024 4
[2026-09-06 08:06:08] [DEBUG] RUNNING: taskset -c 0-71 env OMP_PLACES=cores OMP_PROC_BIND=spread numactl --interleave=all ../build/cpu_param_sweep 65536 1024 1024 2
[2026-09-06 08:06:09] [DEBUG] RUNNING: taskset -c 0-71 env OMP_PLACES=cores OMP_PROC_BIND=spread numactl --interleave=all ../build/cpu_param_sweep 262144 1024 1024 20
[2026-09-06 08:06:10] [DEBUG] RUNNING: taskset -c 0-71 env OMP_PLACES=cores OMP_PROC_BIND=spread numactl --interleave=all ../build/cpu_param_sweep 262144 1024 1024 8
[2026-09-06 08:06:11] [DEBUG] RUNNING: taskset -c 0-71 env OMP_PLACES=cores OMP_PROC_BIND=close numactl --interleave=all ../build/cpu_param_sweep 65536 1024 1024 72
[2026-09-06 08:06:11] [DEBUG] RUNNING: taskset -c 0-71 env OMP_PLACES=cores OMP_PROC_BIND=close numactl --interleave=all ../build/cpu_param_sweep 65536 1024 1024 54
[2026-09-06 08:06:11] [DEBUG] RUNNING: taskset -c 0-71 env OMP_PLACES=cores OMP_PROC_BIND=close numactl --interleave=all ../build/cpu_param_sweep 262144 1024 1024 1
[2026-09-06 08:06:21] [DEBUG] RUNNING: taskset -c 0-71 env OMP_PLACES=cores OMP_PROC_BIND=close numactl --interleave=all ../build/cpu_param_sweep 65536 1024 1024 36
[2026-09-06 08:06:21] [DEBUG] RUNNING: taskset -c 0-71 env OMP_PLACES=cores OMP_PROC_BIND=spread numactl --interleave=all ../build/cpu_param_sweep 262144 1024 1024 18
[2026-09-06 08:06:22] [DEBUG] RUNNING: taskset -c 0-71 env OMP_PLACES=cores OMP_PROC_BIND=close numactl --interleave=all ../build/cpu_param_sweep 65536 1024 1024 16
[2026-09-06 08:06:22] [DEBUG] RUNNING: taskset -c 0-71 env OMP_PLACES=cores OMP_PROC_BIND=close numactl --interleave=all ../build/cpu_param_sweep 65536 1024 1024 1
[2026-09-06 08:06:24] [DEBUG] RUNNING: taskset -c 0-71 env OMP_PLACES=cores OMP_PROC_BIND=close numactl --interleave=all ../build/cpu_param_sweep 65536 1024 1024 18
[2026-09-06 08:06:24] [DEBUG] RUNNING: taskset -c 0-71 env OMP_PLACES=cores OMP_PROC_BIND=close numactl --interleave=all ../build/cpu_param_sweep 262144 1024 1024 72
[2026-09-06 08:06:25] [DEBUG] RUNNING: taskset -c 0-71 env OMP_PLACES=cores OMP_PROC_BIND=spread numactl --interleave=all ../build/cpu_param_sweep 65536 1024 1024 10
[2026-09-06 08:06:25] [DEBUG] RUNNING: taskset -c 0-71 env OMP_PLACES=cores OMP_PROC_BIND=close numactl --interleave=all ../build/cpu_param_sweep 65536 1024 1024 8
[2026-09-06 08:06:26] [DEBUG] RUNNING: taskset -c 0-71 env OMP_PLACES=cores OMP_PROC_BIND=spread numactl --interleave=all ../build/cpu_param_sweep 65536 1024 1024 16
[2026-09-06 08:06:26] [DEBUG] RUNNING: taskset -c 0-71 env OMP_PLACES=cores OMP_PROC_BIND=spread numactl --interleave=all ../build/cpu_param_sweep 262144 1024 1024 8
[2026-09-06 08:06:27] [DEBUG] RUNNING: taskset -c 0-71 env OMP_PLACES=cores OMP_PROC_BIND=spread numactl --interleave=all ../build/cpu_param_sweep 65536 1024 1024 36
[2026-09-06 08:06:27] [DEBUG] RUNNING: taskset -c 0-71 env OMP_PLACES=cores OMP_PROC_BIND=spread numactl --interleave=all ../build/cpu_param_sweep 262144 1024 1024 4
[2026-09-06 08:06:30] [DEBUG] RUNNING: taskset -c 0-71 env OMP_PLACES=cores OMP_PROC_BIND=spread numactl --interleave=all ../build/cpu_param_sweep 262144 1024 1024 54
[2026-09-06 08:06:31] [DEBUG] RUNNING: taskset -c 0-71 env OMP_PLACES=cores OMP_PROC_BIND=spread numactl --interleave=all ../build/cpu_param_sweep 65536 1024 1024 18
[2026-09-06 08:06:31] [DEBUG] RUNNING: taskset -c 0-71 env OMP_PLACES=cores OMP_PROC_BIND=spread numactl --interleave=all ../build/cpu_param_sweep 65536 1024 1024 10
[2026-09-06 08:06:31] [DEBUG] RUNNING: taskset -c 0-71 env OMP_PLACES=cores OMP_PROC_BIND=close numactl --interleave=all ../build/cpu_param_sweep 262144 1024 1024 36
[2026-09-06 08:06:32] [DEBUG] RUNNING: taskset -c 0-71 env OMP_PLACES=cores OMP_PROC_BIND=spread numactl --interleave=all ../build/cpu_param_sweep 262144 1024 1024 4
[2026-09-06 08:06:34] [DEBUG] RUNNING: taskset -c 0-71 env OMP_PLACES=cores OMP_PROC_BIND=spread numactl --interleave=all ../build/cpu_param_sweep 65536 1024 1024 18
[2026-09-06 08:06:34] [DEBUG] RUNNING: taskset -c 0-71 env OMP_PLACES=cores OMP_PROC_BIND=spread numactl --interleave=all ../build/cpu_param_sweep 262144 1024 1024 16
[2026-09-06 08:06:35] [DEBUG] RUNNING: taskset -c 0-71 env OMP_PLACES=cores OMP_PROC_BIND=close numactl --interleave=all ../build/cpu_param_sweep 65536 1024 1024 10
[2026-09-06 08:06:35] [DEBUG] RUNNING: taskset -c 0-71 env OMP_PLACES=cores OMP_PROC_BIND=spread numactl --interleave=all ../build/cpu_param_sweep 65536 1024 1024 2
[2026-09-06 08:06:37] [DEBUG] RUNNING: taskset -c 0-71 env OMP_PLACES=cores OMP_PROC_BIND=spread numactl --interleave=all ../build/cpu_param_sweep 262144 1024 1024 1
[2026-09-06 08:06:46] [DEBUG] RUNNING: taskset -c 0-71 env OMP_PLACES=cores OMP_PROC_BIND=spread numactl --interleave=all ../build/cpu_param_sweep 65536 1024 1024 1
[2026-09-06 08:06:48] [DEBUG] RUNNING: taskset -c 0-71 env OMP_PLACES=cores OMP_PROC_BIND=close numactl --interleave=all ../build/cpu_param_sweep 262144 1024 1024 4
[2026-09-06 08:06:50] [DEBUG] RUNNING: taskset -c 0-71 env OMP_PLACES=cores OMP_PROC_BIND=close numactl --interleave=all ../build/cpu_param_sweep 262144 1024 1024 72
[2026-09-06 08:06:51] [DEBUG] RUNNING: taskset -c 0-71 env OMP_PLACES=cores OMP_PROC_BIND=spread numactl --interleave=all ../build/cpu_param_sweep 65536 1024 1024 20
[2026-09-06 08:06:51] [DEBUG] RUNNING: taskset -c 0-71 env OMP_PLACES=cores OMP_PROC_BIND=spread numactl --interleave=all ../build/cpu_param_sweep 262144 1024 1024 16
[2026-09-06 08:06:52] [DEBUG] RUNNING: taskset -c 0-71 env OMP_PLACES=cores OMP_PROC_BIND=close numactl --interleave=all ../build/cpu_param_sweep 65536 1024 1024 18
[2026-09-06 08:06:52] [DEBUG] RUNNING: taskset -c 0-71 env OMP_PLACES=cores OMP_PROC_BIND=close numactl --interleave=all ../build/cpu_param_sweep 65536 1024 1024 18
[2026-09-06 08:06:52] [DEBUG] RUNNING: taskset -c 0-71 env OMP_PLACES=cores OMP_PROC_BIND=close numactl --interleave=all ../build/cpu_param_sweep 262144 1024 1024 20
[2026-09-06 08:06:53] [DEBUG] RUNNING: taskset -c 0-71 env OMP_PLACES=cores OMP_PROC_BIND=close numactl --interleave=all ../build/cpu_param_sweep 262144 1024 1024 1
[2026-09-06 08:07:03] [DEBUG] RUNNING: taskset -c 0-71 env OMP_PLACES=cores OMP_PROC_BIND=close numactl --interleave=all ../build/cpu_param_sweep 65536 1024 1024 1
[2026-09-06 08:07:05] [DEBUG] RUNNING: taskset -c 0-71 env OMP_PLACES=cores OMP_PROC_BIND=close numactl --interleave=all ../build/cpu_param_sweep 65536 1024 1024 16
[2026-09-06 08:07:05] [DEBUG] RUNNING: taskset -c 0-71 env OMP_PLACES=cores OMP_PROC_BIND=spread numactl --interleave=all ../build/cpu_param_sweep 262144 1024 1024 1
[2026-09-06 08:07:14] [DEBUG] RUNNING: taskset -c 0-71 env OMP_PLACES=cores OMP_PROC_BIND=close numactl --interleave=all ../build/cpu_param_sweep 262144 1024 1024 54
[2026-09-06 08:07:15] [DEBUG] RUNNING: taskset -c 0-71 env OMP_PLACES=cores OMP_PROC_BIND=close numactl --interleave=all ../build/cpu_param_sweep 65536 1024 1024 2
[2026-09-06 08:07:16] [DEBUG] RUNNING: taskset -c 0-71 env OMP_PLACES=cores OMP_PROC_BIND=spread numactl --interleave=all ../build/cpu_param_sweep 262144 1024 1024 4
[2026-09-06 08:07:19] [DEBUG] RUNNING: taskset -c 0-71 env OMP_PLACES=cores OMP_PROC_BIND=spread numactl --interleave=all ../build/cpu_param_sweep 65536 1024 1024 8
[2026-09-06 08:07:19] [DEBUG] RUNNING: taskset -c 0-71 env OMP_PLACES=cores OMP_PROC_BIND=close numactl --interleave=all ../build/cpu_param_sweep 262144 1024 1024 2
[2026-09-06 08:07:24] [DEBUG] RUNNING: taskset -c 0-71 env OMP_PLACES=cores OMP_PROC_BIND=spread numactl --interleave=all ../build/cpu_param_sweep 262144 1024 1024 1
[2026-09-06 08:07:33] [DEBUG] RUNNING: taskset -c 0-71 env OMP_PLACES=cores OMP_PROC_BIND=spread numactl --interleave=all ../build/cpu_param_sweep 65536 1024 1024 1
[2026-09-06 08:07:35] [DEBUG] RUNNING: taskset -c 0-71 env OMP_PLACES=cores OMP_PROC_BIND=close numactl --interleave=all ../build/cpu_param_sweep 65536 1024 1024 8
[2026-09-06 08:07:36] [DEBUG] RUNNING: taskset -c 0-71 env OMP_PLACES=cores OMP_PROC_BIND=spread numactl --interleave=all ../build/cpu_param_sweep 262144 1024 1024 2
[2026-09-06 08:07:40] [DEBUG] RUNNING: taskset -c 0-71 env OMP_PLACES=cores OMP_PROC_BIND=close numactl --interleave=all ../build/cpu_param_sweep 262144 1024 1024 54
[2026-09-06 08:07:41] [DEBUG] RUNNING: taskset -c 0-71 env OMP_PLACES=cores OMP_PROC_BIND=close numactl --interleave=all ../build/cpu_param_sweep 65536 1024 1024 72
[2026-09-06 08:07:41] [DEBUG] RUNNING: taskset -c 0-71 env OMP_PLACES=cores OMP_PROC_BIND=close numactl --interleave=all ../build/cpu_param_sweep 65536 1024 1024 20
[2026-09-06 08:07:41] [DEBUG] RUNNING: taskset -c 0-71 env OMP_PLACES=cores OMP_PROC_BIND=close numactl --interleave=all ../build/cpu_param_sweep 262144 1024 1024 10
[2026-09-06 08:07:43] [DEBUG] RUNNING: taskset -c 0-71 env OMP_PLACES=cores OMP_PROC_BIND=close numactl --interleave=all ../build/cpu_param_sweep 262144 1024 1024 8
[2026-09-06 08:07:44] [DEBUG] RUNNING: taskset -c 0-71 env OMP_PLACES=cores OMP_PROC_BIND=spread numactl --interleave=all ../build/cpu_param_sweep 65536 1024 1024 16
[2026-09-06 08:07:44] [DEBUG] RUNNING: taskset -c 0-71 env OMP_PLACES=cores OMP_PROC_BIND=spread numactl --interleave=all ../build/cpu_param_sweep 65536 1024 1024 1
[2026-09-06 08:07:46] [DEBUG] RUNNING: taskset -c 0-71 env OMP_PLACES=cores OMP_PROC_BIND=spread numactl --interleave=all ../build/cpu_param_sweep 65536 1024 1024 8
[2026-09-06 08:07:47] [DEBUG] RUNNING: taskset -c 0-71 env OMP_PLACES=cores OMP_PROC_BIND=spread numactl --interleave=all ../build/cpu_param_sweep 65536 1024 1024 2
[2026-09-06 08:07:48] [DEBUG] RUNNING: taskset -c 0-71 env OMP_PLACES=cores OMP_PROC_BIND=spread numactl --interleave=all ../build/cpu_param_sweep 262144 1024 1024 18
[2026-09-06 08:07:49] [DEBUG] RUNNING: taskset -c 0-71 env OMP_PLACES=cores OMP_PROC_BIND=close numactl --interleave=all ../build/cpu_param_sweep 65536 1024 1024 4
[2026-09-06 08:07:49] [DEBUG] RUNNING: taskset -c 0-71 env OMP_PLACES=cores OMP_PROC_BIND=close numactl --interleave=all ../build/cpu_param_sweep 65536 1024 1024 1
[2026-09-06 08:07:52] [DEBUG] RUNNING: taskset -c 0-71 env OMP_PLACES=cores OMP_PROC_BIND=close numactl --interleave=all ../build/cpu_param_sweep 262144 1024 1024 16
[2026-09-06 08:07:52] [DEBUG] RUNNING: taskset -c 0-71 env OMP_PLACES=cores OMP_PROC_BIND=spread numactl --interleave=all ../build/cpu_param_sweep 65536 1024 1024 4
[2026-09-06 08:07:53] [DEBUG] RUNNING: taskset -c 0-71 env OMP_PLACES=cores OMP_PROC_BIND=close numactl --interleave=all ../build/cpu_param_sweep 262144 1024 1024 36
[2026-09-06 08:07:54] [DEBUG] RUNNING: taskset -c 0-71 env OMP_PLACES=cores OMP_PROC_BIND=spread numactl --interleave=all ../build/cpu_param_sweep 65536 1024 1024 4
[2026-09-06 08:07:54] [DEBUG] RUNNING: taskset -c 0-71 env OMP_PLACES=cores OMP_PROC_BIND=close numactl --interleave=all ../build/cpu_param_sweep 65536 1024 1024 2
[2026-09-06 08:07:55] [DEBUG] RUNNING: taskset -c 0-71 env OMP_PLACES=cores OMP_PROC_BIND=close numactl --interleave=all ../build/cpu_param_sweep 262144 1024 1024 4
[2026-09-06 08:07:58] [DEBUG] RUNNING: taskset -c 0-71 env OMP_PLACES=cores OMP_PROC_BIND=spread numactl --interleave=all ../build/cpu_param_sweep 262144 1024 1024 10
[2026-09-06 08:07:59] [DEBUG] RUNNING: taskset -c 0-71 env OMP_PLACES=cores OMP_PROC_BIND=spread numactl --interleave=all ../build/cpu_param_sweep 262144 1024 1024 10
[2026-09-06 08:08:00] [DEBUG] RUNNING: taskset -c 0-71 env OMP_PLACES=cores OMP_PROC_BIND=spread numactl --interleave=all ../build/cpu_param_sweep 65536 1024 1024 54
[2026-09-06 08:08:01] [DEBUG] RUNNING: taskset -c 0-71 env OMP_PLACES=cores OMP_PROC_BIND=spread numactl --interleave=all ../build/cpu_param_sweep 262144 1024 1024 72
[2026-09-06 08:08:01] [DEBUG] RUNNING: taskset -c 0-71 env OMP_PLACES=cores OMP_PROC_BIND=close numactl --interleave=all ../build/cpu_param_sweep 262144 1024 1024 18
[2026-09-06 08:08:02] [DEBUG] RUNNING: taskset -c 0-71 env OMP_PLACES=cores OMP_PROC_BIND=close numactl --interleave=all ../build/cpu_param_sweep 262144 1024 1024 18
[2026-09-06 08:08:03] [DEBUG] RUNNING: taskset -c 0-71 env OMP_PLACES=cores OMP_PROC_BIND=close numactl --interleave=all ../build/cpu_param_sweep 65536 1024 1024 16
[2026-09-06 08:08:03] [DEBUG] RUNNING: taskset -c 0-71 env OMP_PLACES=cores OMP_PROC_BIND=spread numactl --interleave=all ../build/cpu_param_sweep 65536 1024 1024 36
[2026-09-06 08:08:03] [DEBUG] RUNNING: taskset -c 0-71 env OMP_PLACES=cores OMP_PROC_BIND=spread numactl --interleave=all ../build/cpu_param_sweep 65536 1024 1024 72
[2026-09-06 08:08:03] [DEBUG] RUNNING: taskset -c 0-71 env OMP_PLACES=cores OMP_PROC_BIND=close numactl --interleave=all ../build/cpu_param_sweep 262144 1024 1024 2
[2026-09-06 08:08:08] [DEBUG] RUNNING: taskset -c 0-71 env OMP_PLACES=cores OMP_PROC_BIND=close numactl --interleave=all ../build/cpu_param_sweep 262144 1024 1024 10
[2026-09-06 08:08:09] [DEBUG] RUNNING: taskset -c 0-71 env OMP_PLACES=cores OMP_PROC_BIND=close numactl --interleave=all ../build/cpu_param_sweep 65536 1024 1024 8
[2026-09-06 08:08:10] [DEBUG] RUNNING: taskset -c 0-71 env OMP_PLACES=cores OMP_PROC_BIND=close numactl --interleave=all ../build/cpu_param_sweep 65536 1024 1024 10
[2026-09-06 08:08:10] [DEBUG] RUNNING: taskset -c 0-71 env OMP_PLACES=cores OMP_PROC_BIND=spread numactl --interleave=all ../build/cpu_param_sweep 65536 1024 1024 54
[2026-09-06 08:08:10] [DEBUG] RUNNING: taskset -c 0-71 env OMP_PLACES=cores OMP_PROC_BIND=close numactl --interleave=all ../build/cpu_param_sweep 262144 1024 1024 54
[2026-09-06 08:08:11] [DEBUG] RUNNING: taskset -c 0-71 env OMP_PLACES=cores OMP_PROC_BIND=spread numactl --interleave=all ../build/cpu_param_sweep 262144 1024 1024 54
[2026-09-06 08:08:12] [INFO] BUILDING: make -C ../ -f Makefile -B build/cpu_param_sweep GPU=NONE CC=gcc OPT=-O3 APPLY_LTO=1 MARCH=native LIBPOPCNT=0 CPU_TILE=32 BITVECTOR_TILE=1024 BUFFER_SIZE=4096 OUTER_ROW_NUM=1 OUTER_COL_NUM=1 OUTER_VEC_BLK=1
[2026-09-06 08:08:16] [DEBUG] RUNNING: taskset -c 0-71 env OMP_PLACES=cores OMP_PROC_BIND=spread numactl --interleave=all ../build/cpu_param_sweep 65536 1024 1024 10
[2026-09-06 08:08:16] [DEBUG] RUNNING: taskset -c 0-71 env OMP_PLACES=cores OMP_PROC_BIND=close numactl --interleave=all ../build/cpu_param_sweep 262144 1024 1024 4
[2026-09-06 08:08:19] [DEBUG] RUNNING: taskset -c 0-71 env OMP_PLACES=cores OMP_PROC_BIND=close numactl --interleave=all ../build/cpu_param_sweep 65536 1024 1024 36
[2026-09-06 08:08:19] [DEBUG] RUNNING: taskset -c 0-71 env OMP_PLACES=cores OMP_PROC_BIND=close numactl --interleave=all ../build/cpu_param_sweep 262144 1024 1024 20
[2026-09-06 08:08:20] [DEBUG] RUNNING: taskset -c 0-71 env OMP_PLACES=cores OMP_PROC_BIND=close numactl --interleave=all ../build/cpu_param_sweep 262144 1024 1024 36
[2026-09-06 08:08:20] [DEBUG] RUNNING: taskset -c 0-71 env OMP_PLACES=cores OMP_PROC_BIND=close numactl --interleave=all ../build/cpu_param_sweep 262144 1024 1024 16
[2026-09-06 08:08:21] [DEBUG] RUNNING: taskset -c 0-71 env OMP_PLACES=cores OMP_PROC_BIND=spread numactl --interleave=all ../build/cpu_param_sweep 262144 1024 1024 20
[2026-09-06 08:08:22] [DEBUG] RUNNING: taskset -c 0-71 env OMP_PLACES=cores OMP_PROC_BIND=spread numactl --interleave=all ../build/cpu_param_sweep 65536 1024 1024 20
[2026-09-06 08:08:22] [DEBUG] RUNNING: taskset -c 0-71 env OMP_PLACES=cores OMP_PROC_BIND=close numactl --interleave=all ../build/cpu_param_sweep 65536 1024 1024 20
[2026-09-06 08:08:23] [DEBUG] RUNNING: taskset -c 0-71 env OMP_PLACES=cores OMP_PROC_BIND=spread numactl --interleave=all ../build/cpu_param_sweep 262144 1024 1024 16
[2026-09-06 08:08:23] [DEBUG] RUNNING: taskset -c 0-71 env OMP_PLACES=cores OMP_PROC_BIND=spread numactl --interleave=all ../build/cpu_param_sweep 262144 1024 1024 10
[2026-09-06 08:08:25] [DEBUG] RUNNING: taskset -c 0-71 env OMP_PLACES=cores OMP_PROC_BIND=spread numactl --interleave=all ../build/cpu_param_sweep 65536 1024 1024 8
[2026-09-06 08:08:25] [DEBUG] RUNNING: taskset -c 0-71 env OMP_PLACES=cores OMP_PROC_BIND=close numactl --interleave=all ../build/cpu_param_sweep 262144 1024 1024 20
[2026-09-06 08:08:26] [DEBUG] RUNNING: taskset -c 0-71 env OMP_PLACES=cores OMP_PROC_BIND=spread numactl --interleave=all ../build/cpu_param_sweep 262144 1024 1024 18
[2026-09-06 08:08:27] [DEBUG] RUNNING: taskset -c 0-71 env OMP_PLACES=cores OMP_PROC_BIND=spread numactl --interleave=all ../build/cpu_param_sweep 262144 1024 1024 2
[2026-09-06 08:08:32] [DEBUG] RUNNING: taskset -c 0-71 env OMP_PLACES=cores OMP_PROC_BIND=close numactl --interleave=all ../build/cpu_param_sweep 262144 1024 1024 2
[2026-09-06 08:08:36] [DEBUG] RUNNING: taskset -c 0-71 env OMP_PLACES=cores OMP_PROC_BIND=close numactl --interleave=all ../build/cpu_param_sweep 65536 1024 1024 10
[2026-09-06 08:08:37] [DEBUG] RUNNING: taskset -c 0-71 env OMP_PLACES=cores OMP_PROC_BIND=spread numactl --interleave=all ../build/cpu_param_sweep 65536 1024 1024 18
[2026-09-06 08:08:37] [DEBUG] RUNNING: taskset -c 0-71 env OMP_PLACES=cores OMP_PROC_BIND=close numactl --interleave=all ../build/cpu_param_sweep 262144 1024 1024 8
[2026-09-06 08:08:38] [DEBUG] RUNNING: taskset -c 0-71 env OMP_PLACES=cores OMP_PROC_BIND=close numactl --interleave=all ../build/cpu_param_sweep 262144 1024 1024 72
[2026-09-06 08:08:39] [DEBUG] RUNNING: taskset -c 0-71 env OMP_PLACES=cores OMP_PROC_BIND=close numactl --interleave=all ../build/cpu_param_sweep 65536 1024 1024 36
[2026-09-06 08:08:39] [DEBUG] RUNNING: taskset -c 0-71 env OMP_PLACES=cores OMP_PROC_BIND=spread numactl --interleave=all ../build/cpu_param_sweep 262144 1024 1024 8
[2026-09-06 08:08:41] [DEBUG] RUNNING: taskset -c 0-71 env OMP_PLACES=cores OMP_PROC_BIND=spread numactl --interleave=all ../build/cpu_param_sweep 65536 1024 1024 72
[2026-09-06 08:08:41] [DEBUG] RUNNING: taskset -c 0-71 env OMP_PLACES=cores OMP_PROC_BIND=spread numactl --interleave=all ../build/cpu_param_sweep 262144 1024 1024 36
[2026-09-06 08:08:41] [DEBUG] RUNNING: taskset -c 0-71 env OMP_PLACES=cores OMP_PROC_BIND=close numactl --interleave=all ../build/cpu_param_sweep 262144 1024 1024 1
[2026-09-06 08:08:51] [DEBUG] RUNNING: taskset -c 0-71 env OMP_PLACES=cores OMP_PROC_BIND=spread numactl --interleave=all ../build/cpu_param_sweep 262144 1024 1024 36
[2026-09-06 08:08:51] [DEBUG] RUNNING: taskset -c 0-71 env OMP_PLACES=cores OMP_PROC_BIND=spread numactl --interleave=all ../build/cpu_param_sweep 65536 1024 1024 4
[2026-09-06 08:08:52] [DEBUG] RUNNING: taskset -c 0-71 env OMP_PLACES=cores OMP_PROC_BIND=close numactl --interleave=all ../build/cpu_param_sweep 65536 1024 1024 2
[2026-09-06 08:08:53] [DEBUG] RUNNING: taskset -c 0-71 env OMP_PLACES=cores OMP_PROC_BIND=close numactl --interleave=all ../build/cpu_param_sweep 65536 1024 1024 72
[2026-09-06 08:08:53] [DEBUG] RUNNING: taskset -c 0-71 env OMP_PLACES=cores OMP_PROC_BIND=spread numactl --interleave=all ../build/cpu_param_sweep 65536 1024 1024 72
[2026-09-06 08:08:53] [DEBUG] RUNNING: taskset -c 0-71 env OMP_PLACES=cores OMP_PROC_BIND=spread numactl --interleave=all ../build/cpu_param_sweep 65536 1024 1024 36
[2026-09-06 08:08:53] [DEBUG] RUNNING: taskset -c 0-71 env OMP_PLACES=cores OMP_PROC_BIND=spread numactl --interleave=all ../build/cpu_param_sweep 262144 1024 1024 36
[2026-09-06 08:08:54] [DEBUG] RUNNING: taskset -c 0-71 env OMP_PLACES=cores OMP_PROC_BIND=close numactl --interleave=all ../build/cpu_param_sweep 262144 1024 1024 10
[2026-09-06 08:08:55] [DEBUG] RUNNING: taskset -c 0-71 env OMP_PLACES=cores OMP_PROC_BIND=spread numactl --interleave=all ../build/cpu_param_sweep 262144 1024 1024 72
[2026-09-06 08:08:56] [DEBUG] RUNNING: taskset -c 0-71 env OMP_PLACES=cores OMP_PROC_BIND=close numactl --interleave=all ../build/cpu_param_sweep 262144 1024 1024 16
[2026-09-06 08:08:57] [DEBUG] RUNNING: taskset -c 0-71 env OMP_PLACES=cores OMP_PROC_BIND=spread numactl --interleave=all ../build/cpu_param_sweep 262144 1024 1024 72
[2026-09-06 08:08:57] [DEBUG] RUNNING: taskset -c 0-71 env OMP_PLACES=cores OMP_PROC_BIND=spread numactl --interleave=all ../build/cpu_param_sweep 65536 1024 1024 54
[2026-09-06 08:08:58] [DEBUG] RUNNING: taskset -c 0-71 env OMP_PLACES=cores OMP_PROC_BIND=spread numactl --interleave=all ../build/cpu_param_sweep 262144 1024 1024 54
[2026-09-06 08:08:58] [DEBUG] RUNNING: taskset -c 0-71 env OMP_PLACES=cores OMP_PROC_BIND=spread numactl --interleave=all ../build/cpu_param_sweep 262144 1024 1024 2
[2026-09-06 08:09:03] [DEBUG] RUNNING: taskset -c 0-71 env OMP_PLACES=cores OMP_PROC_BIND=close numactl --interleave=all ../build/cpu_param_sweep 65536 1024 1024 20
[2026-09-06 08:09:03] [DEBUG] RUNNING: taskset -c 0-71 env OMP_PLACES=cores OMP_PROC_BIND=spread numactl --interleave=all ../build/cpu_param_sweep 65536 1024 1024 16
[2026-09-06 08:09:04] [DEBUG] RUNNING: taskset -c 0-71 env OMP_PLACES=cores OMP_PROC_BIND=close numactl --interleave=all ../build/cpu_param_sweep 262144 1024 1024 8
[2026-09-06 08:09:05] [DEBUG] RUNNING: taskset -c 0-71 env OMP_PLACES=cores OMP_PROC_BIND=close numactl --interleave=all ../build/cpu_param_sweep 262144 1024 1024 18
[2026-09-06 08:09:06] [DEBUG] RUNNING: taskset -c 0-71 env OMP_PLACES=cores OMP_PROC_BIND=close numactl --interleave=all ../build/cpu_param_sweep 65536 1024 1024 54
[2026-09-06 08:09:06] [DEBUG] RUNNING: taskset -c 0-71 env OMP_PLACES=cores OMP_PROC_BIND=spread numactl --interleave=all ../build/cpu_param_sweep 262144 1024 1024 20
[2026-09-06 08:09:07] [DEBUG] RUNNING: taskset -c 0-71 env OMP_PLACES=cores OMP_PROC_BIND=spread numactl --interleave=all ../build/cpu_param_sweep 65536 1024 1024 20
[2026-09-06 08:09:07] [DEBUG] RUNNING: taskset -c 0-71 env OMP_PLACES=cores OMP_PROC_BIND=close numactl --interleave=all ../build/cpu_param_sweep 65536 1024 1024 4
[2026-09-06 08:09:08] [DEBUG] RUNNING: taskset -c 0-71 env OMP_PLACES=cores OMP_PROC_BIND=close numactl --interleave=all ../build/cpu_param_sweep 65536 1024 1024 54
[2026-09-06 08:09:08] [DEBUG] RUNNING: taskset -c 0-71 env OMP_PLACES=cores OMP_PROC_BIND=close numactl --interleave=all ../build/cpu_param_sweep 65536 1024 1024 4
[2026-09-06 08:09:09] [DEBUG] RUNNING: taskset -c 0-71 env OMP_PLACES=cores OMP_PROC_BIND=spread numactl --interleave=all ../build/cpu_param_sweep 65536 1024 1024 2
[2026-09-06 08:09:10] [DEBUG] RUNNING: taskset -c 0-71 env OMP_PLACES=cores OMP_PROC_BIND=spread numactl --interleave=all ../build/cpu_param_sweep 262144 1024 1024 20
[2026-09-06 08:09:11] [DEBUG] RUNNING: taskset -c 0-71 env OMP_PLACES=cores OMP_PROC_BIND=spread numactl --interleave=all ../build/cpu_param_sweep 262144 1024 1024 8
[2026-09-06 08:09:12] [DEBUG] RUNNING: taskset -c 0-71 env OMP_PLACES=cores OMP_PROC_BIND=close numactl --interleave=all ../build/cpu_param_sweep 65536 1024 1024 72
[2026-09-06 08:09:12] [DEBUG] RUNNING: taskset -c 0-71 env OMP_PLACES=cores OMP_PROC_BIND=close numactl --interleave=all ../build/cpu_param_sweep 65536 1024 1024 54
[2026-09-06 08:09:12] [DEBUG] RUNNING: taskset -c 0-71 env OMP_PLACES=cores OMP_PROC_BIND=close numactl --interleave=all ../build/cpu_param_sweep 262144 1024 1024 1
[2026-09-06 08:09:22] [DEBUG] RUNNING: taskset -c 0-71 env OMP_PLACES=cores OMP_PROC_BIND=close numactl --interleave=all ../build/cpu_param_sweep 65536 1024 1024 36
[2026-09-06 08:09:22] [DEBUG] RUNNING: taskset -c 0-71 env OMP_PLACES=cores OMP_PROC_BIND=spread numactl --interleave=all ../build/cpu_param_sweep 262144 1024 1024 18
[2026-09-06 08:09:22] [DEBUG] RUNNING: taskset -c 0-71 env OMP_PLACES=cores OMP_PROC_BIND=close numactl --interleave=all ../build/cpu_param_sweep 65536 1024 1024 16
[2026-09-06 08:09:23] [DEBUG] RUNNING: taskset -c 0-71 env OMP_PLACES=cores OMP_PROC_BIND=close numactl --interleave=all ../build/cpu_param_sweep 65536 1024 1024 1
[2026-09-06 08:09:25] [DEBUG] RUNNING: taskset -c 0-71 env OMP_PLACES=cores OMP_PROC_BIND=close numactl --interleave=all ../build/cpu_param_sweep 65536 1024 1024 18
[2026-09-06 08:09:25] [DEBUG] RUNNING: taskset -c 0-71 env OMP_PLACES=cores OMP_PROC_BIND=close numactl --interleave=all ../build/cpu_param_sweep 262144 1024 1024 72
[2026-09-06 08:09:26] [DEBUG] RUNNING: taskset -c 0-71 env OMP_PLACES=cores OMP_PROC_BIND=spread numactl --interleave=all ../build/cpu_param_sweep 65536 1024 1024 10
[2026-09-06 08:09:26] [DEBUG] RUNNING: taskset -c 0-71 env OMP_PLACES=cores OMP_PROC_BIND=close numactl --interleave=all ../build/cpu_param_sweep 65536 1024 1024 8
[2026-09-06 08:09:26] [DEBUG] RUNNING: taskset -c 0-71 env OMP_PLACES=cores OMP_PROC_BIND=spread numactl --interleave=all ../build/cpu_param_sweep 65536 1024 1024 16
[2026-09-06 08:09:27] [DEBUG] RUNNING: taskset -c 0-71 env OMP_PLACES=cores OMP_PROC_BIND=spread numactl --interleave=all ../build/cpu_param_sweep 262144 1024 1024 8
[2026-09-06 08:09:28] [DEBUG] RUNNING: taskset -c 0-71 env OMP_PLACES=cores OMP_PROC_BIND=spread numactl --interleave=all ../build/cpu_param_sweep 65536 1024 1024 36
[2026-09-06 08:09:28] [DEBUG] RUNNING: taskset -c 0-71 env OMP_PLACES=cores OMP_PROC_BIND=spread numactl --interleave=all ../build/cpu_param_sweep 262144 1024 1024 4
[2026-09-06 08:09:31] [DEBUG] RUNNING: taskset -c 0-71 env OMP_PLACES=cores OMP_PROC_BIND=spread numactl --interleave=all ../build/cpu_param_sweep 262144 1024 1024 54
[2026-09-06 08:09:32] [DEBUG] RUNNING: taskset -c 0-71 env OMP_PLACES=cores OMP_PROC_BIND=spread numactl --interleave=all ../build/cpu_param_sweep 65536 1024 1024 18
[2026-09-06 08:09:32] [DEBUG] RUNNING: taskset -c 0-71 env OMP_PLACES=cores OMP_PROC_BIND=spread numactl --interleave=all ../build/cpu_param_sweep 65536 1024 1024 10
[2026-09-06 08:09:32] [DEBUG] RUNNING: taskset -c 0-71 env OMP_PLACES=cores OMP_PROC_BIND=close numactl --interleave=all ../build/cpu_param_sweep 262144 1024 1024 36
[2026-09-06 08:09:33] [DEBUG] RUNNING: taskset -c 0-71 env OMP_PLACES=cores OMP_PROC_BIND=spread numactl --interleave=all ../build/cpu_param_sweep 262144 1024 1024 4
[2026-09-06 08:09:35] [DEBUG] RUNNING: taskset -c 0-71 env OMP_PLACES=cores OMP_PROC_BIND=spread numactl --interleave=all ../build/cpu_param_sweep 65536 1024 1024 18
[2026-09-06 08:09:35] [DEBUG] RUNNING: taskset -c 0-71 env OMP_PLACES=cores OMP_PROC_BIND=spread numactl --interleave=all ../build/cpu_param_sweep 262144 1024 1024 16
[2026-09-06 08:09:36] [DEBUG] RUNNING: taskset -c 0-71 env OMP_PLACES=cores OMP_PROC_BIND=close numactl --interleave=all ../build/cpu_param_sweep 65536 1024 1024 10
[2026-09-06 08:09:37] [DEBUG] RUNNING: taskset -c 0-71 env OMP_PLACES=cores OMP_PROC_BIND=spread numactl --interleave=all ../build/cpu_param_sweep 65536 1024 1024 2
[2026-09-06 08:09:38] [DEBUG] RUNNING: taskset -c 0-71 env OMP_PLACES=cores OMP_PROC_BIND=spread numactl --interleave=all ../build/cpu_param_sweep 262144 1024 1024 1
[2026-09-06 08:09:47] [DEBUG] RUNNING: taskset -c 0-71 env OMP_PLACES=cores OMP_PROC_BIND=spread numactl --interleave=all ../build/cpu_param_sweep 65536 1024 1024 1
[2026-09-06 08:09:49] [DEBUG] RUNNING: taskset -c 0-71 env OMP_PLACES=cores OMP_PROC_BIND=close numactl --interleave=all ../build/cpu_param_sweep 262144 1024 1024 4
[2026-09-06 08:09:52] [DEBUG] RUNNING: taskset -c 0-71 env OMP_PLACES=cores OMP_PROC_BIND=close numactl --interleave=all ../build/cpu_param_sweep 262144 1024 1024 72
[2026-09-06 08:09:52] [DEBUG] RUNNING: taskset -c 0-71 env OMP_PLACES=cores OMP_PROC_BIND=spread numactl --interleave=all ../build/cpu_param_sweep 65536 1024 1024 20
[2026-09-06 08:09:53] [DEBUG] RUNNING: taskset -c 0-71 env OMP_PLACES=cores OMP_PROC_BIND=spread numactl --interleave=all ../build/cpu_param_sweep 262144 1024 1024 16
[2026-09-06 08:09:53] [DEBUG] RUNNING: taskset -c 0-71 env OMP_PLACES=cores OMP_PROC_BIND=close numactl --interleave=all ../build/cpu_param_sweep 65536 1024 1024 18
[2026-09-06 08:09:54] [DEBUG] RUNNING: taskset -c 0-71 env OMP_PLACES=cores OMP_PROC_BIND=close numactl --interleave=all ../build/cpu_param_sweep 65536 1024 1024 18
[2026-09-06 08:09:54] [DEBUG] RUNNING: taskset -c 0-71 env OMP_PLACES=cores OMP_PROC_BIND=close numactl --interleave=all ../build/cpu_param_sweep 262144 1024 1024 20
[2026-09-06 08:09:55] [DEBUG] RUNNING: taskset -c 0-71 env OMP_PLACES=cores OMP_PROC_BIND=close numactl --interleave=all ../build/cpu_param_sweep 262144 1024 1024 1
[2026-09-06 08:10:04] [DEBUG] RUNNING: taskset -c 0-71 env OMP_PLACES=cores OMP_PROC_BIND=close numactl --interleave=all ../build/cpu_param_sweep 65536 1024 1024 1
[2026-09-06 08:10:06] [DEBUG] RUNNING: taskset -c 0-71 env OMP_PLACES=cores OMP_PROC_BIND=close numactl --interleave=all ../build/cpu_param_sweep 65536 1024 1024 16
[2026-09-06 08:10:06] [DEBUG] RUNNING: taskset -c 0-71 env OMP_PLACES=cores OMP_PROC_BIND=spread numactl --interleave=all ../build/cpu_param_sweep 262144 1024 1024 1
[2026-09-06 08:10:16] [DEBUG] RUNNING: taskset -c 0-71 env OMP_PLACES=cores OMP_PROC_BIND=close numactl --interleave=all ../build/cpu_param_sweep 262144 1024 1024 54
[2026-09-06 08:10:16] [DEBUG] RUNNING: taskset -c 0-71 env OMP_PLACES=cores OMP_PROC_BIND=close numactl --interleave=all ../build/cpu_param_sweep 65536 1024 1024 2
[2026-09-06 08:10:17] [DEBUG] RUNNING: taskset -c 0-71 env OMP_PLACES=cores OMP_PROC_BIND=spread numactl --interleave=all ../build/cpu_param_sweep 262144 1024 1024 4
[2026-09-06 08:10:20] [DEBUG] RUNNING: taskset -c 0-71 env OMP_PLACES=cores OMP_PROC_BIND=spread numactl --interleave=all ../build/cpu_param_sweep 65536 1024 1024 8
[2026-09-06 08:10:20] [DEBUG] RUNNING: taskset -c 0-71 env OMP_PLACES=cores OMP_PROC_BIND=close numactl --interleave=all ../build/cpu_param_sweep 262144 1024 1024 2
[2026-09-06 08:10:25] [DEBUG] RUNNING: taskset -c 0-71 env OMP_PLACES=cores OMP_PROC_BIND=spread numactl --interleave=all ../build/cpu_param_sweep 262144 1024 1024 1
[2026-09-06 08:10:34] [DEBUG] RUNNING: taskset -c 0-71 env OMP_PLACES=cores OMP_PROC_BIND=spread numactl --interleave=all ../build/cpu_param_sweep 65536 1024 1024 1
[2026-09-06 08:10:37] [DEBUG] RUNNING: taskset -c 0-71 env OMP_PLACES=cores OMP_PROC_BIND=close numactl --interleave=all ../build/cpu_param_sweep 65536 1024 1024 8
[2026-09-06 08:10:37] [DEBUG] RUNNING: taskset -c 0-71 env OMP_PLACES=cores OMP_PROC_BIND=spread numactl --interleave=all ../build/cpu_param_sweep 262144 1024 1024 2
[2026-09-06 08:10:42] [DEBUG] RUNNING: taskset -c 0-71 env OMP_PLACES=cores OMP_PROC_BIND=close numactl --interleave=all ../build/cpu_param_sweep 262144 1024 1024 54
[2026-09-06 08:10:43] [DEBUG] RUNNING: taskset -c 0-71 env OMP_PLACES=cores OMP_PROC_BIND=close numactl --interleave=all ../build/cpu_param_sweep 65536 1024 1024 72
[2026-09-06 08:10:43] [DEBUG] RUNNING: taskset -c 0-71 env OMP_PLACES=cores OMP_PROC_BIND=close numactl --interleave=all ../build/cpu_param_sweep 65536 1024 1024 20
[2026-09-06 08:10:43] [DEBUG] RUNNING: taskset -c 0-71 env OMP_PLACES=cores OMP_PROC_BIND=close numactl --interleave=all ../build/cpu_param_sweep 262144 1024 1024 10
[2026-09-06 08:10:44] [DEBUG] RUNNING: taskset -c 0-71 env OMP_PLACES=cores OMP_PROC_BIND=close numactl --interleave=all ../build/cpu_param_sweep 262144 1024 1024 8
[2026-09-06 08:10:46] [DEBUG] RUNNING: taskset -c 0-71 env OMP_PLACES=cores OMP_PROC_BIND=spread numactl --interleave=all ../build/cpu_param_sweep 65536 1024 1024 16
[2026-09-06 08:10:46] [DEBUG] RUNNING: taskset -c 0-71 env OMP_PLACES=cores OMP_PROC_BIND=spread numactl --interleave=all ../build/cpu_param_sweep 65536 1024 1024 1
[2026-09-06 08:10:48] [DEBUG] RUNNING: taskset -c 0-71 env OMP_PLACES=cores OMP_PROC_BIND=spread numactl --interleave=all ../build/cpu_param_sweep 65536 1024 1024 8
[2026-09-06 08:10:49] [DEBUG] RUNNING: taskset -c 0-71 env OMP_PLACES=cores OMP_PROC_BIND=spread numactl --interleave=all ../build/cpu_param_sweep 65536 1024 1024 2
[2026-09-06 08:10:50] [DEBUG] RUNNING: taskset -c 0-71 env OMP_PLACES=cores OMP_PROC_BIND=spread numactl --interleave=all ../build/cpu_param_sweep 262144 1024 1024 18
[2026-09-06 08:10:51] [DEBUG] RUNNING: taskset -c 0-71 env OMP_PLACES=cores OMP_PROC_BIND=close numactl --interleave=all ../build/cpu_param_sweep 65536 1024 1024 4
[2026-09-06 08:10:52] [DEBUG] RUNNING: taskset -c 0-71 env OMP_PLACES=cores OMP_PROC_BIND=close numactl --interleave=all ../build/cpu_param_sweep 65536 1024 1024 1
[2026-09-06 08:10:54] [DEBUG] RUNNING: taskset -c 0-71 env OMP_PLACES=cores OMP_PROC_BIND=close numactl --interleave=all ../build/cpu_param_sweep 262144 1024 1024 16
[2026-09-06 08:10:55] [DEBUG] RUNNING: taskset -c 0-71 env OMP_PLACES=cores OMP_PROC_BIND=spread numactl --interleave=all ../build/cpu_param_sweep 65536 1024 1024 4
[2026-09-06 08:10:55] [DEBUG] RUNNING: taskset -c 0-71 env OMP_PLACES=cores OMP_PROC_BIND=close numactl --interleave=all ../build/cpu_param_sweep 262144 1024 1024 36
[2026-09-06 08:10:56] [DEBUG] RUNNING: taskset -c 0-71 env OMP_PLACES=cores OMP_PROC_BIND=spread numactl --interleave=all ../build/cpu_param_sweep 65536 1024 1024 4
[2026-09-06 08:10:56] [DEBUG] RUNNING: taskset -c 0-71 env OMP_PLACES=cores OMP_PROC_BIND=close numactl --interleave=all ../build/cpu_param_sweep 65536 1024 1024 2
[2026-09-06 08:10:57] [DEBUG] RUNNING: taskset -c 0-71 env OMP_PLACES=cores OMP_PROC_BIND=close numactl --interleave=all ../build/cpu_param_sweep 262144 1024 1024 4
[2026-09-06 08:11:00] [DEBUG] RUNNING: taskset -c 0-71 env OMP_PLACES=cores OMP_PROC_BIND=spread numactl --interleave=all ../build/cpu_param_sweep 262144 1024 1024 10
[2026-09-06 08:11:02] [DEBUG] RUNNING: taskset -c 0-71 env OMP_PLACES=cores OMP_PROC_BIND=spread numactl --interleave=all ../build/cpu_param_sweep 262144 1024 1024 10
[2026-09-06 08:11:03] [DEBUG] RUNNING: taskset -c 0-71 env OMP_PLACES=cores OMP_PROC_BIND=spread numactl --interleave=all ../build/cpu_param_sweep 65536 1024 1024 54
[2026-09-06 08:11:03] [DEBUG] RUNNING: taskset -c 0-71 env OMP_PLACES=cores OMP_PROC_BIND=spread numactl --interleave=all ../build/cpu_param_sweep 262144 1024 1024 72
[2026-09-06 08:11:04] [DEBUG] RUNNING: taskset -c 0-71 env OMP_PLACES=cores OMP_PROC_BIND=close numactl --interleave=all ../build/cpu_param_sweep 262144 1024 1024 18
[2026-09-06 08:11:05] [DEBUG] RUNNING: taskset -c 0-71 env OMP_PLACES=cores OMP_PROC_BIND=close numactl --interleave=all ../build/cpu_param_sweep 262144 1024 1024 18
[2026-09-06 08:11:05] [DEBUG] RUNNING: taskset -c 0-71 env OMP_PLACES=cores OMP_PROC_BIND=close numactl --interleave=all ../build/cpu_param_sweep 65536 1024 1024 16
[2026-09-06 08:11:06] [DEBUG] RUNNING: taskset -c 0-71 env OMP_PLACES=cores OMP_PROC_BIND=spread numactl --interleave=all ../build/cpu_param_sweep 65536 1024 1024 36
[2026-09-06 08:11:06] [DEBUG] RUNNING: taskset -c 0-71 env OMP_PLACES=cores OMP_PROC_BIND=spread numactl --interleave=all ../build/cpu_param_sweep 65536 1024 1024 72
[2026-09-06 08:11:06] [DEBUG] RUNNING: taskset -c 0-71 env OMP_PLACES=cores OMP_PROC_BIND=close numactl --interleave=all ../build/cpu_param_sweep 262144 1024 1024 2
[2026-09-06 08:11:11] [DEBUG] RUNNING: taskset -c 0-71 env OMP_PLACES=cores OMP_PROC_BIND=close numactl --interleave=all ../build/cpu_param_sweep 262144 1024 1024 10
[2026-09-06 08:11:12] [DEBUG] RUNNING: taskset -c 0-71 env OMP_PLACES=cores OMP_PROC_BIND=close numactl --interleave=all ../build/cpu_param_sweep 65536 1024 1024 8
[2026-09-06 08:11:12] [DEBUG] RUNNING: taskset -c 0-71 env OMP_PLACES=cores OMP_PROC_BIND=close numactl --interleave=all ../build/cpu_param_sweep 65536 1024 1024 10
[2026-09-06 08:11:13] [DEBUG] RUNNING: taskset -c 0-71 env OMP_PLACES=cores OMP_PROC_BIND=spread numactl --interleave=all ../build/cpu_param_sweep 65536 1024 1024 54
[2026-09-06 08:11:13] [DEBUG] RUNNING: taskset -c 0-71 env OMP_PLACES=cores OMP_PROC_BIND=close numactl --interleave=all ../build/cpu_param_sweep 262144 1024 1024 54
[2026-09-06 08:11:13] [DEBUG] RUNNING: taskset -c 0-71 env OMP_PLACES=cores OMP_PROC_BIND=spread numactl --interleave=all ../build/cpu_param_sweep 262144 1024 1024 54
[2026-09-06 08:11:14] [INFO] BUILDING: make -C ../ -f Makefile -B build/cpu_param_sweep GPU=NONE CC=clang OPT=-O3 APPLY_LTO=1 MARCH=native LIBPOPCNT=1 CPU_TILE=32 BITVECTOR_TILE=1024 BUFFER_SIZE=4096 OUTER_ROW_NUM=2 OUTER_COL_NUM=1 OUTER_VEC_BLK=4
[2026-09-06 08:11:25] [DEBUG] RUNNING: taskset -c 0-71 env OMP_PLACES=cores OMP_PROC_BIND=spread numactl --interleave=all ../build/cpu_param_sweep 65536 1024 1024 10
[2026-09-06 08:11:25] [DEBUG] RUNNING: taskset -c 0-71 env OMP_PLACES=cores OMP_PROC_BIND=close numactl --interleave=all ../build/cpu_param_sweep 262144 1024 1024 4
[2026-09-06 08:11:28] [DEBUG] RUNNING: taskset -c 0-71 env OMP_PLACES=cores OMP_PROC_BIND=close numactl --interleave=all ../build/cpu_param_sweep 65536 1024 1024 36
[2026-09-06 08:11:28] [DEBUG] RUNNING: taskset -c 0-71 env OMP_PLACES=cores OMP_PROC_BIND=close numactl --interleave=all ../build/cpu_param_sweep 262144 1024 1024 20
[2026-09-06 08:11:29] [DEBUG] RUNNING: taskset -c 0-71 env OMP_PLACES=cores OMP_PROC_BIND=close numactl --interleave=all ../build/cpu_param_sweep 262144 1024 1024 36
[2026-09-06 08:11:30] [DEBUG] RUNNING: taskset -c 0-71 env OMP_PLACES=cores OMP_PROC_BIND=close numactl --interleave=all ../build/cpu_param_sweep 262144 1024 1024 16
[2026-09-06 08:11:31] [DEBUG] RUNNING: taskset -c 0-71 env OMP_PLACES=cores OMP_PROC_BIND=spread numactl --interleave=all ../build/cpu_param_sweep 262144 1024 1024 20
[2026-09-06 08:11:32] [DEBUG] RUNNING: taskset -c 0-71 env OMP_PLACES=cores OMP_PROC_BIND=spread numactl --interleave=all ../build/cpu_param_sweep 65536 1024 1024 20
[2026-09-06 08:11:32] [DEBUG] RUNNING: taskset -c 0-71 env OMP_PLACES=cores OMP_PROC_BIND=close numactl --interleave=all ../build/cpu_param_sweep 65536 1024 1024 20
[2026-09-06 08:11:32] [DEBUG] RUNNING: taskset -c 0-71 env OMP_PLACES=cores OMP_PROC_BIND=spread numactl --interleave=all ../build/cpu_param_sweep 262144 1024 1024 16
[2026-09-06 08:11:33] [DEBUG] RUNNING: taskset -c 0-71 env OMP_PLACES=cores OMP_PROC_BIND=spread numactl --interleave=all ../build/cpu_param_sweep 262144 1024 1024 10
[2026-09-06 08:11:35] [DEBUG] RUNNING: taskset -c 0-71 env OMP_PLACES=cores OMP_PROC_BIND=spread numactl --interleave=all ../build/cpu_param_sweep 65536 1024 1024 8
[2026-09-06 08:11:35] [DEBUG] RUNNING: taskset -c 0-71 env OMP_PLACES=cores OMP_PROC_BIND=close numactl --interleave=all ../build/cpu_param_sweep 262144 1024 1024 20
[2026-09-06 08:11:36] [DEBUG] RUNNING: taskset -c 0-71 env OMP_PLACES=cores OMP_PROC_BIND=spread numactl --interleave=all ../build/cpu_param_sweep 262144 1024 1024 18
[2026-09-06 08:11:37] [DEBUG] RUNNING: taskset -c 0-71 env OMP_PLACES=cores OMP_PROC_BIND=spread numactl --interleave=all ../build/cpu_param_sweep 262144 1024 1024 2
[2026-09-06 08:11:43] [DEBUG] RUNNING: taskset -c 0-71 env OMP_PLACES=cores OMP_PROC_BIND=close numactl --interleave=all ../build/cpu_param_sweep 262144 1024 1024 2
[2026-09-06 08:11:49] [DEBUG] RUNNING: taskset -c 0-71 env OMP_PLACES=cores OMP_PROC_BIND=close numactl --interleave=all ../build/cpu_param_sweep 65536 1024 1024 10
[2026-09-06 08:11:49] [DEBUG] RUNNING: taskset -c 0-71 env OMP_PLACES=cores OMP_PROC_BIND=spread numactl --interleave=all ../build/cpu_param_sweep 65536 1024 1024 18
[2026-09-06 08:11:49] [DEBUG] RUNNING: taskset -c 0-71 env OMP_PLACES=cores OMP_PROC_BIND=close numactl --interleave=all ../build/cpu_param_sweep 262144 1024 1024 8
[2026-09-06 08:11:51] [DEBUG] RUNNING: taskset -c 0-71 env OMP_PLACES=cores OMP_PROC_BIND=close numactl --interleave=all ../build/cpu_param_sweep 262144 1024 1024 72
[2026-09-06 08:11:52] [DEBUG] RUNNING: taskset -c 0-71 env OMP_PLACES=cores OMP_PROC_BIND=close numactl --interleave=all ../build/cpu_param_sweep 65536 1024 1024 36
[2026-09-06 08:11:52] [DEBUG] RUNNING: taskset -c 0-71 env OMP_PLACES=cores OMP_PROC_BIND=spread numactl --interleave=all ../build/cpu_param_sweep 262144 1024 1024 8
[2026-09-06 08:11:54] [DEBUG] RUNNING: taskset -c 0-71 env OMP_PLACES=cores OMP_PROC_BIND=spread numactl --interleave=all ../build/cpu_param_sweep 65536 1024 1024 72
[2026-09-06 08:11:54] [DEBUG] RUNNING: taskset -c 0-71 env OMP_PLACES=cores OMP_PROC_BIND=spread numactl --interleave=all ../build/cpu_param_sweep 262144 1024 1024 36
[2026-09-06 08:11:54] [DEBUG] RUNNING: taskset -c 0-71 env OMP_PLACES=cores OMP_PROC_BIND=close numactl --interleave=all ../build/cpu_param_sweep 262144 1024 1024 1
[2026-09-06 08:12:06] [DEBUG] RUNNING: taskset -c 0-71 env OMP_PLACES=cores OMP_PROC_BIND=spread numactl --interleave=all ../build/cpu_param_sweep 262144 1024 1024 36
[2026-09-06 08:12:06] [DEBUG] RUNNING: taskset -c 0-71 env OMP_PLACES=cores OMP_PROC_BIND=spread numactl --interleave=all ../build/cpu_param_sweep 65536 1024 1024 4
[2026-09-06 08:12:07] [DEBUG] RUNNING: taskset -c 0-71 env OMP_PLACES=cores OMP_PROC_BIND=close numactl --interleave=all ../build/cpu_param_sweep 65536 1024 1024 2
[2026-09-06 08:12:08] [DEBUG] RUNNING: taskset -c 0-71 env OMP_PLACES=cores OMP_PROC_BIND=close numactl --interleave=all ../build/cpu_param_sweep 65536 1024 1024 72
[2026-09-06 08:12:09] [DEBUG] RUNNING: taskset -c 0-71 env OMP_PLACES=cores OMP_PROC_BIND=spread numactl --interleave=all ../build/cpu_param_sweep 65536 1024 1024 72
[2026-09-06 08:12:09] [DEBUG] RUNNING: taskset -c 0-71 env OMP_PLACES=cores OMP_PROC_BIND=spread numactl --interleave=all ../build/cpu_param_sweep 65536 1024 1024 36
[2026-09-06 08:12:09] [DEBUG] RUNNING: taskset -c 0-71 env OMP_PLACES=cores OMP_PROC_BIND=spread numactl --interleave=all ../build/cpu_param_sweep 262144 1024 1024 36
[2026-09-06 08:12:09] [DEBUG] RUNNING: taskset -c 0-71 env OMP_PLACES=cores OMP_PROC_BIND=close numactl --interleave=all ../build/cpu_param_sweep 262144 1024 1024 10
[2026-09-06 08:12:11] [DEBUG] RUNNING: taskset -c 0-71 env OMP_PLACES=cores OMP_PROC_BIND=spread numactl --interleave=all ../build/cpu_param_sweep 262144 1024 1024 72
[2026-09-06 08:12:12] [DEBUG] RUNNING: taskset -c 0-71 env OMP_PLACES=cores OMP_PROC_BIND=close numactl --interleave=all ../build/cpu_param_sweep 262144 1024 1024 16
[2026-09-06 08:12:13] [DEBUG] RUNNING: taskset -c 0-71 env OMP_PLACES=cores OMP_PROC_BIND=spread numactl --interleave=all ../build/cpu_param_sweep 262144 1024 1024 72
[2026-09-06 08:12:14] [DEBUG] RUNNING: taskset -c 0-71 env OMP_PLACES=cores OMP_PROC_BIND=spread numactl --interleave=all ../build/cpu_param_sweep 65536 1024 1024 54
[2026-09-06 08:12:14] [DEBUG] RUNNING: taskset -c 0-71 env OMP_PLACES=cores OMP_PROC_BIND=spread numactl --interleave=all ../build/cpu_param_sweep 262144 1024 1024 54
[2026-09-06 08:12:15] [DEBUG] RUNNING: taskset -c 0-71 env OMP_PLACES=cores OMP_PROC_BIND=spread numactl --interleave=all ../build/cpu_param_sweep 262144 1024 1024 2
[2026-09-06 08:12:21] [DEBUG] RUNNING: taskset -c 0-71 env OMP_PLACES=cores OMP_PROC_BIND=close numactl --interleave=all ../build/cpu_param_sweep 65536 1024 1024 20
[2026-09-06 08:12:21] [DEBUG] RUNNING: taskset -c 0-71 env OMP_PLACES=cores OMP_PROC_BIND=spread numactl --interleave=all ../build/cpu_param_sweep 65536 1024 1024 16
[2026-09-06 08:12:21] [DEBUG] RUNNING: taskset -c 0-71 env OMP_PLACES=cores OMP_PROC_BIND=close numactl --interleave=all ../build/cpu_param_sweep 262144 1024 1024 8
[2026-09-06 08:12:23] [DEBUG] RUNNING: taskset -c 0-71 env OMP_PLACES=cores OMP_PROC_BIND=close numactl --interleave=all ../build/cpu_param_sweep 262144 1024 1024 18
[2026-09-06 08:12:24] [DEBUG] RUNNING: taskset -c 0-71 env OMP_PLACES=cores OMP_PROC_BIND=close numactl --interleave=all ../build/cpu_param_sweep 65536 1024 1024 54
[2026-09-06 08:12:24] [DEBUG] RUNNING: taskset -c 0-71 env OMP_PLACES=cores OMP_PROC_BIND=spread numactl --interleave=all ../build/cpu_param_sweep 262144 1024 1024 20
[2026-09-06 08:12:25] [DEBUG] RUNNING: taskset -c 0-71 env OMP_PLACES=cores OMP_PROC_BIND=spread numactl --interleave=all ../build/cpu_param_sweep 65536 1024 1024 20
[2026-09-06 08:12:25] [DEBUG] RUNNING: taskset -c 0-71 env OMP_PLACES=cores OMP_PROC_BIND=close numactl --interleave=all ../build/cpu_param_sweep 65536 1024 1024 4
[2026-09-06 08:12:26] [DEBUG] RUNNING: taskset -c 0-71 env OMP_PLACES=cores OMP_PROC_BIND=close numactl --interleave=all ../build/cpu_param_sweep 65536 1024 1024 54
[2026-09-06 08:12:26] [DEBUG] RUNNING: taskset -c 0-71 env OMP_PLACES=cores OMP_PROC_BIND=close numactl --interleave=all ../build/cpu_param_sweep 65536 1024 1024 4
[2026-09-06 08:12:26] [DEBUG] RUNNING: taskset -c 0-71 env OMP_PLACES=cores OMP_PROC_BIND=spread numactl --interleave=all ../build/cpu_param_sweep 65536 1024 1024 2
[2026-09-06 08:12:28] [DEBUG] RUNNING: taskset -c 0-71 env OMP_PLACES=cores OMP_PROC_BIND=spread numactl --interleave=all ../build/cpu_param_sweep 262144 1024 1024 20
[2026-09-06 08:12:29] [DEBUG] RUNNING: taskset -c 0-71 env OMP_PLACES=cores OMP_PROC_BIND=spread numactl --interleave=all ../build/cpu_param_sweep 262144 1024 1024 8
[2026-09-06 08:12:30] [DEBUG] RUNNING: taskset -c 0-71 env OMP_PLACES=cores OMP_PROC_BIND=close numactl --interleave=all ../build/cpu_param_sweep 65536 1024 1024 72
[2026-09-06 08:12:31] [DEBUG] RUNNING: taskset -c 0-71 env OMP_PLACES=cores OMP_PROC_BIND=close numactl --interleave=all ../build/cpu_param_sweep 65536 1024 1024 54
[2026-09-06 08:12:31] [DEBUG] RUNNING: taskset -c 0-71 env OMP_PLACES=cores OMP_PROC_BIND=close numactl --interleave=all ../build/cpu_param_sweep 262144 1024 1024 1
[2026-09-06 08:12:42] [DEBUG] RUNNING: taskset -c 0-71 env OMP_PLACES=cores OMP_PROC_BIND=close numactl --interleave=all ../build/cpu_param_sweep 65536 1024 1024 36
[2026-09-06 08:12:43] [DEBUG] RUNNING: taskset -c 0-71 env OMP_PLACES=cores OMP_PROC_BIND=spread numactl --interleave=all ../build/cpu_param_sweep 262144 1024 1024 18
[2026-09-06 08:12:44] [DEBUG] RUNNING: taskset -c 0-71 env OMP_PLACES=cores OMP_PROC_BIND=close numactl --interleave=all ../build/cpu_param_sweep 65536 1024 1024 16
[2026-09-06 08:12:44] [DEBUG] RUNNING: taskset -c 0-71 env OMP_PLACES=cores OMP_PROC_BIND=close numactl --interleave=all ../build/cpu_param_sweep 65536 1024 1024 1
[2026-09-06 08:12:46] [DEBUG] RUNNING: taskset -c 0-71 env OMP_PLACES=cores OMP_PROC_BIND=close numactl --interleave=all ../build/cpu_param_sweep 65536 1024 1024 18
[2026-09-06 08:12:46] [DEBUG] RUNNING: taskset -c 0-71 env OMP_PLACES=cores OMP_PROC_BIND=close numactl --interleave=all ../build/cpu_param_sweep 262144 1024 1024 72
[2026-09-06 08:12:47] [DEBUG] RUNNING: taskset -c 0-71 env OMP_PLACES=cores OMP_PROC_BIND=spread numactl --interleave=all ../build/cpu_param_sweep 65536 1024 1024 10
[2026-09-06 08:12:48] [DEBUG] RUNNING: taskset -c 0-71 env OMP_PLACES=cores OMP_PROC_BIND=close numactl --interleave=all ../build/cpu_param_sweep 65536 1024 1024 8
[2026-09-06 08:12:48] [DEBUG] RUNNING: taskset -c 0-71 env OMP_PLACES=cores OMP_PROC_BIND=spread numactl --interleave=all ../build/cpu_param_sweep 65536 1024 1024 16
[2026-09-06 08:12:48] [DEBUG] RUNNING: taskset -c 0-71 env OMP_PLACES=cores OMP_PROC_BIND=spread numactl --interleave=all ../build/cpu_param_sweep 262144 1024 1024 8
[2026-09-06 08:12:50] [DEBUG] RUNNING: taskset -c 0-71 env OMP_PLACES=cores OMP_PROC_BIND=spread numactl --interleave=all ../build/cpu_param_sweep 65536 1024 1024 36
[2026-09-06 08:12:50] [DEBUG] RUNNING: taskset -c 0-71 env OMP_PLACES=cores OMP_PROC_BIND=spread numactl --interleave=all ../build/cpu_param_sweep 262144 1024 1024 4
[2026-09-06 08:12:53] [DEBUG] RUNNING: taskset -c 0-71 env OMP_PLACES=cores OMP_PROC_BIND=spread numactl --interleave=all ../build/cpu_param_sweep 262144 1024 1024 54
[2026-09-06 08:12:54] [DEBUG] RUNNING: taskset -c 0-71 env OMP_PLACES=cores OMP_PROC_BIND=spread numactl --interleave=all ../build/cpu_param_sweep 65536 1024 1024 18
[2026-09-06 08:12:54] [DEBUG] RUNNING: taskset -c 0-71 env OMP_PLACES=cores OMP_PROC_BIND=spread numactl --interleave=all ../build/cpu_param_sweep 65536 1024 1024 10
[2026-09-06 08:12:55] [DEBUG] RUNNING: taskset -c 0-71 env OMP_PLACES=cores OMP_PROC_BIND=close numactl --interleave=all ../build/cpu_param_sweep 262144 1024 1024 36
[2026-09-06 08:12:55] [DEBUG] RUNNING: taskset -c 0-71 env OMP_PLACES=cores OMP_PROC_BIND=spread numactl --interleave=all ../build/cpu_param_sweep 262144 1024 1024 4
[2026-09-06 08:12:58] [DEBUG] RUNNING: taskset -c 0-71 env OMP_PLACES=cores OMP_PROC_BIND=spread numactl --interleave=all ../build/cpu_param_sweep 65536 1024 1024 18
[2026-09-06 08:12:58] [DEBUG] RUNNING: taskset -c 0-71 env OMP_PLACES=cores OMP_PROC_BIND=spread numactl --interleave=all ../build/cpu_param_sweep 262144 1024 1024 16
[2026-09-06 08:12:59] [DEBUG] RUNNING: taskset -c 0-71 env OMP_PLACES=cores OMP_PROC_BIND=close numactl --interleave=all ../build/cpu_param_sweep 65536 1024 1024 10
[2026-09-06 08:13:00] [DEBUG] RUNNING: taskset -c 0-71 env OMP_PLACES=cores OMP_PROC_BIND=spread numactl --interleave=all ../build/cpu_param_sweep 65536 1024 1024 2
[2026-09-06 08:13:01] [DEBUG] RUNNING: taskset -c 0-71 env OMP_PLACES=cores OMP_PROC_BIND=spread numactl --interleave=all ../build/cpu_param_sweep 262144 1024 1024 1
[2026-09-06 08:13:12] [DEBUG] RUNNING: taskset -c 0-71 env OMP_PLACES=cores OMP_PROC_BIND=spread numactl --interleave=all ../build/cpu_param_sweep 65536 1024 1024 1
[2026-09-06 08:13:15] [DEBUG] RUNNING: taskset -c 0-71 env OMP_PLACES=cores OMP_PROC_BIND=close numactl --interleave=all ../build/cpu_param_sweep 262144 1024 1024 4
[2026-09-06 08:13:18] [DEBUG] RUNNING: taskset -c 0-71 env OMP_PLACES=cores OMP_PROC_BIND=close numactl --interleave=all ../build/cpu_param_sweep 262144 1024 1024 72
[2026-09-06 08:13:19] [DEBUG] RUNNING: taskset -c 0-71 env OMP_PLACES=cores OMP_PROC_BIND=spread numactl --interleave=all ../build/cpu_param_sweep 65536 1024 1024 20
[2026-09-06 08:13:19] [DEBUG] RUNNING: taskset -c 0-71 env OMP_PLACES=cores OMP_PROC_BIND=spread numactl --interleave=all ../build/cpu_param_sweep 262144 1024 1024 16
[2026-09-06 08:13:20] [DEBUG] RUNNING: taskset -c 0-71 env OMP_PLACES=cores OMP_PROC_BIND=close numactl --interleave=all ../build/cpu_param_sweep 65536 1024 1024 18
[2026-09-06 08:13:20] [DEBUG] RUNNING: taskset -c 0-71 env OMP_PLACES=cores OMP_PROC_BIND=close numactl --interleave=all ../build/cpu_param_sweep 65536 1024 1024 18
[2026-09-06 08:13:20] [DEBUG] RUNNING: taskset -c 0-71 env OMP_PLACES=cores OMP_PROC_BIND=close numactl --interleave=all ../build/cpu_param_sweep 262144 1024 1024 20
[2026-09-06 08:13:21] [DEBUG] RUNNING: taskset -c 0-71 env OMP_PLACES=cores OMP_PROC_BIND=close numactl --interleave=all ../build/cpu_param_sweep 262144 1024 1024 1
[2026-09-06 08:13:33] [DEBUG] RUNNING: taskset -c 0-71 env OMP_PLACES=cores OMP_PROC_BIND=close numactl --interleave=all ../build/cpu_param_sweep 65536 1024 1024 1
[2026-09-06 08:13:35] [DEBUG] RUNNING: taskset -c 0-71 env OMP_PLACES=cores OMP_PROC_BIND=close numactl --interleave=all ../build/cpu_param_sweep 65536 1024 1024 16
[2026-09-06 08:13:35] [DEBUG] RUNNING: taskset -c 0-71 env OMP_PLACES=cores OMP_PROC_BIND=spread numactl --interleave=all ../build/cpu_param_sweep 262144 1024 1024 1
[2026-09-06 08:13:47] [DEBUG] RUNNING: taskset -c 0-71 env OMP_PLACES=cores OMP_PROC_BIND=close numactl --interleave=all ../build/cpu_param_sweep 262144 1024 1024 54
[2026-09-06 08:13:48] [DEBUG] RUNNING: taskset -c 0-71 env OMP_PLACES=cores OMP_PROC_BIND=close numactl --interleave=all ../build/cpu_param_sweep 65536 1024 1024 2
[2026-09-06 08:13:49] [DEBUG] RUNNING: taskset -c 0-71 env OMP_PLACES=cores OMP_PROC_BIND=spread numactl --interleave=all ../build/cpu_param_sweep 262144 1024 1024 4
[2026-09-06 08:13:52] [DEBUG] RUNNING: taskset -c 0-71 env OMP_PLACES=cores OMP_PROC_BIND=spread numactl --interleave=all ../build/cpu_param_sweep 65536 1024 1024 8
[2026-09-06 08:13:53] [DEBUG] RUNNING: taskset -c 0-71 env OMP_PLACES=cores OMP_PROC_BIND=close numactl --interleave=all ../build/cpu_param_sweep 262144 1024 1024 2
[2026-09-06 08:13:59] [DEBUG] RUNNING: taskset -c 0-71 env OMP_PLACES=cores OMP_PROC_BIND=spread numactl --interleave=all ../build/cpu_param_sweep 262144 1024 1024 1
[2026-09-06 08:14:10] [DEBUG] RUNNING: taskset -c 0-71 env OMP_PLACES=cores OMP_PROC_BIND=spread numactl --interleave=all ../build/cpu_param_sweep 65536 1024 1024 1
[2026-09-06 08:14:13] [DEBUG] RUNNING: taskset -c 0-71 env OMP_PLACES=cores OMP_PROC_BIND=close numactl --interleave=all ../build/cpu_param_sweep 65536 1024 1024 8
[2026-09-06 08:14:13] [DEBUG] RUNNING: taskset -c 0-71 env OMP_PLACES=cores OMP_PROC_BIND=spread numactl --interleave=all ../build/cpu_param_sweep 262144 1024 1024 2
[2026-09-06 08:14:19] [DEBUG] RUNNING: taskset -c 0-71 env OMP_PLACES=cores OMP_PROC_BIND=close numactl --interleave=all ../build/cpu_param_sweep 262144 1024 1024 54
[2026-09-06 08:14:20] [DEBUG] RUNNING: taskset -c 0-71 env OMP_PLACES=cores OMP_PROC_BIND=close numactl --interleave=all ../build/cpu_param_sweep 65536 1024 1024 72
[2026-09-06 08:14:20] [DEBUG] RUNNING: taskset -c 0-71 env OMP_PLACES=cores OMP_PROC_BIND=close numactl --interleave=all ../build/cpu_param_sweep 65536 1024 1024 20
[2026-09-06 08:14:20] [DEBUG] RUNNING: taskset -c 0-71 env OMP_PLACES=cores OMP_PROC_BIND=close numactl --interleave=all ../build/cpu_param_sweep 262144 1024 1024 10
[2026-09-06 08:14:22] [DEBUG] RUNNING: taskset -c 0-71 env OMP_PLACES=cores OMP_PROC_BIND=close numactl --interleave=all ../build/cpu_param_sweep 262144 1024 1024 8
[2026-09-06 08:14:24] [DEBUG] RUNNING: taskset -c 0-71 env OMP_PLACES=cores OMP_PROC_BIND=spread numactl --interleave=all ../build/cpu_param_sweep 65536 1024 1024 16
[2026-09-06 08:14:24] [DEBUG] RUNNING: taskset -c 0-71 env OMP_PLACES=cores OMP_PROC_BIND=spread numactl --interleave=all ../build/cpu_param_sweep 65536 1024 1024 1
[2026-09-06 08:14:26] [DEBUG] RUNNING: taskset -c 0-71 env OMP_PLACES=cores OMP_PROC_BIND=spread numactl --interleave=all ../build/cpu_param_sweep 65536 1024 1024 8
[2026-09-06 08:14:27] [DEBUG] RUNNING: taskset -c 0-71 env OMP_PLACES=cores OMP_PROC_BIND=spread numactl --interleave=all ../build/cpu_param_sweep 65536 1024 1024 2
[2026-09-06 08:14:28] [DEBUG] RUNNING: taskset -c 0-71 env OMP_PLACES=cores OMP_PROC_BIND=spread numactl --interleave=all ../build/cpu_param_sweep 262144 1024 1024 18
[2026-09-06 08:14:29] [DEBUG] RUNNING: taskset -c 0-71 env OMP_PLACES=cores OMP_PROC_BIND=close numactl --interleave=all ../build/cpu_param_sweep 65536 1024 1024 4
[2026-09-06 08:14:30] [DEBUG] RUNNING: taskset -c 0-71 env OMP_PLACES=cores OMP_PROC_BIND=close numactl --interleave=all ../build/cpu_param_sweep 65536 1024 1024 1
[2026-09-06 08:14:32] [DEBUG] RUNNING: taskset -c 0-71 env OMP_PLACES=cores OMP_PROC_BIND=close numactl --interleave=all ../build/cpu_param_sweep 262144 1024 1024 16
[2026-09-06 08:14:33] [DEBUG] RUNNING: taskset -c 0-71 env OMP_PLACES=cores OMP_PROC_BIND=spread numactl --interleave=all ../build/cpu_param_sweep 65536 1024 1024 4
[2026-09-06 08:14:33] [DEBUG] RUNNING: taskset -c 0-71 env OMP_PLACES=cores OMP_PROC_BIND=close numactl --interleave=all ../build/cpu_param_sweep 262144 1024 1024 36
[2026-09-06 08:14:34] [DEBUG] RUNNING: taskset -c 0-71 env OMP_PLACES=cores OMP_PROC_BIND=spread numactl --interleave=all ../build/cpu_param_sweep 65536 1024 1024 4
[2026-09-06 08:14:35] [DEBUG] RUNNING: taskset -c 0-71 env OMP_PLACES=cores OMP_PROC_BIND=close numactl --interleave=all ../build/cpu_param_sweep 65536 1024 1024 2
[2026-09-06 08:14:36] [DEBUG] RUNNING: taskset -c 0-71 env OMP_PLACES=cores OMP_PROC_BIND=close numactl --interleave=all ../build/cpu_param_sweep 262144 1024 1024 4
[2026-09-06 08:14:39] [DEBUG] RUNNING: taskset -c 0-71 env OMP_PLACES=cores OMP_PROC_BIND=spread numactl --interleave=all ../build/cpu_param_sweep 262144 1024 1024 10
[2026-09-06 08:14:41] [DEBUG] RUNNING: taskset -c 0-71 env OMP_PLACES=cores OMP_PROC_BIND=spread numactl --interleave=all ../build/cpu_param_sweep 262144 1024 1024 10
[2026-09-06 08:14:42] [DEBUG] RUNNING: taskset -c 0-71 env OMP_PLACES=cores OMP_PROC_BIND=spread numactl --interleave=all ../build/cpu_param_sweep 65536 1024 1024 54
[2026-09-06 08:14:42] [DEBUG] RUNNING: taskset -c 0-71 env OMP_PLACES=cores OMP_PROC_BIND=spread numactl --interleave=all ../build/cpu_param_sweep 262144 1024 1024 72
[2026-09-06 08:14:43] [DEBUG] RUNNING: taskset -c 0-71 env OMP_PLACES=cores OMP_PROC_BIND=close numactl --interleave=all ../build/cpu_param_sweep 262144 1024 1024 18
[2026-09-06 08:14:44] [DEBUG] RUNNING: taskset -c 0-71 env OMP_PLACES=cores OMP_PROC_BIND=close numactl --interleave=all ../build/cpu_param_sweep 262144 1024 1024 18
[2026-09-06 08:14:45] [DEBUG] RUNNING: taskset -c 0-71 env OMP_PLACES=cores OMP_PROC_BIND=close numactl --interleave=all ../build/cpu_param_sweep 65536 1024 1024 16
[2026-09-06 08:14:45] [DEBUG] RUNNING: taskset -c 0-71 env OMP_PLACES=cores OMP_PROC_BIND=spread numactl --interleave=all ../build/cpu_param_sweep 65536 1024 1024 36
[2026-09-06 08:14:45] [DEBUG] RUNNING: taskset -c 0-71 env OMP_PLACES=cores OMP_PROC_BIND=spread numactl --interleave=all ../build/cpu_param_sweep 65536 1024 1024 72
[2026-09-06 08:14:46] [DEBUG] RUNNING: taskset -c 0-71 env OMP_PLACES=cores OMP_PROC_BIND=close numactl --interleave=all ../build/cpu_param_sweep 262144 1024 1024 2
[2026-09-06 08:14:51] [DEBUG] RUNNING: taskset -c 0-71 env OMP_PLACES=cores OMP_PROC_BIND=close numactl --interleave=all ../build/cpu_param_sweep 262144 1024 1024 10
[2026-09-06 08:14:53] [DEBUG] RUNNING: taskset -c 0-71 env OMP_PLACES=cores OMP_PROC_BIND=close numactl --interleave=all ../build/cpu_param_sweep 65536 1024 1024 8
[2026-09-06 08:14:53] [DEBUG] RUNNING: taskset -c 0-71 env OMP_PLACES=cores OMP_PROC_BIND=close numactl --interleave=all ../build/cpu_param_sweep 65536 1024 1024 10
[2026-09-06 08:14:54] [DEBUG] RUNNING: taskset -c 0-71 env OMP_PLACES=cores OMP_PROC_BIND=spread numactl --interleave=all ../build/cpu_param_sweep 65536 1024 1024 54
[2026-09-06 08:14:54] [DEBUG] RUNNING: taskset -c 0-71 env OMP_PLACES=cores OMP_PROC_BIND=close numactl --interleave=all ../build/cpu_param_sweep 262144 1024 1024 54
[2026-09-06 08:14:55] [DEBUG] RUNNING: taskset -c 0-71 env OMP_PLACES=cores OMP_PROC_BIND=spread numactl --interleave=all ../build/cpu_param_sweep 262144 1024 1024 54
[2026-09-06 08:14:56] [INFO] BUILDING: make -C ../ -f Makefile -B build/cpu_param_sweep GPU=NONE CC=clang OPT=-O3 APPLY_LTO=1 MARCH=native LIBPOPCNT=1 CPU_TILE=32 BITVECTOR_TILE=1024 BUFFER_SIZE=4096 OUTER_ROW_NUM=2 OUTER_COL_NUM=1 OUTER_VEC_BLK=1
[2026-09-06 08:15:06] [DEBUG] RUNNING: taskset -c 0-71 env OMP_PLACES=cores OMP_PROC_BIND=spread numactl --interleave=all ../build/cpu_param_sweep 65536 1024 1024 10
[2026-09-06 08:15:06] [DEBUG] RUNNING: taskset -c 0-71 env OMP_PLACES=cores OMP_PROC_BIND=close numactl --interleave=all ../build/cpu_param_sweep 262144 1024 1024 4
[2026-09-06 08:15:10] [DEBUG] RUNNING: taskset -c 0-71 env OMP_PLACES=cores OMP_PROC_BIND=close numactl --interleave=all ../build/cpu_param_sweep 65536 1024 1024 36
[2026-09-06 08:15:10] [DEBUG] RUNNING: taskset -c 0-71 env OMP_PLACES=cores OMP_PROC_BIND=close numactl --interleave=all ../build/cpu_param_sweep 262144 1024 1024 20
[2026-09-06 08:15:11] [DEBUG] RUNNING: taskset -c 0-71 env OMP_PLACES=cores OMP_PROC_BIND=close numactl --interleave=all ../build/cpu_param_sweep 262144 1024 1024 36
[2026-09-06 08:15:11] [DEBUG] RUNNING: taskset -c 0-71 env OMP_PLACES=cores OMP_PROC_BIND=close numactl --interleave=all ../build/cpu_param_sweep 262144 1024 1024 16
[2026-09-06 08:15:12] [DEBUG] RUNNING: taskset -c 0-71 env OMP_PLACES=cores OMP_PROC_BIND=spread numactl --interleave=all ../build/cpu_param_sweep 262144 1024 1024 20
[2026-09-06 08:15:13] [DEBUG] RUNNING: taskset -c 0-71 env OMP_PLACES=cores OMP_PROC_BIND=spread numactl --interleave=all ../build/cpu_param_sweep 65536 1024 1024 20
[2026-09-06 08:15:13] [DEBUG] RUNNING: taskset -c 0-71 env OMP_PLACES=cores OMP_PROC_BIND=close numactl --interleave=all ../build/cpu_param_sweep 65536 1024 1024 20
[2026-09-06 08:15:13] [DEBUG] RUNNING: taskset -c 0-71 env OMP_PLACES=cores OMP_PROC_BIND=spread numactl --interleave=all ../build/cpu_param_sweep 262144 1024 1024 16
[2026-09-06 08:15:14] [DEBUG] RUNNING: taskset -c 0-71 env OMP_PLACES=cores OMP_PROC_BIND=spread numactl --interleave=all ../build/cpu_param_sweep 262144 1024 1024 10
[2026-09-06 08:15:16] [DEBUG] RUNNING: taskset -c 0-71 env OMP_PLACES=cores OMP_PROC_BIND=spread numactl --interleave=all ../build/cpu_param_sweep 65536 1024 1024 8
[2026-09-06 08:15:16] [DEBUG] RUNNING: taskset -c 0-71 env OMP_PLACES=cores OMP_PROC_BIND=close numactl --interleave=all ../build/cpu_param_sweep 262144 1024 1024 20
[2026-09-06 08:15:17] [DEBUG] RUNNING: taskset -c 0-71 env OMP_PLACES=cores OMP_PROC_BIND=spread numactl --interleave=all ../build/cpu_param_sweep 262144 1024 1024 18
[2026-09-06 08:15:18] [DEBUG] RUNNING: taskset -c 0-71 env OMP_PLACES=cores OMP_PROC_BIND=spread numactl --interleave=all ../build/cpu_param_sweep 262144 1024 1024 2
[2026-09-06 08:15:24] [DEBUG] RUNNING: taskset -c 0-71 env OMP_PLACES=cores OMP_PROC_BIND=close numactl --interleave=all ../build/cpu_param_sweep 262144 1024 1024 2
[2026-09-06 08:15:30] [DEBUG] RUNNING: taskset -c 0-71 env OMP_PLACES=cores OMP_PROC_BIND=close numactl --interleave=all ../build/cpu_param_sweep 65536 1024 1024 10
[2026-09-06 08:15:30] [DEBUG] RUNNING: taskset -c 0-71 env OMP_PLACES=cores OMP_PROC_BIND=spread numactl --interleave=all ../build/cpu_param_sweep 65536 1024 1024 18
[2026-09-06 08:15:30] [DEBUG] RUNNING: taskset -c 0-71 env OMP_PLACES=cores OMP_PROC_BIND=close numactl --interleave=all ../build/cpu_param_sweep 262144 1024 1024 8
[2026-09-06 08:15:32] [DEBUG] RUNNING: taskset -c 0-71 env OMP_PLACES=cores OMP_PROC_BIND=close numactl --interleave=all ../build/cpu_param_sweep 262144 1024 1024 72
[2026-09-06 08:15:33] [DEBUG] RUNNING: taskset -c 0-71 env OMP_PLACES=cores OMP_PROC_BIND=close numactl --interleave=all ../build/cpu_param_sweep 65536 1024 1024 36
[2026-09-06 08:15:33] [DEBUG] RUNNING: taskset -c 0-71 env OMP_PLACES=cores OMP_PROC_BIND=spread numactl --interleave=all ../build/cpu_param_sweep 262144 1024 1024 8
[2026-09-06 08:15:35] [DEBUG] RUNNING: taskset -c 0-71 env OMP_PLACES=cores OMP_PROC_BIND=spread numactl --interleave=all ../build/cpu_param_sweep 65536 1024 1024 72
[2026-09-06 08:15:35] [DEBUG] RUNNING: taskset -c 0-71 env OMP_PLACES=cores OMP_PROC_BIND=spread numactl --interleave=all ../build/cpu_param_sweep 262144 1024 1024 36
[2026-09-06 08:15:36] [DEBUG] RUNNING: taskset -c 0-71 env OMP_PLACES=cores OMP_PROC_BIND=close numactl --interleave=all ../build/cpu_param_sweep 262144 1024 1024 1
[2026-09-06 08:15:47] [DEBUG] RUNNING: taskset -c 0-71 env OMP_PLACES=cores OMP_PROC_BIND=spread numactl --interleave=all ../build/cpu_param_sweep 262144 1024 1024 36
[2026-09-06 08:15:48] [DEBUG] RUNNING: taskset -c 0-71 env OMP_PLACES=cores OMP_PROC_BIND=spread numactl --interleave=all ../build/cpu_param_sweep 65536 1024 1024 4
[2026-09-06 08:15:48] [DEBUG] RUNNING: taskset -c 0-71 env OMP_PLACES=cores OMP_PROC_BIND=close numactl --interleave=all ../build/cpu_param_sweep 65536 1024 1024 2
[2026-09-06 08:15:50] [DEBUG] RUNNING: taskset -c 0-71 env OMP_PLACES=cores OMP_PROC_BIND=close numactl --interleave=all ../build/cpu_param_sweep 65536 1024 1024 72
[2026-09-06 08:15:50] [DEBUG] RUNNING: taskset -c 0-71 env OMP_PLACES=cores OMP_PROC_BIND=spread numactl --interleave=all ../build/cpu_param_sweep 65536 1024 1024 72
[2026-09-06 08:15:50] [DEBUG] RUNNING: taskset -c 0-71 env OMP_PLACES=cores OMP_PROC_BIND=spread numactl --interleave=all ../build/cpu_param_sweep 65536 1024 1024 36
[2026-09-06 08:15:50] [DEBUG] RUNNING: taskset -c 0-71 env OMP_PLACES=cores OMP_PROC_BIND=spread numactl --interleave=all ../build/cpu_param_sweep 262144 1024 1024 36
[2026-09-06 08:15:51] [DEBUG] RUNNING: taskset -c 0-71 env OMP_PLACES=cores OMP_PROC_BIND=close numactl --interleave=all ../build/cpu_param_sweep 262144 1024 1024 10
[2026-09-06 08:15:52] [DEBUG] RUNNING: taskset -c 0-71 env OMP_PLACES=cores OMP_PROC_BIND=spread numactl --interleave=all ../build/cpu_param_sweep 262144 1024 1024 72
[2026-09-06 08:15:53] [DEBUG] RUNNING: taskset -c 0-71 env OMP_PLACES=cores OMP_PROC_BIND=close numactl --interleave=all ../build/cpu_param_sweep 262144 1024 1024 16
[2026-09-06 08:15:54] [DEBUG] RUNNING: taskset -c 0-71 env OMP_PLACES=cores OMP_PROC_BIND=spread numactl --interleave=all ../build/cpu_param_sweep 262144 1024 1024 72
[2026-09-06 08:15:55] [DEBUG] RUNNING: taskset -c 0-71 env OMP_PLACES=cores OMP_PROC_BIND=spread numactl --interleave=all ../build/cpu_param_sweep 65536 1024 1024 54
[2026-09-06 08:15:55] [DEBUG] RUNNING: taskset -c 0-71 env OMP_PLACES=cores OMP_PROC_BIND=spread numactl --interleave=all ../build/cpu_param_sweep 262144 1024 1024 54
[2026-09-06 08:15:56] [DEBUG] RUNNING: taskset -c 0-71 env OMP_PLACES=cores OMP_PROC_BIND=spread numactl --interleave=all ../build/cpu_param_sweep 262144 1024 1024 2
[2026-09-06 08:16:02] [DEBUG] RUNNING: taskset -c 0-71 env OMP_PLACES=cores OMP_PROC_BIND=close numactl --interleave=all ../build/cpu_param_sweep 65536 1024 1024 20
[2026-09-06 08:16:02] [DEBUG] RUNNING: taskset -c 0-71 env OMP_PLACES=cores OMP_PROC_BIND=spread numactl --interleave=all ../build/cpu_param_sweep 65536 1024 1024 16
[2026-09-06 08:16:02] [DEBUG] RUNNING: taskset -c 0-71 env OMP_PLACES=cores OMP_PROC_BIND=close numactl --interleave=all ../build/cpu_param_sweep 262144 1024 1024 8
[2026-09-06 08:16:04] [DEBUG] RUNNING: taskset -c 0-71 env OMP_PLACES=cores OMP_PROC_BIND=close numactl --interleave=all ../build/cpu_param_sweep 262144 1024 1024 18
[2026-09-06 08:16:05] [DEBUG] RUNNING: taskset -c 0-71 env OMP_PLACES=cores OMP_PROC_BIND=close numactl --interleave=all ../build/cpu_param_sweep 65536 1024 1024 54
[2026-09-06 08:16:05] [DEBUG] RUNNING: taskset -c 0-71 env OMP_PLACES=cores OMP_PROC_BIND=spread numactl --interleave=all ../build/cpu_param_sweep 262144 1024 1024 20
[2026-09-06 08:16:06] [DEBUG] RUNNING: taskset -c 0-71 env OMP_PLACES=cores OMP_PROC_BIND=spread numactl --interleave=all ../build/cpu_param_sweep 65536 1024 1024 20
[2026-09-06 08:16:06] [DEBUG] RUNNING: taskset -c 0-71 env OMP_PLACES=cores OMP_PROC_BIND=close numactl --interleave=all ../build/cpu_param_sweep 65536 1024 1024 4
[2026-09-06 08:16:07] [DEBUG] RUNNING: taskset -c 0-71 env OMP_PLACES=cores OMP_PROC_BIND=close numactl --interleave=all ../build/cpu_param_sweep 65536 1024 1024 54
[2026-09-06 08:16:07] [DEBUG] RUNNING: taskset -c 0-71 env OMP_PLACES=cores OMP_PROC_BIND=close numactl --interleave=all ../build/cpu_param_sweep 65536 1024 1024 4
[2026-09-06 08:16:08] [DEBUG] RUNNING: taskset -c 0-71 env OMP_PLACES=cores OMP_PROC_BIND=spread numactl --interleave=all ../build/cpu_param_sweep 65536 1024 1024 2
[2026-09-06 08:16:09] [DEBUG] RUNNING: taskset -c 0-71 env OMP_PLACES=cores OMP_PROC_BIND=spread numactl --interleave=all ../build/cpu_param_sweep 262144 1024 1024 20
[2026-09-06 08:16:10] [DEBUG] RUNNING: taskset -c 0-71 env OMP_PLACES=cores OMP_PROC_BIND=spread numactl --interleave=all ../build/cpu_param_sweep 262144 1024 1024 8
[2026-09-06 08:16:12] [DEBUG] RUNNING: taskset -c 0-71 env OMP_PLACES=cores OMP_PROC_BIND=close numactl --interleave=all ../build/cpu_param_sweep 65536 1024 1024 72
[2026-09-06 08:16:12] [DEBUG] RUNNING: taskset -c 0-71 env OMP_PLACES=cores OMP_PROC_BIND=close numactl --interleave=all ../build/cpu_param_sweep 65536 1024 1024 54
[2026-09-06 08:16:12] [DEBUG] RUNNING: taskset -c 0-71 env OMP_PLACES=cores OMP_PROC_BIND=close numactl --interleave=all ../build/cpu_param_sweep 262144 1024 1024 1
[2026-09-06 08:16:24] [DEBUG] RUNNING: taskset -c 0-71 env OMP_PLACES=cores OMP_PROC_BIND=close numactl --interleave=all ../build/cpu_param_sweep 65536 1024 1024 36
[2026-09-06 08:16:24] [DEBUG] RUNNING: taskset -c 0-71 env OMP_PLACES=cores OMP_PROC_BIND=spread numactl --interleave=all ../build/cpu_param_sweep 262144 1024 1024 18
[2026-09-06 08:16:25] [DEBUG] RUNNING: taskset -c 0-71 env OMP_PLACES=cores OMP_PROC_BIND=close numactl --interleave=all ../build/cpu_param_sweep 65536 1024 1024 16
[2026-09-06 08:16:25] [DEBUG] RUNNING: taskset -c 0-71 env OMP_PLACES=cores OMP_PROC_BIND=close numactl --interleave=all ../build/cpu_param_sweep 65536 1024 1024 1
[2026-09-06 08:16:27] [DEBUG] RUNNING: taskset -c 0-71 env OMP_PLACES=cores OMP_PROC_BIND=close numactl --interleave=all ../build/cpu_param_sweep 65536 1024 1024 18
[2026-09-06 08:16:27] [DEBUG] RUNNING: taskset -c 0-71 env OMP_PLACES=cores OMP_PROC_BIND=close numactl --interleave=all ../build/cpu_param_sweep 262144 1024 1024 72
[2026-09-06 08:16:28] [DEBUG] RUNNING: taskset -c 0-71 env OMP_PLACES=cores OMP_PROC_BIND=spread numactl --interleave=all ../build/cpu_param_sweep 65536 1024 1024 10
[2026-09-06 08:16:29] [DEBUG] RUNNING: taskset -c 0-71 env OMP_PLACES=cores OMP_PROC_BIND=close numactl --interleave=all ../build/cpu_param_sweep 65536 1024 1024 8
[2026-09-06 08:16:29] [DEBUG] RUNNING: taskset -c 0-71 env OMP_PLACES=cores OMP_PROC_BIND=spread numactl --interleave=all ../build/cpu_param_sweep 65536 1024 1024 16
[2026-09-06 08:16:29] [DEBUG] RUNNING: taskset -c 0-71 env OMP_PLACES=cores OMP_PROC_BIND=spread numactl --interleave=all ../build/cpu_param_sweep 262144 1024 1024 8
[2026-09-06 08:16:31] [DEBUG] RUNNING: taskset -c 0-71 env OMP_PLACES=cores OMP_PROC_BIND=spread numactl --interleave=all ../build/cpu_param_sweep 65536 1024 1024 36
[2026-09-06 08:16:31] [DEBUG] RUNNING: taskset -c 0-71 env OMP_PLACES=cores OMP_PROC_BIND=spread numactl --interleave=all ../build/cpu_param_sweep 262144 1024 1024 4
[2026-09-06 08:16:34] [DEBUG] RUNNING: taskset -c 0-71 env OMP_PLACES=cores OMP_PROC_BIND=spread numactl --interleave=all ../build/cpu_param_sweep 262144 1024 1024 54
[2026-09-06 08:16:35] [DEBUG] RUNNING: taskset -c 0-71 env OMP_PLACES=cores OMP_PROC_BIND=spread numactl --interleave=all ../build/cpu_param_sweep 65536 1024 1024 18
[2026-09-06 08:16:35] [DEBUG] RUNNING: taskset -c 0-71 env OMP_PLACES=cores OMP_PROC_BIND=spread numactl --interleave=all ../build/cpu_param_sweep 65536 1024 1024 10
[2026-09-06 08:16:36] [DEBUG] RUNNING: taskset -c 0-71 env OMP_PLACES=cores OMP_PROC_BIND=close numactl --interleave=all ../build/cpu_param_sweep 262144 1024 1024 36
[2026-09-06 08:16:36] [DEBUG] RUNNING: taskset -c 0-71 env OMP_PLACES=cores OMP_PROC_BIND=spread numactl --interleave=all ../build/cpu_param_sweep 262144 1024 1024 4
[2026-09-06 08:16:39] [DEBUG] RUNNING: taskset -c 0-71 env OMP_PLACES=cores OMP_PROC_BIND=spread numactl --interleave=all ../build/cpu_param_sweep 65536 1024 1024 18
[2026-09-06 08:16:39] [DEBUG] RUNNING: taskset -c 0-71 env OMP_PLACES=cores OMP_PROC_BIND=spread numactl --interleave=all ../build/cpu_param_sweep 262144 1024 1024 16
[2026-09-06 08:16:40] [DEBUG] RUNNING: taskset -c 0-71 env OMP_PLACES=cores OMP_PROC_BIND=close numactl --interleave=all ../build/cpu_param_sweep 65536 1024 1024 10
[2026-09-06 08:16:41] [DEBUG] RUNNING: taskset -c 0-71 env OMP_PLACES=cores OMP_PROC_BIND=spread numactl --interleave=all ../build/cpu_param_sweep 65536 1024 1024 2
[2026-09-06 08:16:42] [DEBUG] RUNNING: taskset -c 0-71 env OMP_PLACES=cores OMP_PROC_BIND=spread numactl --interleave=all ../build/cpu_param_sweep 262144 1024 1024 1
[2026-09-06 08:16:53] [DEBUG] RUNNING: taskset -c 0-71 env OMP_PLACES=cores OMP_PROC_BIND=spread numactl --interleave=all ../build/cpu_param_sweep 65536 1024 1024 1
[2026-09-06 08:16:56] [DEBUG] RUNNING: taskset -c 0-71 env OMP_PLACES=cores OMP_PROC_BIND=close numactl --interleave=all ../build/cpu_param_sweep 262144 1024 1024 4
[2026-09-06 08:16:59] [DEBUG] RUNNING: taskset -c 0-71 env OMP_PLACES=cores OMP_PROC_BIND=close numactl --interleave=all ../build/cpu_param_sweep 262144 1024 1024 72
[2026-09-06 08:17:00] [DEBUG] RUNNING: taskset -c 0-71 env OMP_PLACES=cores OMP_PROC_BIND=spread numactl --interleave=all ../build/cpu_param_sweep 65536 1024 1024 20
[2026-09-06 08:17:00] [DEBUG] RUNNING: taskset -c 0-71 env OMP_PLACES=cores OMP_PROC_BIND=spread numactl --interleave=all ../build/cpu_param_sweep 262144 1024 1024 16
[2026-09-06 08:17:01] [DEBUG] RUNNING: taskset -c 0-71 env OMP_PLACES=cores OMP_PROC_BIND=close numactl --interleave=all ../build/cpu_param_sweep 65536 1024 1024 18
[2026-09-06 08:17:01] [DEBUG] RUNNING: taskset -c 0-71 env OMP_PLACES=cores OMP_PROC_BIND=close numactl --interleave=all ../build/cpu_param_sweep 65536 1024 1024 18
[2026-09-06 08:17:01] [DEBUG] RUNNING: taskset -c 0-71 env OMP_PLACES=cores OMP_PROC_BIND=close numactl --interleave=all ../build/cpu_param_sweep 262144 1024 1024 20
[2026-09-06 08:17:02] [DEBUG] RUNNING: taskset -c 0-71 env OMP_PLACES=cores OMP_PROC_BIND=close numactl --interleave=all ../build/cpu_param_sweep 262144 1024 1024 1
[2026-09-06 08:17:14] [DEBUG] RUNNING: taskset -c 0-71 env OMP_PLACES=cores OMP_PROC_BIND=close numactl --interleave=all ../build/cpu_param_sweep 65536 1024 1024 1
[2026-09-06 08:17:16] [DEBUG] RUNNING: taskset -c 0-71 env OMP_PLACES=cores OMP_PROC_BIND=close numactl --interleave=all ../build/cpu_param_sweep 65536 1024 1024 16
[2026-09-06 08:17:16] [DEBUG] RUNNING: taskset -c 0-71 env OMP_PLACES=cores OMP_PROC_BIND=spread numactl --interleave=all ../build/cpu_param_sweep 262144 1024 1024 1
[2026-09-06 08:17:28] [DEBUG] RUNNING: taskset -c 0-71 env OMP_PLACES=cores OMP_PROC_BIND=close numactl --interleave=all ../build/cpu_param_sweep 262144 1024 1024 54
[2026-09-06 08:17:29] [DEBUG] RUNNING: taskset -c 0-71 env OMP_PLACES=cores OMP_PROC_BIND=close numactl --interleave=all ../build/cpu_param_sweep 65536 1024 1024 2
[2026-09-06 08:17:30] [DEBUG] RUNNING: taskset -c 0-71 env OMP_PLACES=cores OMP_PROC_BIND=spread numactl --interleave=all ../build/cpu_param_sweep 262144 1024 1024 4
[2026-09-06 08:17:33] [DEBUG] RUNNING: taskset -c 0-71 env OMP_PLACES=cores OMP_PROC_BIND=spread numactl --interleave=all ../build/cpu_param_sweep 65536 1024 1024 8
[2026-09-06 08:17:34] [DEBUG] RUNNING: taskset -c 0-71 env OMP_PLACES=cores OMP_PROC_BIND=close numactl --interleave=all ../build/cpu_param_sweep 262144 1024 1024 2
[2026-09-06 08:17:40] [DEBUG] RUNNING: taskset -c 0-71 env OMP_PLACES=cores OMP_PROC_BIND=spread numactl --interleave=all ../build/cpu_param_sweep 262144 1024 1024 1
[2026-09-06 08:17:51] [DEBUG] RUNNING: taskset -c 0-71 env OMP_PLACES=cores OMP_PROC_BIND=spread numactl --interleave=all ../build/cpu_param_sweep 65536 1024 1024 1
[2026-09-06 08:17:53] [DEBUG] RUNNING: taskset -c 0-71 env OMP_PLACES=cores OMP_PROC_BIND=close numactl --interleave=all ../build/cpu_param_sweep 65536 1024 1024 8
[2026-09-06 08:17:54] [DEBUG] RUNNING: taskset -c 0-71 env OMP_PLACES=cores OMP_PROC_BIND=spread numactl --interleave=all ../build/cpu_param_sweep 262144 1024 1024 2
[2026-09-06 08:18:00] [DEBUG] RUNNING: taskset -c 0-71 env OMP_PLACES=cores OMP_PROC_BIND=close numactl --interleave=all ../build/cpu_param_sweep 262144 1024 1024 54
[2026-09-06 08:18:00] [DEBUG] RUNNING: taskset -c 0-71 env OMP_PLACES=cores OMP_PROC_BIND=close numactl --interleave=all ../build/cpu_param_sweep 65536 1024 1024 72
[2026-09-06 08:18:01] [DEBUG] RUNNING: taskset -c 0-71 env OMP_PLACES=cores OMP_PROC_BIND=close numactl --interleave=all ../build/cpu_param_sweep 65536 1024 1024 20
[2026-09-06 08:18:01] [DEBUG] RUNNING: taskset -c 0-71 env OMP_PLACES=cores OMP_PROC_BIND=close numactl --interleave=all ../build/cpu_param_sweep 262144 1024 1024 10
[2026-09-06 08:18:03] [DEBUG] RUNNING: taskset -c 0-71 env OMP_PLACES=cores OMP_PROC_BIND=close numactl --interleave=all ../build/cpu_param_sweep 262144 1024 1024 8
[2026-09-06 08:18:04] [DEBUG] RUNNING: taskset -c 0-71 env OMP_PLACES=cores OMP_PROC_BIND=spread numactl --interleave=all ../build/cpu_param_sweep 65536 1024 1024 16
[2026-09-06 08:18:04] [DEBUG] RUNNING: taskset -c 0-71 env OMP_PLACES=cores OMP_PROC_BIND=spread numactl --interleave=all ../build/cpu_param_sweep 65536 1024 1024 1
[2026-09-06 08:18:07] [DEBUG] RUNNING: taskset -c 0-71 env OMP_PLACES=cores OMP_PROC_BIND=spread numactl --interleave=all ../build/cpu_param_sweep 65536 1024 1024 8
[2026-09-06 08:18:07] [DEBUG] RUNNING: taskset -c 0-71 env OMP_PLACES=cores OMP_PROC_BIND=spread numactl --interleave=all ../build/cpu_param_sweep 65536 1024 1024 2
[2026-09-06 08:18:08] [DEBUG] RUNNING: taskset -c 0-71 env OMP_PLACES=cores OMP_PROC_BIND=spread numactl --interleave=all ../build/cpu_param_sweep 262144 1024 1024 18
[2026-09-06 08:18:09] [DEBUG] RUNNING: taskset -c 0-71 env OMP_PLACES=cores OMP_PROC_BIND=close numactl --interleave=all ../build/cpu_param_sweep 65536 1024 1024 4
[2026-09-06 08:18:10] [DEBUG] RUNNING: taskset -c 0-71 env OMP_PLACES=cores OMP_PROC_BIND=close numactl --interleave=all ../build/cpu_param_sweep 65536 1024 1024 1
[2026-09-06 08:18:12] [DEBUG] RUNNING: taskset -c 0-71 env OMP_PLACES=cores OMP_PROC_BIND=close numactl --interleave=all ../build/cpu_param_sweep 262144 1024 1024 16
[2026-09-06 08:18:13] [DEBUG] RUNNING: taskset -c 0-71 env OMP_PLACES=cores OMP_PROC_BIND=spread numactl --interleave=all ../build/cpu_param_sweep 65536 1024 1024 4
[2026-09-06 08:18:14] [DEBUG] RUNNING: taskset -c 0-71 env OMP_PLACES=cores OMP_PROC_BIND=close numactl --interleave=all ../build/cpu_param_sweep 262144 1024 1024 36
[2026-09-06 08:18:14] [DEBUG] RUNNING: taskset -c 0-71 env OMP_PLACES=cores OMP_PROC_BIND=spread numactl --interleave=all ../build/cpu_param_sweep 65536 1024 1024 4
[2026-09-06 08:18:15] [DEBUG] RUNNING: taskset -c 0-71 env OMP_PLACES=cores OMP_PROC_BIND=close numactl --interleave=all ../build/cpu_param_sweep 65536 1024 1024 2
[2026-09-06 08:18:16] [DEBUG] RUNNING: taskset -c 0-71 env OMP_PLACES=cores OMP_PROC_BIND=close numactl --interleave=all ../build/cpu_param_sweep 262144 1024 1024 4
[2026-09-06 08:18:20] [DEBUG] RUNNING: taskset -c 0-71 env OMP_PLACES=cores OMP_PROC_BIND=spread numactl --interleave=all ../build/cpu_param_sweep 262144 1024 1024 10
[2026-09-06 08:18:21] [DEBUG] RUNNING: taskset -c 0-71 env OMP_PLACES=cores OMP_PROC_BIND=spread numactl --interleave=all ../build/cpu_param_sweep 262144 1024 1024 10
[2026-09-06 08:18:23] [DEBUG] RUNNING: taskset -c 0-71 env OMP_PLACES=cores OMP_PROC_BIND=spread numactl --interleave=all ../build/cpu_param_sweep 65536 1024 1024 54
[2026-09-06 08:18:23] [DEBUG] RUNNING: taskset -c 0-71 env OMP_PLACES=cores OMP_PROC_BIND=spread numactl --interleave=all ../build/cpu_param_sweep 262144 1024 1024 72
[2026-09-06 08:18:24] [DEBUG] RUNNING: taskset -c 0-71 env OMP_PLACES=cores OMP_PROC_BIND=close numactl --interleave=all ../build/cpu_param_sweep 262144 1024 1024 18
[2026-09-06 08:18:25] [DEBUG] RUNNING: taskset -c 0-71 env OMP_PLACES=cores OMP_PROC_BIND=close numactl --interleave=all ../build/cpu_param_sweep 262144 1024 1024 18
[2026-09-06 08:18:26] [DEBUG] RUNNING: taskset -c 0-71 env OMP_PLACES=cores OMP_PROC_BIND=close numactl --interleave=all ../build/cpu_param_sweep 65536 1024 1024 16
[2026-09-06 08:18:26] [DEBUG] RUNNING: taskset -c 0-71 env OMP_PLACES=cores OMP_PROC_BIND=spread numactl --interleave=all ../build/cpu_param_sweep 65536 1024 1024 36
[2026-09-06 08:18:26] [DEBUG] RUNNING: taskset -c 0-71 env OMP_PLACES=cores OMP_PROC_BIND=spread numactl --interleave=all ../build/cpu_param_sweep 65536 1024 1024 72
[2026-09-06 08:18:26] [DEBUG] RUNNING: taskset -c 0-71 env OMP_PLACES=cores OMP_PROC_BIND=close numactl --interleave=all ../build/cpu_param_sweep 262144 1024 1024 2
[2026-09-06 08:18:32] [DEBUG] RUNNING: taskset -c 0-71 env OMP_PLACES=cores OMP_PROC_BIND=close numactl --interleave=all ../build/cpu_param_sweep 262144 1024 1024 10
[2026-09-06 08:18:34] [DEBUG] RUNNING: taskset -c 0-71 env OMP_PLACES=cores OMP_PROC_BIND=close numactl --interleave=all ../build/cpu_param_sweep 65536 1024 1024 8
[2026-09-06 08:18:34] [DEBUG] RUNNING: taskset -c 0-71 env OMP_PLACES=cores OMP_PROC_BIND=close numactl --interleave=all ../build/cpu_param_sweep 65536 1024 1024 10
[2026-09-06 08:18:34] [DEBUG] RUNNING: taskset -c 0-71 env OMP_PLACES=cores OMP_PROC_BIND=spread numactl --interleave=all ../build/cpu_param_sweep 65536 1024 1024 54
[2026-09-06 08:18:35] [DEBUG] RUNNING: taskset -c 0-71 env OMP_PLACES=cores OMP_PROC_BIND=close numactl --interleave=all ../build/cpu_param_sweep 262144 1024 1024 54
[2026-09-06 08:18:35] [DEBUG] RUNNING: taskset -c 0-71 env OMP_PLACES=cores OMP_PROC_BIND=spread numactl --interleave=all ../build/cpu_param_sweep 262144 1024 1024 54
[2026-09-06 08:18:36] [INFO] BUILDING: make -C ../ -f Makefile -B build/cpu_param_sweep GPU=NONE CC=clang OPT=-O3 APPLY_LTO=1 MARCH=native LIBPOPCNT=1 CPU_TILE=32 BITVECTOR_TILE=1024 BUFFER_SIZE=4096 OUTER_ROW_NUM=1 OUTER_COL_NUM=4 OUTER_VEC_BLK=2
[2026-09-06 08:18:46] [DEBUG] RUNNING: taskset -c 0-71 env OMP_PLACES=cores OMP_PROC_BIND=spread numactl --interleave=all ../build/cpu_param_sweep 65536 1024 1024 10
[2026-09-06 08:18:47] [DEBUG] RUNNING: taskset -c 0-71 env OMP_PLACES=cores OMP_PROC_BIND=close numactl --interleave=all ../build/cpu_param_sweep 262144 1024 1024 4
[2026-09-06 08:18:50] [DEBUG] RUNNING: taskset -c 0-71 env OMP_PLACES=cores OMP_PROC_BIND=close numactl --interleave=all ../build/cpu_param_sweep 65536 1024 1024 36
[2026-09-06 08:18:50] [DEBUG] RUNNING: taskset -c 0-71 env OMP_PLACES=cores OMP_PROC_BIND=close numactl --interleave=all ../build/cpu_param_sweep 262144 1024 1024 20
[2026-09-06 08:18:51] [DEBUG] RUNNING: taskset -c 0-71 env OMP_PLACES=cores OMP_PROC_BIND=close numactl --interleave=all ../build/cpu_param_sweep 262144 1024 1024 36
[2026-09-06 08:18:51] [DEBUG] RUNNING: taskset -c 0-71 env OMP_PLACES=cores OMP_PROC_BIND=close numactl --interleave=all ../build/cpu_param_sweep 262144 1024 1024 16
[2026-09-06 08:18:52] [DEBUG] RUNNING: taskset -c 0-71 env OMP_PLACES=cores OMP_PROC_BIND=spread numactl --interleave=all ../build/cpu_param_sweep 262144 1024 1024 20
[2026-09-06 08:18:53] [DEBUG] RUNNING: taskset -c 0-71 env OMP_PLACES=cores OMP_PROC_BIND=spread numactl --interleave=all ../build/cpu_param_sweep 65536 1024 1024 20
[2026-09-06 08:18:54] [DEBUG] RUNNING: taskset -c 0-71 env OMP_PLACES=cores OMP_PROC_BIND=close numactl --interleave=all ../build/cpu_param_sweep 65536 1024 1024 20
[2026-09-06 08:18:54] [DEBUG] RUNNING: taskset -c 0-71 env OMP_PLACES=cores OMP_PROC_BIND=spread numactl --interleave=all ../build/cpu_param_sweep 262144 1024 1024 16
[2026-09-06 08:18:55] [DEBUG] RUNNING: taskset -c 0-71 env OMP_PLACES=cores OMP_PROC_BIND=spread numactl --interleave=all ../build/cpu_param_sweep 262144 1024 1024 10
[2026-09-06 08:18:56] [DEBUG] RUNNING: taskset -c 0-71 env OMP_PLACES=cores OMP_PROC_BIND=spread numactl --interleave=all ../build/cpu_param_sweep 65536 1024 1024 8
[2026-09-06 08:18:57] [DEBUG] RUNNING: taskset -c 0-71 env OMP_PLACES=cores OMP_PROC_BIND=close numactl --interleave=all ../build/cpu_param_sweep 262144 1024 1024 20
[2026-09-06 08:18:58] [DEBUG] RUNNING: taskset -c 0-71 env OMP_PLACES=cores OMP_PROC_BIND=spread numactl --interleave=all ../build/cpu_param_sweep 262144 1024 1024 18
[2026-09-06 08:18:59] [DEBUG] RUNNING: taskset -c 0-71 env OMP_PLACES=cores OMP_PROC_BIND=spread numactl --interleave=all ../build/cpu_param_sweep 262144 1024 1024 2
[2026-09-06 08:19:05] [DEBUG] RUNNING: taskset -c 0-71 env OMP_PLACES=cores OMP_PROC_BIND=close numactl --interleave=all ../build/cpu_param_sweep 262144 1024 1024 2
[2026-09-06 08:19:11] [DEBUG] RUNNING: taskset -c 0-71 env OMP_PLACES=cores OMP_PROC_BIND=close numactl --interleave=all ../build/cpu_param_sweep 65536 1024 1024 10
[2026-09-06 08:19:11] [DEBUG] RUNNING: taskset -c 0-71 env OMP_PLACES=cores OMP_PROC_BIND=spread numactl --interleave=all ../build/cpu_param_sweep 65536 1024 1024 18
[2026-09-06 08:19:12] [DEBUG] RUNNING: taskset -c 0-71 env OMP_PLACES=cores OMP_PROC_BIND=close numactl --interleave=all ../build/cpu_param_sweep 262144 1024 1024 8
[2026-09-06 08:19:13] [DEBUG] RUNNING: taskset -c 0-71 env OMP_PLACES=cores OMP_PROC_BIND=close numactl --interleave=all ../build/cpu_param_sweep 262144 1024 1024 72
[2026-09-06 08:19:14] [DEBUG] RUNNING: taskset -c 0-71 env OMP_PLACES=cores OMP_PROC_BIND=close numactl --interleave=all ../build/cpu_param_sweep 65536 1024 1024 36
[2026-09-06 08:19:14] [DEBUG] RUNNING: taskset -c 0-71 env OMP_PLACES=cores OMP_PROC_BIND=spread numactl --interleave=all ../build/cpu_param_sweep 262144 1024 1024 8
[2026-09-06 08:19:16] [DEBUG] RUNNING: taskset -c 0-71 env OMP_PLACES=cores OMP_PROC_BIND=spread numactl --interleave=all ../build/cpu_param_sweep 65536 1024 1024 72
[2026-09-06 08:19:16] [DEBUG] RUNNING: taskset -c 0-71 env OMP_PLACES=cores OMP_PROC_BIND=spread numactl --interleave=all ../build/cpu_param_sweep 262144 1024 1024 36
[2026-09-06 08:19:17] [DEBUG] RUNNING: taskset -c 0-71 env OMP_PLACES=cores OMP_PROC_BIND=close numactl --interleave=all ../build/cpu_param_sweep 262144 1024 1024 1
[2026-09-06 08:19:29] [DEBUG] RUNNING: taskset -c 0-71 env OMP_PLACES=cores OMP_PROC_BIND=spread numactl --interleave=all ../build/cpu_param_sweep 262144 1024 1024 36
[2026-09-06 08:19:29] [DEBUG] RUNNING: taskset -c 0-71 env OMP_PLACES=cores OMP_PROC_BIND=spread numactl --interleave=all ../build/cpu_param_sweep 65536 1024 1024 4
[2026-09-06 08:19:30] [DEBUG] RUNNING: taskset -c 0-71 env OMP_PLACES=cores OMP_PROC_BIND=close numactl --interleave=all ../build/cpu_param_sweep 65536 1024 1024 2
[2026-09-06 08:19:31] [DEBUG] RUNNING: taskset -c 0-71 env OMP_PLACES=cores OMP_PROC_BIND=close numactl --interleave=all ../build/cpu_param_sweep 65536 1024 1024 72
[2026-09-06 08:19:31] [DEBUG] RUNNING: taskset -c 0-71 env OMP_PLACES=cores OMP_PROC_BIND=spread numactl --interleave=all ../build/cpu_param_sweep 65536 1024 1024 72
[2026-09-06 08:19:32] [DEBUG] RUNNING: taskset -c 0-71 env OMP_PLACES=cores OMP_PROC_BIND=spread numactl --interleave=all ../build/cpu_param_sweep 65536 1024 1024 36
[2026-09-06 08:19:32] [DEBUG] RUNNING: taskset -c 0-71 env OMP_PLACES=cores OMP_PROC_BIND=spread numactl --interleave=all ../build/cpu_param_sweep 262144 1024 1024 36
[2026-09-06 08:19:32] [DEBUG] RUNNING: taskset -c 0-71 env OMP_PLACES=cores OMP_PROC_BIND=close numactl --interleave=all ../build/cpu_param_sweep 262144 1024 1024 10
[2026-09-06 08:19:34] [DEBUG] RUNNING: taskset -c 0-71 env OMP_PLACES=cores OMP_PROC_BIND=spread numactl --interleave=all ../build/cpu_param_sweep 262144 1024 1024 72
[2026-09-06 08:19:35] [DEBUG] RUNNING: taskset -c 0-71 env OMP_PLACES=cores OMP_PROC_BIND=close numactl --interleave=all ../build/cpu_param_sweep 262144 1024 1024 16
[2026-09-06 08:19:36] [DEBUG] RUNNING: taskset -c 0-71 env OMP_PLACES=cores OMP_PROC_BIND=spread numactl --interleave=all ../build/cpu_param_sweep 262144 1024 1024 72
[2026-09-06 08:19:37] [DEBUG] RUNNING: taskset -c 0-71 env OMP_PLACES=cores OMP_PROC_BIND=spread numactl --interleave=all ../build/cpu_param_sweep 65536 1024 1024 54
[2026-09-06 08:19:37] [DEBUG] RUNNING: taskset -c 0-71 env OMP_PLACES=cores OMP_PROC_BIND=spread numactl --interleave=all ../build/cpu_param_sweep 262144 1024 1024 54
[2026-09-06 08:19:38] [DEBUG] RUNNING: taskset -c 0-71 env OMP_PLACES=cores OMP_PROC_BIND=spread numactl --interleave=all ../build/cpu_param_sweep 262144 1024 1024 2
[2026-09-06 08:19:44] [DEBUG] RUNNING: taskset -c 0-71 env OMP_PLACES=cores OMP_PROC_BIND=close numactl --interleave=all ../build/cpu_param_sweep 65536 1024 1024 20
[2026-09-06 08:19:44] [DEBUG] RUNNING: taskset -c 0-71 env OMP_PLACES=cores OMP_PROC_BIND=spread numactl --interleave=all ../build/cpu_param_sweep 65536 1024 1024 16
[2026-09-06 08:19:45] [DEBUG] RUNNING: taskset -c 0-71 env OMP_PLACES=cores OMP_PROC_BIND=close numactl --interleave=all ../build/cpu_param_sweep 262144 1024 1024 8
[2026-09-06 08:19:46] [DEBUG] RUNNING: taskset -c 0-71 env OMP_PLACES=cores OMP_PROC_BIND=close numactl --interleave=all ../build/cpu_param_sweep 262144 1024 1024 18
[2026-09-06 08:19:47] [DEBUG] RUNNING: taskset -c 0-71 env OMP_PLACES=cores OMP_PROC_BIND=close numactl --interleave=all ../build/cpu_param_sweep 65536 1024 1024 54
[2026-09-06 08:19:47] [DEBUG] RUNNING: taskset -c 0-71 env OMP_PLACES=cores OMP_PROC_BIND=spread numactl --interleave=all ../build/cpu_param_sweep 262144 1024 1024 20
[2026-09-06 08:19:48] [DEBUG] RUNNING: taskset -c 0-71 env OMP_PLACES=cores OMP_PROC_BIND=spread numactl --interleave=all ../build/cpu_param_sweep 65536 1024 1024 20
[2026-09-06 08:19:48] [DEBUG] RUNNING: taskset -c 0-71 env OMP_PLACES=cores OMP_PROC_BIND=close numactl --interleave=all ../build/cpu_param_sweep 65536 1024 1024 4
[2026-09-06 08:19:49] [DEBUG] RUNNING: taskset -c 0-71 env OMP_PLACES=cores OMP_PROC_BIND=close numactl --interleave=all ../build/cpu_param_sweep 65536 1024 1024 54
[2026-09-06 08:19:49] [DEBUG] RUNNING: taskset -c 0-71 env OMP_PLACES=cores OMP_PROC_BIND=close numactl --interleave=all ../build/cpu_param_sweep 65536 1024 1024 4
[2026-09-06 08:19:50] [DEBUG] RUNNING: taskset -c 0-71 env OMP_PLACES=cores OMP_PROC_BIND=spread numactl --interleave=all ../build/cpu_param_sweep 65536 1024 1024 2
[2026-09-06 08:19:51] [DEBUG] RUNNING: taskset -c 0-71 env OMP_PLACES=cores OMP_PROC_BIND=spread numactl --interleave=all ../build/cpu_param_sweep 262144 1024 1024 20
[2026-09-06 08:19:52] [DEBUG] RUNNING: taskset -c 0-71 env OMP_PLACES=cores OMP_PROC_BIND=spread numactl --interleave=all ../build/cpu_param_sweep 262144 1024 1024 8
[2026-09-06 08:19:54] [DEBUG] RUNNING: taskset -c 0-71 env OMP_PLACES=cores OMP_PROC_BIND=close numactl --interleave=all ../build/cpu_param_sweep 65536 1024 1024 72
[2026-09-06 08:19:54] [DEBUG] RUNNING: taskset -c 0-71 env OMP_PLACES=cores OMP_PROC_BIND=close numactl --interleave=all ../build/cpu_param_sweep 65536 1024 1024 54
[2026-09-06 08:19:55] [DEBUG] RUNNING: taskset -c 0-71 env OMP_PLACES=cores OMP_PROC_BIND=close numactl --interleave=all ../build/cpu_param_sweep 262144 1024 1024 1
[2026-09-06 08:20:07] [DEBUG] RUNNING: taskset -c 0-71 env OMP_PLACES=cores OMP_PROC_BIND=close numactl --interleave=all ../build/cpu_param_sweep 65536 1024 1024 36
[2026-09-06 08:20:07] [DEBUG] RUNNING: taskset -c 0-71 env OMP_PLACES=cores OMP_PROC_BIND=spread numactl --interleave=all ../build/cpu_param_sweep 262144 1024 1024 18
[2026-09-06 08:20:08] [DEBUG] RUNNING: taskset -c 0-71 env OMP_PLACES=cores OMP_PROC_BIND=close numactl --interleave=all ../build/cpu_param_sweep 65536 1024 1024 16
[2026-09-06 08:20:08] [DEBUG] RUNNING: taskset -c 0-71 env OMP_PLACES=cores OMP_PROC_BIND=close numactl --interleave=all ../build/cpu_param_sweep 65536 1024 1024 1
[2026-09-06 08:20:10] [DEBUG] RUNNING: taskset -c 0-71 env OMP_PLACES=cores OMP_PROC_BIND=close numactl --interleave=all ../build/cpu_param_sweep 65536 1024 1024 18
[2026-09-06 08:20:11] [DEBUG] RUNNING: taskset -c 0-71 env OMP_PLACES=cores OMP_PROC_BIND=close numactl --interleave=all ../build/cpu_param_sweep 262144 1024 1024 72
[2026-09-06 08:20:12] [DEBUG] RUNNING: taskset -c 0-71 env OMP_PLACES=cores OMP_PROC_BIND=spread numactl --interleave=all ../build/cpu_param_sweep 65536 1024 1024 10
[2026-09-06 08:20:12] [DEBUG] RUNNING: taskset -c 0-71 env OMP_PLACES=cores OMP_PROC_BIND=close numactl --interleave=all ../build/cpu_param_sweep 65536 1024 1024 8
[2026-09-06 08:20:12] [DEBUG] RUNNING: taskset -c 0-71 env OMP_PLACES=cores OMP_PROC_BIND=spread numactl --interleave=all ../build/cpu_param_sweep 65536 1024 1024 16
[2026-09-06 08:20:12] [DEBUG] RUNNING: taskset -c 0-71 env OMP_PLACES=cores OMP_PROC_BIND=spread numactl --interleave=all ../build/cpu_param_sweep 262144 1024 1024 8
[2026-09-06 08:20:14] [DEBUG] RUNNING: taskset -c 0-71 env OMP_PLACES=cores OMP_PROC_BIND=spread numactl --interleave=all ../build/cpu_param_sweep 65536 1024 1024 36
[2026-09-06 08:20:14] [DEBUG] RUNNING: taskset -c 0-71 env OMP_PLACES=cores OMP_PROC_BIND=spread numactl --interleave=all ../build/cpu_param_sweep 262144 1024 1024 4
[2026-09-06 08:20:18] [DEBUG] RUNNING: taskset -c 0-71 env OMP_PLACES=cores OMP_PROC_BIND=spread numactl --interleave=all ../build/cpu_param_sweep 262144 1024 1024 54
[2026-09-06 08:20:19] [DEBUG] RUNNING: taskset -c 0-71 env OMP_PLACES=cores OMP_PROC_BIND=spread numactl --interleave=all ../build/cpu_param_sweep 65536 1024 1024 18
[2026-09-06 08:20:19] [DEBUG] RUNNING: taskset -c 0-71 env OMP_PLACES=cores OMP_PROC_BIND=spread numactl --interleave=all ../build/cpu_param_sweep 65536 1024 1024 10
[2026-09-06 08:20:19] [DEBUG] RUNNING: taskset -c 0-71 env OMP_PLACES=cores OMP_PROC_BIND=close numactl --interleave=all ../build/cpu_param_sweep 262144 1024 1024 36
[2026-09-06 08:20:20] [DEBUG] RUNNING: taskset -c 0-71 env OMP_PLACES=cores OMP_PROC_BIND=spread numactl --interleave=all ../build/cpu_param_sweep 262144 1024 1024 4
[2026-09-06 08:20:23] [DEBUG] RUNNING: taskset -c 0-71 env OMP_PLACES=cores OMP_PROC_BIND=spread numactl --interleave=all ../build/cpu_param_sweep 65536 1024 1024 18
[2026-09-06 08:20:23] [DEBUG] RUNNING: taskset -c 0-71 env OMP_PLACES=cores OMP_PROC_BIND=spread numactl --interleave=all ../build/cpu_param_sweep 262144 1024 1024 16
[2026-09-06 08:20:24] [DEBUG] RUNNING: taskset -c 0-71 env OMP_PLACES=cores OMP_PROC_BIND=close numactl --interleave=all ../build/cpu_param_sweep 65536 1024 1024 10
[2026-09-06 08:20:25] [DEBUG] RUNNING: taskset -c 0-71 env OMP_PLACES=cores OMP_PROC_BIND=spread numactl --interleave=all ../build/cpu_param_sweep 65536 1024 1024 2
[2026-09-06 08:20:26] [DEBUG] RUNNING: taskset -c 0-71 env OMP_PLACES=cores OMP_PROC_BIND=spread numactl --interleave=all ../build/cpu_param_sweep 262144 1024 1024 1
[2026-09-06 08:20:38] [DEBUG] RUNNING: taskset -c 0-71 env OMP_PLACES=cores OMP_PROC_BIND=spread numactl --interleave=all ../build/cpu_param_sweep 65536 1024 1024 1
[2026-09-06 08:20:40] [DEBUG] RUNNING: taskset -c 0-71 env OMP_PLACES=cores OMP_PROC_BIND=close numactl --interleave=all ../build/cpu_param_sweep 262144 1024 1024 4
[2026-09-06 08:20:44] [DEBUG] RUNNING: taskset -c 0-71 env OMP_PLACES=cores OMP_PROC_BIND=close numactl --interleave=all ../build/cpu_param_sweep 262144 1024 1024 72
[2026-09-06 08:20:45] [DEBUG] RUNNING: taskset -c 0-71 env OMP_PLACES=cores OMP_PROC_BIND=spread numactl --interleave=all ../build/cpu_param_sweep 65536 1024 1024 20
[2026-09-06 08:20:45] [DEBUG] RUNNING: taskset -c 0-71 env OMP_PLACES=cores OMP_PROC_BIND=spread numactl --interleave=all ../build/cpu_param_sweep 262144 1024 1024 16
[2026-09-06 08:20:46] [DEBUG] RUNNING: taskset -c 0-71 env OMP_PLACES=cores OMP_PROC_BIND=close numactl --interleave=all ../build/cpu_param_sweep 65536 1024 1024 18
[2026-09-06 08:20:46] [DEBUG] RUNNING: taskset -c 0-71 env OMP_PLACES=cores OMP_PROC_BIND=close numactl --interleave=all ../build/cpu_param_sweep 65536 1024 1024 18
[2026-09-06 08:20:46] [DEBUG] RUNNING: taskset -c 0-71 env OMP_PLACES=cores OMP_PROC_BIND=close numactl --interleave=all ../build/cpu_param_sweep 262144 1024 1024 20
[2026-09-06 08:20:47] [DEBUG] RUNNING: taskset -c 0-71 env OMP_PLACES=cores OMP_PROC_BIND=close numactl --interleave=all ../build/cpu_param_sweep 262144 1024 1024 1
[2026-09-06 08:20:59] [DEBUG] RUNNING: taskset -c 0-71 env OMP_PLACES=cores OMP_PROC_BIND=close numactl --interleave=all ../build/cpu_param_sweep 65536 1024 1024 1
[2026-09-06 08:21:02] [DEBUG] RUNNING: taskset -c 0-71 env OMP_PLACES=cores OMP_PROC_BIND=close numactl --interleave=all ../build/cpu_param_sweep 65536 1024 1024 16
[2026-09-06 08:21:02] [DEBUG] RUNNING: taskset -c 0-71 env OMP_PLACES=cores OMP_PROC_BIND=spread numactl --interleave=all ../build/cpu_param_sweep 262144 1024 1024 1
[2026-09-06 08:21:14] [DEBUG] RUNNING: taskset -c 0-71 env OMP_PLACES=cores OMP_PROC_BIND=close numactl --interleave=all ../build/cpu_param_sweep 262144 1024 1024 54
[2026-09-06 08:21:15] [DEBUG] RUNNING: taskset -c 0-71 env OMP_PLACES=cores OMP_PROC_BIND=close numactl --interleave=all ../build/cpu_param_sweep 65536 1024 1024 2
[2026-09-06 08:21:16] [DEBUG] RUNNING: taskset -c 0-71 env OMP_PLACES=cores OMP_PROC_BIND=spread numactl --interleave=all ../build/cpu_param_sweep 262144 1024 1024 4
[2026-09-06 08:21:19] [DEBUG] RUNNING: taskset -c 0-71 env OMP_PLACES=cores OMP_PROC_BIND=spread numactl --interleave=all ../build/cpu_param_sweep 65536 1024 1024 8
[2026-09-06 08:21:20] [DEBUG] RUNNING: taskset -c 0-71 env OMP_PLACES=cores OMP_PROC_BIND=close numactl --interleave=all ../build/cpu_param_sweep 262144 1024 1024 2
[2026-09-06 08:21:26] [DEBUG] RUNNING: taskset -c 0-71 env OMP_PLACES=cores OMP_PROC_BIND=spread numactl --interleave=all ../build/cpu_param_sweep 262144 1024 1024 1
[2026-09-06 08:21:38] [DEBUG] RUNNING: taskset -c 0-71 env OMP_PLACES=cores OMP_PROC_BIND=spread numactl --interleave=all ../build/cpu_param_sweep 65536 1024 1024 1
[2026-09-06 08:21:40] [DEBUG] RUNNING: taskset -c 0-71 env OMP_PLACES=cores OMP_PROC_BIND=close numactl --interleave=all ../build/cpu_param_sweep 65536 1024 1024 8
[2026-09-06 08:21:41] [DEBUG] RUNNING: taskset -c 0-71 env OMP_PLACES=cores OMP_PROC_BIND=spread numactl --interleave=all ../build/cpu_param_sweep 262144 1024 1024 2
[2026-09-06 08:21:47] [DEBUG] RUNNING: taskset -c 0-71 env OMP_PLACES=cores OMP_PROC_BIND=close numactl --interleave=all ../build/cpu_param_sweep 262144 1024 1024 54
[2026-09-06 08:21:48] [DEBUG] RUNNING: taskset -c 0-71 env OMP_PLACES=cores OMP_PROC_BIND=close numactl --interleave=all ../build/cpu_param_sweep 65536 1024 1024 72
[2026-09-06 08:21:48] [DEBUG] RUNNING: taskset -c 0-71 env OMP_PLACES=cores OMP_PROC_BIND=close numactl --interleave=all ../build/cpu_param_sweep 65536 1024 1024 20
[2026-09-06 08:21:48] [DEBUG] RUNNING: taskset -c 0-71 env OMP_PLACES=cores OMP_PROC_BIND=close numactl --interleave=all ../build/cpu_param_sweep 262144 1024 1024 10
[2026-09-06 08:21:50] [DEBUG] RUNNING: taskset -c 0-71 env OMP_PLACES=cores OMP_PROC_BIND=close numactl --interleave=all ../build/cpu_param_sweep 262144 1024 1024 8
[2026-09-06 08:21:52] [DEBUG] RUNNING: taskset -c 0-71 env OMP_PLACES=cores OMP_PROC_BIND=spread numactl --interleave=all ../build/cpu_param_sweep 65536 1024 1024 16
[2026-09-06 08:21:52] [DEBUG] RUNNING: taskset -c 0-71 env OMP_PLACES=cores OMP_PROC_BIND=spread numactl --interleave=all ../build/cpu_param_sweep 65536 1024 1024 1
[2026-09-06 08:21:54] [DEBUG] RUNNING: taskset -c 0-71 env OMP_PLACES=cores OMP_PROC_BIND=spread numactl --interleave=all ../build/cpu_param_sweep 65536 1024 1024 8
[2026-09-06 08:21:55] [DEBUG] RUNNING: taskset -c 0-71 env OMP_PLACES=cores OMP_PROC_BIND=spread numactl --interleave=all ../build/cpu_param_sweep 65536 1024 1024 2
[2026-09-06 08:21:56] [DEBUG] RUNNING: taskset -c 0-71 env OMP_PLACES=cores OMP_PROC_BIND=spread numactl --interleave=all ../build/cpu_param_sweep 262144 1024 1024 18
[2026-09-06 08:21:57] [DEBUG] RUNNING: taskset -c 0-71 env OMP_PLACES=cores OMP_PROC_BIND=close numactl --interleave=all ../build/cpu_param_sweep 65536 1024 1024 4
[2026-09-06 08:21:58] [DEBUG] RUNNING: taskset -c 0-71 env OMP_PLACES=cores OMP_PROC_BIND=close numactl --interleave=all ../build/cpu_param_sweep 65536 1024 1024 1
[2026-09-06 08:22:00] [DEBUG] RUNNING: taskset -c 0-71 env OMP_PLACES=cores OMP_PROC_BIND=close numactl --interleave=all ../build/cpu_param_sweep 262144 1024 1024 16
[2026-09-06 08:22:01] [DEBUG] RUNNING: taskset -c 0-71 env OMP_PLACES=cores OMP_PROC_BIND=spread numactl --interleave=all ../build/cpu_param_sweep 65536 1024 1024 4
[2026-09-06 08:22:02] [DEBUG] RUNNING: taskset -c 0-71 env OMP_PLACES=cores OMP_PROC_BIND=close numactl --interleave=all ../build/cpu_param_sweep 262144 1024 1024 36
[2026-09-06 08:22:03] [DEBUG] RUNNING: taskset -c 0-71 env OMP_PLACES=cores OMP_PROC_BIND=spread numactl --interleave=all ../build/cpu_param_sweep 65536 1024 1024 4
[2026-09-06 08:22:03] [DEBUG] RUNNING: taskset -c 0-71 env OMP_PLACES=cores OMP_PROC_BIND=close numactl --interleave=all ../build/cpu_param_sweep 65536 1024 1024 2
[2026-09-06 08:22:05] [DEBUG] RUNNING: taskset -c 0-71 env OMP_PLACES=cores OMP_PROC_BIND=close numactl --interleave=all ../build/cpu_param_sweep 262144 1024 1024 4
[2026-09-06 08:22:08] [DEBUG] RUNNING: taskset -c 0-71 env OMP_PLACES=cores OMP_PROC_BIND=spread numactl --interleave=all ../build/cpu_param_sweep 262144 1024 1024 10
[2026-09-06 08:22:09] [DEBUG] RUNNING: taskset -c 0-71 env OMP_PLACES=cores OMP_PROC_BIND=spread numactl --interleave=all ../build/cpu_param_sweep 262144 1024 1024 10
[2026-09-06 08:22:11] [DEBUG] RUNNING: taskset -c 0-71 env OMP_PLACES=cores OMP_PROC_BIND=spread numactl --interleave=all ../build/cpu_param_sweep 65536 1024 1024 54
[2026-09-06 08:22:11] [DEBUG] RUNNING: taskset -c 0-71 env OMP_PLACES=cores OMP_PROC_BIND=spread numactl --interleave=all ../build/cpu_param_sweep 262144 1024 1024 72
[2026-09-06 08:22:12] [DEBUG] RUNNING: taskset -c 0-71 env OMP_PLACES=cores OMP_PROC_BIND=close numactl --interleave=all ../build/cpu_param_sweep 262144 1024 1024 18
[2026-09-06 08:22:13] [DEBUG] RUNNING: taskset -c 0-71 env OMP_PLACES=cores OMP_PROC_BIND=close numactl --interleave=all ../build/cpu_param_sweep 262144 1024 1024 18
[2026-09-06 08:22:14] [DEBUG] RUNNING: taskset -c 0-71 env OMP_PLACES=cores OMP_PROC_BIND=close numactl --interleave=all ../build/cpu_param_sweep 65536 1024 1024 16
[2026-09-06 08:22:14] [DEBUG] RUNNING: taskset -c 0-71 env OMP_PLACES=cores OMP_PROC_BIND=spread numactl --interleave=all ../build/cpu_param_sweep 65536 1024 1024 36
[2026-09-06 08:22:14] [DEBUG] RUNNING: taskset -c 0-71 env OMP_PLACES=cores OMP_PROC_BIND=spread numactl --interleave=all ../build/cpu_param_sweep 65536 1024 1024 72
[2026-09-06 08:22:15] [DEBUG] RUNNING: taskset -c 0-71 env OMP_PLACES=cores OMP_PROC_BIND=close numactl --interleave=all ../build/cpu_param_sweep 262144 1024 1024 2
[2026-09-06 08:22:21] [DEBUG] RUNNING: taskset -c 0-71 env OMP_PLACES=cores OMP_PROC_BIND=close numactl --interleave=all ../build/cpu_param_sweep 262144 1024 1024 10
[2026-09-06 08:22:22] [DEBUG] RUNNING: taskset -c 0-71 env OMP_PLACES=cores OMP_PROC_BIND=close numactl --interleave=all ../build/cpu_param_sweep 65536 1024 1024 8
[2026-09-06 08:22:23] [DEBUG] RUNNING: taskset -c 0-71 env OMP_PLACES=cores OMP_PROC_BIND=close numactl --interleave=all ../build/cpu_param_sweep 65536 1024 1024 10
[2026-09-06 08:22:23] [DEBUG] RUNNING: taskset -c 0-71 env OMP_PLACES=cores OMP_PROC_BIND=spread numactl --interleave=all ../build/cpu_param_sweep 65536 1024 1024 54
[2026-09-06 08:22:23] [DEBUG] RUNNING: taskset -c 0-71 env OMP_PLACES=cores OMP_PROC_BIND=close numactl --interleave=all ../build/cpu_param_sweep 262144 1024 1024 54
[2026-09-06 08:22:24] [DEBUG] RUNNING: taskset -c 0-71 env OMP_PLACES=cores OMP_PROC_BIND=spread numactl --interleave=all ../build/cpu_param_sweep 262144 1024 1024 54
[2026-09-06 08:22:25] [INFO] BUILDING: make -C ../ -f Makefile -B build/cpu_param_sweep GPU=NONE CC=clang OPT=-O3 APPLY_LTO=1 MARCH=native LIBPOPCNT=0 CPU_TILE=32 BITVECTOR_TILE=1024 BUFFER_SIZE=4096 OUTER_ROW_NUM=2 OUTER_COL_NUM=2 OUTER_VEC_BLK=2
[2026-09-06 08:22:35] [DEBUG] RUNNING: taskset -c 0-71 env OMP_PLACES=cores OMP_PROC_BIND=spread numactl --interleave=all ../build/cpu_param_sweep 65536 1024 1024 10
[2026-09-06 08:22:35] [DEBUG] RUNNING: taskset -c 0-71 env OMP_PLACES=cores OMP_PROC_BIND=close numactl --interleave=all ../build/cpu_param_sweep 262144 1024 1024 4
[2026-09-06 08:22:37] [DEBUG] RUNNING: taskset -c 0-71 env OMP_PLACES=cores OMP_PROC_BIND=close numactl --interleave=all ../build/cpu_param_sweep 65536 1024 1024 36
[2026-09-06 08:22:37] [DEBUG] RUNNING: taskset -c 0-71 env OMP_PLACES=cores OMP_PROC_BIND=close numactl --interleave=all ../build/cpu_param_sweep 262144 1024 1024 20
[2026-09-06 08:22:38] [DEBUG] RUNNING: taskset -c 0-71 env OMP_PLACES=cores OMP_PROC_BIND=close numactl --interleave=all ../build/cpu_param_sweep 262144 1024 1024 36
[2026-09-06 08:22:39] [DEBUG] RUNNING: taskset -c 0-71 env OMP_PLACES=cores OMP_PROC_BIND=close numactl --interleave=all ../build/cpu_param_sweep 262144 1024 1024 16
[2026-09-06 08:22:39] [DEBUG] RUNNING: taskset -c 0-71 env OMP_PLACES=cores OMP_PROC_BIND=spread numactl --interleave=all ../build/cpu_param_sweep 262144 1024 1024 20
[2026-09-06 08:22:40] [DEBUG] RUNNING: taskset -c 0-71 env OMP_PLACES=cores OMP_PROC_BIND=spread numactl --interleave=all ../build/cpu_param_sweep 65536 1024 1024 20
[2026-09-06 08:22:40] [DEBUG] RUNNING: taskset -c 0-71 env OMP_PLACES=cores OMP_PROC_BIND=close numactl --interleave=all ../build/cpu_param_sweep 65536 1024 1024 20
[2026-09-06 08:22:41] [DEBUG] RUNNING: taskset -c 0-71 env OMP_PLACES=cores OMP_PROC_BIND=spread numactl --interleave=all ../build/cpu_param_sweep 262144 1024 1024 16
[2026-09-06 08:22:41] [DEBUG] RUNNING: taskset -c 0-71 env OMP_PLACES=cores OMP_PROC_BIND=spread numactl --interleave=all ../build/cpu_param_sweep 262144 1024 1024 10
[2026-09-06 08:22:43] [DEBUG] RUNNING: taskset -c 0-71 env OMP_PLACES=cores OMP_PROC_BIND=spread numactl --interleave=all ../build/cpu_param_sweep 65536 1024 1024 8
[2026-09-06 08:22:43] [DEBUG] RUNNING: taskset -c 0-71 env OMP_PLACES=cores OMP_PROC_BIND=close numactl --interleave=all ../build/cpu_param_sweep 262144 1024 1024 20
[2026-09-06 08:22:44] [DEBUG] RUNNING: taskset -c 0-71 env OMP_PLACES=cores OMP_PROC_BIND=spread numactl --interleave=all ../build/cpu_param_sweep 262144 1024 1024 18
[2026-09-06 08:22:44] [DEBUG] RUNNING: taskset -c 0-71 env OMP_PLACES=cores OMP_PROC_BIND=spread numactl --interleave=all ../build/cpu_param_sweep 262144 1024 1024 2
[2026-09-06 08:22:49] [DEBUG] RUNNING: taskset -c 0-71 env OMP_PLACES=cores OMP_PROC_BIND=close numactl --interleave=all ../build/cpu_param_sweep 262144 1024 1024 2
[2026-09-06 08:22:54] [DEBUG] RUNNING: taskset -c 0-71 env OMP_PLACES=cores OMP_PROC_BIND=close numactl --interleave=all ../build/cpu_param_sweep 65536 1024 1024 10
[2026-09-06 08:22:54] [DEBUG] RUNNING: taskset -c 0-71 env OMP_PLACES=cores OMP_PROC_BIND=spread numactl --interleave=all ../build/cpu_param_sweep 65536 1024 1024 18
[2026-09-06 08:22:54] [DEBUG] RUNNING: taskset -c 0-71 env OMP_PLACES=cores OMP_PROC_BIND=close numactl --interleave=all ../build/cpu_param_sweep 262144 1024 1024 8
[2026-09-06 08:22:56] [DEBUG] RUNNING: taskset -c 0-71 env OMP_PLACES=cores OMP_PROC_BIND=close numactl --interleave=all ../build/cpu_param_sweep 262144 1024 1024 72
[2026-09-06 08:22:56] [DEBUG] RUNNING: taskset -c 0-71 env OMP_PLACES=cores OMP_PROC_BIND=close numactl --interleave=all ../build/cpu_param_sweep 65536 1024 1024 36
[2026-09-06 08:22:56] [DEBUG] RUNNING: taskset -c 0-71 env OMP_PLACES=cores OMP_PROC_BIND=spread numactl --interleave=all ../build/cpu_param_sweep 262144 1024 1024 8
[2026-09-06 08:22:58] [DEBUG] RUNNING: taskset -c 0-71 env OMP_PLACES=cores OMP_PROC_BIND=spread numactl --interleave=all ../build/cpu_param_sweep 65536 1024 1024 72
[2026-09-06 08:22:58] [DEBUG] RUNNING: taskset -c 0-71 env OMP_PLACES=cores OMP_PROC_BIND=spread numactl --interleave=all ../build/cpu_param_sweep 262144 1024 1024 36
[2026-09-06 08:22:59] [DEBUG] RUNNING: taskset -c 0-71 env OMP_PLACES=cores OMP_PROC_BIND=close numactl --interleave=all ../build/cpu_param_sweep 262144 1024 1024 1
[2026-09-06 08:23:07] [DEBUG] RUNNING: taskset -c 0-71 env OMP_PLACES=cores OMP_PROC_BIND=spread numactl --interleave=all ../build/cpu_param_sweep 262144 1024 1024 36
[2026-09-06 08:23:08] [DEBUG] RUNNING: taskset -c 0-71 env OMP_PLACES=cores OMP_PROC_BIND=spread numactl --interleave=all ../build/cpu_param_sweep 65536 1024 1024 4
[2026-09-06 08:23:09] [DEBUG] RUNNING: taskset -c 0-71 env OMP_PLACES=cores OMP_PROC_BIND=close numactl --interleave=all ../build/cpu_param_sweep 65536 1024 1024 2
[2026-09-06 08:23:10] [DEBUG] RUNNING: taskset -c 0-71 env OMP_PLACES=cores OMP_PROC_BIND=close numactl --interleave=all ../build/cpu_param_sweep 65536 1024 1024 72
[2026-09-06 08:23:10] [DEBUG] RUNNING: taskset -c 0-71 env OMP_PLACES=cores OMP_PROC_BIND=spread numactl --interleave=all ../build/cpu_param_sweep 65536 1024 1024 72
[2026-09-06 08:23:10] [DEBUG] RUNNING: taskset -c 0-71 env OMP_PLACES=cores OMP_PROC_BIND=spread numactl --interleave=all ../build/cpu_param_sweep 65536 1024 1024 36
[2026-09-06 08:23:10] [DEBUG] RUNNING: taskset -c 0-71 env OMP_PLACES=cores OMP_PROC_BIND=spread numactl --interleave=all ../build/cpu_param_sweep 262144 1024 1024 36
[2026-09-06 08:23:11] [DEBUG] RUNNING: taskset -c 0-71 env OMP_PLACES=cores OMP_PROC_BIND=close numactl --interleave=all ../build/cpu_param_sweep 262144 1024 1024 10
[2026-09-06 08:23:12] [DEBUG] RUNNING: taskset -c 0-71 env OMP_PLACES=cores OMP_PROC_BIND=spread numactl --interleave=all ../build/cpu_param_sweep 262144 1024 1024 72
[2026-09-06 08:23:13] [DEBUG] RUNNING: taskset -c 0-71 env OMP_PLACES=cores OMP_PROC_BIND=close numactl --interleave=all ../build/cpu_param_sweep 262144 1024 1024 16
[2026-09-06 08:23:13] [DEBUG] RUNNING: taskset -c 0-71 env OMP_PLACES=cores OMP_PROC_BIND=spread numactl --interleave=all ../build/cpu_param_sweep 262144 1024 1024 72
[2026-09-06 08:23:14] [DEBUG] RUNNING: taskset -c 0-71 env OMP_PLACES=cores OMP_PROC_BIND=spread numactl --interleave=all ../build/cpu_param_sweep 65536 1024 1024 54
[2026-09-06 08:23:14] [DEBUG] RUNNING: taskset -c 0-71 env OMP_PLACES=cores OMP_PROC_BIND=spread numactl --interleave=all ../build/cpu_param_sweep 262144 1024 1024 54
[2026-09-06 08:23:15] [DEBUG] RUNNING: taskset -c 0-71 env OMP_PLACES=cores OMP_PROC_BIND=spread numactl --interleave=all ../build/cpu_param_sweep 262144 1024 1024 2
[2026-09-06 08:23:20] [DEBUG] RUNNING: taskset -c 0-71 env OMP_PLACES=cores OMP_PROC_BIND=close numactl --interleave=all ../build/cpu_param_sweep 65536 1024 1024 20
[2026-09-06 08:23:20] [DEBUG] RUNNING: taskset -c 0-71 env OMP_PLACES=cores OMP_PROC_BIND=spread numactl --interleave=all ../build/cpu_param_sweep 65536 1024 1024 16
[2026-09-06 08:23:20] [DEBUG] RUNNING: taskset -c 0-71 env OMP_PLACES=cores OMP_PROC_BIND=close numactl --interleave=all ../build/cpu_param_sweep 262144 1024 1024 8
[2026-09-06 08:23:21] [DEBUG] RUNNING: taskset -c 0-71 env OMP_PLACES=cores OMP_PROC_BIND=close numactl --interleave=all ../build/cpu_param_sweep 262144 1024 1024 18
[2026-09-06 08:23:22] [DEBUG] RUNNING: taskset -c 0-71 env OMP_PLACES=cores OMP_PROC_BIND=close numactl --interleave=all ../build/cpu_param_sweep 65536 1024 1024 54
[2026-09-06 08:23:22] [DEBUG] RUNNING: taskset -c 0-71 env OMP_PLACES=cores OMP_PROC_BIND=spread numactl --interleave=all ../build/cpu_param_sweep 262144 1024 1024 20
[2026-09-06 08:23:23] [DEBUG] RUNNING: taskset -c 0-71 env OMP_PLACES=cores OMP_PROC_BIND=spread numactl --interleave=all ../build/cpu_param_sweep 65536 1024 1024 20
[2026-09-06 08:23:23] [DEBUG] RUNNING: taskset -c 0-71 env OMP_PLACES=cores OMP_PROC_BIND=close numactl --interleave=all ../build/cpu_param_sweep 65536 1024 1024 4
[2026-09-06 08:23:24] [DEBUG] RUNNING: taskset -c 0-71 env OMP_PLACES=cores OMP_PROC_BIND=close numactl --interleave=all ../build/cpu_param_sweep 65536 1024 1024 54
[2026-09-06 08:23:24] [DEBUG] RUNNING: taskset -c 0-71 env OMP_PLACES=cores OMP_PROC_BIND=close numactl --interleave=all ../build/cpu_param_sweep 65536 1024 1024 4
[2026-09-06 08:23:25] [DEBUG] RUNNING: taskset -c 0-71 env OMP_PLACES=cores OMP_PROC_BIND=spread numactl --interleave=all ../build/cpu_param_sweep 65536 1024 1024 2
[2026-09-06 08:23:26] [DEBUG] RUNNING: taskset -c 0-71 env OMP_PLACES=cores OMP_PROC_BIND=spread numactl --interleave=all ../build/cpu_param_sweep 262144 1024 1024 20
[2026-09-06 08:23:27] [DEBUG] RUNNING: taskset -c 0-71 env OMP_PLACES=cores OMP_PROC_BIND=spread numactl --interleave=all ../build/cpu_param_sweep 262144 1024 1024 8
[2026-09-06 08:23:28] [DEBUG] RUNNING: taskset -c 0-71 env OMP_PLACES=cores OMP_PROC_BIND=close numactl --interleave=all ../build/cpu_param_sweep 65536 1024 1024 72
[2026-09-06 08:23:28] [DEBUG] RUNNING: taskset -c 0-71 env OMP_PLACES=cores OMP_PROC_BIND=close numactl --interleave=all ../build/cpu_param_sweep 65536 1024 1024 54
[2026-09-06 08:23:28] [DEBUG] RUNNING: taskset -c 0-71 env OMP_PLACES=cores OMP_PROC_BIND=close numactl --interleave=all ../build/cpu_param_sweep 262144 1024 1024 1
[2026-09-06 08:23:37] [DEBUG] RUNNING: taskset -c 0-71 env OMP_PLACES=cores OMP_PROC_BIND=close numactl --interleave=all ../build/cpu_param_sweep 65536 1024 1024 36
[2026-09-06 08:23:37] [DEBUG] RUNNING: taskset -c 0-71 env OMP_PLACES=cores OMP_PROC_BIND=spread numactl --interleave=all ../build/cpu_param_sweep 262144 1024 1024 18
[2026-09-06 08:23:38] [DEBUG] RUNNING: taskset -c 0-71 env OMP_PLACES=cores OMP_PROC_BIND=close numactl --interleave=all ../build/cpu_param_sweep 65536 1024 1024 16
[2026-09-06 08:23:38] [DEBUG] RUNNING: taskset -c 0-71 env OMP_PLACES=cores OMP_PROC_BIND=close numactl --interleave=all ../build/cpu_param_sweep 65536 1024 1024 1
[2026-09-06 08:23:41] [DEBUG] RUNNING: taskset -c 0-71 env OMP_PLACES=cores OMP_PROC_BIND=close numactl --interleave=all ../build/cpu_param_sweep 65536 1024 1024 18
[2026-09-06 08:23:41] [DEBUG] RUNNING: taskset -c 0-71 env OMP_PLACES=cores OMP_PROC_BIND=close numactl --interleave=all ../build/cpu_param_sweep 262144 1024 1024 72
[2026-09-06 08:23:41] [DEBUG] RUNNING: taskset -c 0-71 env OMP_PLACES=cores OMP_PROC_BIND=spread numactl --interleave=all ../build/cpu_param_sweep 65536 1024 1024 10
[2026-09-06 08:23:42] [DEBUG] RUNNING: taskset -c 0-71 env OMP_PLACES=cores OMP_PROC_BIND=close numactl --interleave=all ../build/cpu_param_sweep 65536 1024 1024 8
[2026-09-06 08:23:42] [DEBUG] RUNNING: taskset -c 0-71 env OMP_PLACES=cores OMP_PROC_BIND=spread numactl --interleave=all ../build/cpu_param_sweep 65536 1024 1024 16
[2026-09-06 08:23:42] [DEBUG] RUNNING: taskset -c 0-71 env OMP_PLACES=cores OMP_PROC_BIND=spread numactl --interleave=all ../build/cpu_param_sweep 262144 1024 1024 8
[2026-09-06 08:23:44] [DEBUG] RUNNING: taskset -c 0-71 env OMP_PLACES=cores OMP_PROC_BIND=spread numactl --interleave=all ../build/cpu_param_sweep 65536 1024 1024 36
[2026-09-06 08:23:44] [DEBUG] RUNNING: taskset -c 0-71 env OMP_PLACES=cores OMP_PROC_BIND=spread numactl --interleave=all ../build/cpu_param_sweep 262144 1024 1024 4
[2026-09-06 08:23:46] [DEBUG] RUNNING: taskset -c 0-71 env OMP_PLACES=cores OMP_PROC_BIND=spread numactl --interleave=all ../build/cpu_param_sweep 262144 1024 1024 54
[2026-09-06 08:23:47] [DEBUG] RUNNING: taskset -c 0-71 env OMP_PLACES=cores OMP_PROC_BIND=spread numactl --interleave=all ../build/cpu_param_sweep 65536 1024 1024 18
[2026-09-06 08:23:47] [DEBUG] RUNNING: taskset -c 0-71 env OMP_PLACES=cores OMP_PROC_BIND=spread numactl --interleave=all ../build/cpu_param_sweep 65536 1024 1024 10
[2026-09-06 08:23:47] [DEBUG] RUNNING: taskset -c 0-71 env OMP_PLACES=cores OMP_PROC_BIND=close numactl --interleave=all ../build/cpu_param_sweep 262144 1024 1024 36
[2026-09-06 08:23:48] [DEBUG] RUNNING: taskset -c 0-71 env OMP_PLACES=cores OMP_PROC_BIND=spread numactl --interleave=all ../build/cpu_param_sweep 262144 1024 1024 4
[2026-09-06 08:23:50] [DEBUG] RUNNING: taskset -c 0-71 env OMP_PLACES=cores OMP_PROC_BIND=spread numactl --interleave=all ../build/cpu_param_sweep 65536 1024 1024 18
[2026-09-06 08:23:50] [DEBUG] RUNNING: taskset -c 0-71 env OMP_PLACES=cores OMP_PROC_BIND=spread numactl --interleave=all ../build/cpu_param_sweep 262144 1024 1024 16
[2026-09-06 08:23:51] [DEBUG] RUNNING: taskset -c 0-71 env OMP_PLACES=cores OMP_PROC_BIND=close numactl --interleave=all ../build/cpu_param_sweep 65536 1024 1024 10
[2026-09-06 08:23:52] [DEBUG] RUNNING: taskset -c 0-71 env OMP_PLACES=cores OMP_PROC_BIND=spread numactl --interleave=all ../build/cpu_param_sweep 65536 1024 1024 2
[2026-09-06 08:23:53] [DEBUG] RUNNING: taskset -c 0-71 env OMP_PLACES=cores OMP_PROC_BIND=spread numactl --interleave=all ../build/cpu_param_sweep 262144 1024 1024 1
[2026-09-06 08:24:02] [DEBUG] RUNNING: taskset -c 0-71 env OMP_PLACES=cores OMP_PROC_BIND=spread numactl --interleave=all ../build/cpu_param_sweep 65536 1024 1024 1
[2026-09-06 08:24:04] [DEBUG] RUNNING: taskset -c 0-71 env OMP_PLACES=cores OMP_PROC_BIND=close numactl --interleave=all ../build/cpu_param_sweep 262144 1024 1024 4
[2026-09-06 08:24:07] [DEBUG] RUNNING: taskset -c 0-71 env OMP_PLACES=cores OMP_PROC_BIND=close numactl --interleave=all ../build/cpu_param_sweep 262144 1024 1024 72
[2026-09-06 08:24:07] [DEBUG] RUNNING: taskset -c 0-71 env OMP_PLACES=cores OMP_PROC_BIND=spread numactl --interleave=all ../build/cpu_param_sweep 65536 1024 1024 20
[2026-09-06 08:24:07] [DEBUG] RUNNING: taskset -c 0-71 env OMP_PLACES=cores OMP_PROC_BIND=spread numactl --interleave=all ../build/cpu_param_sweep 262144 1024 1024 16
[2026-09-06 08:24:08] [DEBUG] RUNNING: taskset -c 0-71 env OMP_PLACES=cores OMP_PROC_BIND=close numactl --interleave=all ../build/cpu_param_sweep 65536 1024 1024 18
[2026-09-06 08:24:08] [DEBUG] RUNNING: taskset -c 0-71 env OMP_PLACES=cores OMP_PROC_BIND=close numactl --interleave=all ../build/cpu_param_sweep 65536 1024 1024 18
[2026-09-06 08:24:09] [DEBUG] RUNNING: taskset -c 0-71 env OMP_PLACES=cores OMP_PROC_BIND=close numactl --interleave=all ../build/cpu_param_sweep 262144 1024 1024 20
[2026-09-06 08:24:09] [DEBUG] RUNNING: taskset -c 0-71 env OMP_PLACES=cores OMP_PROC_BIND=close numactl --interleave=all ../build/cpu_param_sweep 262144 1024 1024 1
[2026-09-06 08:24:18] [DEBUG] RUNNING: taskset -c 0-71 env OMP_PLACES=cores OMP_PROC_BIND=close numactl --interleave=all ../build/cpu_param_sweep 65536 1024 1024 1
[2026-09-06 08:24:21] [DEBUG] RUNNING: taskset -c 0-71 env OMP_PLACES=cores OMP_PROC_BIND=close numactl --interleave=all ../build/cpu_param_sweep 65536 1024 1024 16
[2026-09-06 08:24:21] [DEBUG] RUNNING: taskset -c 0-71 env OMP_PLACES=cores OMP_PROC_BIND=spread numactl --interleave=all ../build/cpu_param_sweep 262144 1024 1024 1
[2026-09-06 08:24:30] [DEBUG] RUNNING: taskset -c 0-71 env OMP_PLACES=cores OMP_PROC_BIND=close numactl --interleave=all ../build/cpu_param_sweep 262144 1024 1024 54
[2026-09-06 08:24:30] [DEBUG] RUNNING: taskset -c 0-71 env OMP_PLACES=cores OMP_PROC_BIND=close numactl --interleave=all ../build/cpu_param_sweep 65536 1024 1024 2
[2026-09-06 08:24:31] [DEBUG] RUNNING: taskset -c 0-71 env OMP_PLACES=cores OMP_PROC_BIND=spread numactl --interleave=all ../build/cpu_param_sweep 262144 1024 1024 4
[2026-09-06 08:24:34] [DEBUG] RUNNING: taskset -c 0-71 env OMP_PLACES=cores OMP_PROC_BIND=spread numactl --interleave=all ../build/cpu_param_sweep 65536 1024 1024 8
[2026-09-06 08:24:34] [DEBUG] RUNNING: taskset -c 0-71 env OMP_PLACES=cores OMP_PROC_BIND=close numactl --interleave=all ../build/cpu_param_sweep 262144 1024 1024 2
[2026-09-06 08:24:39] [DEBUG] RUNNING: taskset -c 0-71 env OMP_PLACES=cores OMP_PROC_BIND=spread numactl --interleave=all ../build/cpu_param_sweep 262144 1024 1024 1
[2026-09-06 08:24:48] [DEBUG] RUNNING: taskset -c 0-71 env OMP_PLACES=cores OMP_PROC_BIND=spread numactl --interleave=all ../build/cpu_param_sweep 65536 1024 1024 1
[2026-09-06 08:24:50] [DEBUG] RUNNING: taskset -c 0-71 env OMP_PLACES=cores OMP_PROC_BIND=close numactl --interleave=all ../build/cpu_param_sweep 65536 1024 1024 8
[2026-09-06 08:24:50] [DEBUG] RUNNING: taskset -c 0-71 env OMP_PLACES=cores OMP_PROC_BIND=spread numactl --interleave=all ../build/cpu_param_sweep 262144 1024 1024 2
[2026-09-06 08:24:55] [DEBUG] RUNNING: taskset -c 0-71 env OMP_PLACES=cores OMP_PROC_BIND=close numactl --interleave=all ../build/cpu_param_sweep 262144 1024 1024 54
[2026-09-06 08:24:56] [DEBUG] RUNNING: taskset -c 0-71 env OMP_PLACES=cores OMP_PROC_BIND=close numactl --interleave=all ../build/cpu_param_sweep 65536 1024 1024 72
[2026-09-06 08:24:56] [DEBUG] RUNNING: taskset -c 0-71 env OMP_PLACES=cores OMP_PROC_BIND=close numactl --interleave=all ../build/cpu_param_sweep 65536 1024 1024 20
[2026-09-06 08:24:56] [DEBUG] RUNNING: taskset -c 0-71 env OMP_PLACES=cores OMP_PROC_BIND=close numactl --interleave=all ../build/cpu_param_sweep 262144 1024 1024 10
[2026-09-06 08:24:57] [DEBUG] RUNNING: taskset -c 0-71 env OMP_PLACES=cores OMP_PROC_BIND=close numactl --interleave=all ../build/cpu_param_sweep 262144 1024 1024 8
[2026-09-06 08:24:59] [DEBUG] RUNNING: taskset -c 0-71 env OMP_PLACES=cores OMP_PROC_BIND=spread numactl --interleave=all ../build/cpu_param_sweep 65536 1024 1024 16
[2026-09-06 08:24:59] [DEBUG] RUNNING: taskset -c 0-71 env OMP_PLACES=cores OMP_PROC_BIND=spread numactl --interleave=all ../build/cpu_param_sweep 65536 1024 1024 1
[2026-09-06 08:25:01] [DEBUG] RUNNING: taskset -c 0-71 env OMP_PLACES=cores OMP_PROC_BIND=spread numactl --interleave=all ../build/cpu_param_sweep 65536 1024 1024 8
[2026-09-06 08:25:02] [DEBUG] RUNNING: taskset -c 0-71 env OMP_PLACES=cores OMP_PROC_BIND=spread numactl --interleave=all ../build/cpu_param_sweep 65536 1024 1024 2
[2026-09-06 08:25:03] [DEBUG] RUNNING: taskset -c 0-71 env OMP_PLACES=cores OMP_PROC_BIND=spread numactl --interleave=all ../build/cpu_param_sweep 262144 1024 1024 18
[2026-09-06 08:25:04] [DEBUG] RUNNING: taskset -c 0-71 env OMP_PLACES=cores OMP_PROC_BIND=close numactl --interleave=all ../build/cpu_param_sweep 65536 1024 1024 4
[2026-09-06 08:25:04] [DEBUG] RUNNING: taskset -c 0-71 env OMP_PLACES=cores OMP_PROC_BIND=close numactl --interleave=all ../build/cpu_param_sweep 65536 1024 1024 1
[2026-09-06 08:25:06] [DEBUG] RUNNING: taskset -c 0-71 env OMP_PLACES=cores OMP_PROC_BIND=close numactl --interleave=all ../build/cpu_param_sweep 262144 1024 1024 16
[2026-09-06 08:25:07] [DEBUG] RUNNING: taskset -c 0-71 env OMP_PLACES=cores OMP_PROC_BIND=spread numactl --interleave=all ../build/cpu_param_sweep 65536 1024 1024 4
[2026-09-06 08:25:08] [DEBUG] RUNNING: taskset -c 0-71 env OMP_PLACES=cores OMP_PROC_BIND=close numactl --interleave=all ../build/cpu_param_sweep 262144 1024 1024 36
[2026-09-06 08:25:08] [DEBUG] RUNNING: taskset -c 0-71 env OMP_PLACES=cores OMP_PROC_BIND=spread numactl --interleave=all ../build/cpu_param_sweep 65536 1024 1024 4
[2026-09-06 08:25:09] [DEBUG] RUNNING: taskset -c 0-71 env OMP_PLACES=cores OMP_PROC_BIND=close numactl --interleave=all ../build/cpu_param_sweep 65536 1024 1024 2
[2026-09-06 08:25:10] [DEBUG] RUNNING: taskset -c 0-71 env OMP_PLACES=cores OMP_PROC_BIND=close numactl --interleave=all ../build/cpu_param_sweep 262144 1024 1024 4
[2026-09-06 08:25:12] [DEBUG] RUNNING: taskset -c 0-71 env OMP_PLACES=cores OMP_PROC_BIND=spread numactl --interleave=all ../build/cpu_param_sweep 262144 1024 1024 10
[2026-09-06 08:25:14] [DEBUG] RUNNING: taskset -c 0-71 env OMP_PLACES=cores OMP_PROC_BIND=spread numactl --interleave=all ../build/cpu_param_sweep 262144 1024 1024 10
[2026-09-06 08:25:15] [DEBUG] RUNNING: taskset -c 0-71 env OMP_PLACES=cores OMP_PROC_BIND=spread numactl --interleave=all ../build/cpu_param_sweep 65536 1024 1024 54
[2026-09-06 08:25:15] [DEBUG] RUNNING: taskset -c 0-71 env OMP_PLACES=cores OMP_PROC_BIND=spread numactl --interleave=all ../build/cpu_param_sweep 262144 1024 1024 72
[2026-09-06 08:25:16] [DEBUG] RUNNING: taskset -c 0-71 env OMP_PLACES=cores OMP_PROC_BIND=close numactl --interleave=all ../build/cpu_param_sweep 262144 1024 1024 18
[2026-09-06 08:25:17] [DEBUG] RUNNING: taskset -c 0-71 env OMP_PLACES=cores OMP_PROC_BIND=close numactl --interleave=all ../build/cpu_param_sweep 262144 1024 1024 18
[2026-09-06 08:25:17] [DEBUG] RUNNING: taskset -c 0-71 env OMP_PLACES=cores OMP_PROC_BIND=close numactl --interleave=all ../build/cpu_param_sweep 65536 1024 1024 16
[2026-09-06 08:25:18] [DEBUG] RUNNING: taskset -c 0-71 env OMP_PLACES=cores OMP_PROC_BIND=spread numactl --interleave=all ../build/cpu_param_sweep 65536 1024 1024 36
[2026-09-06 08:25:18] [DEBUG] RUNNING: taskset -c 0-71 env OMP_PLACES=cores OMP_PROC_BIND=spread numactl --interleave=all ../build/cpu_param_sweep 65536 1024 1024 72
[2026-09-06 08:25:18] [DEBUG] RUNNING: taskset -c 0-71 env OMP_PLACES=cores OMP_PROC_BIND=close numactl --interleave=all ../build/cpu_param_sweep 262144 1024 1024 2
[2026-09-06 08:25:22] [DEBUG] RUNNING: taskset -c 0-71 env OMP_PLACES=cores OMP_PROC_BIND=close numactl --interleave=all ../build/cpu_param_sweep 262144 1024 1024 10
[2026-09-06 08:25:24] [DEBUG] RUNNING: taskset -c 0-71 env OMP_PLACES=cores OMP_PROC_BIND=close numactl --interleave=all ../build/cpu_param_sweep 65536 1024 1024 8
[2026-09-06 08:25:24] [DEBUG] RUNNING: taskset -c 0-71 env OMP_PLACES=cores OMP_PROC_BIND=close numactl --interleave=all ../build/cpu_param_sweep 65536 1024 1024 10
[2026-09-06 08:25:24] [DEBUG] RUNNING: taskset -c 0-71 env OMP_PLACES=cores OMP_PROC_BIND=spread numactl --interleave=all ../build/cpu_param_sweep 65536 1024 1024 54
[2026-09-06 08:25:25] [DEBUG] RUNNING: taskset -c 0-71 env OMP_PLACES=cores OMP_PROC_BIND=close numactl --interleave=all ../build/cpu_param_sweep 262144 1024 1024 54
[2026-09-06 08:25:25] [DEBUG] RUNNING: taskset -c 0-71 env OMP_PLACES=cores OMP_PROC_BIND=spread numactl --interleave=all ../build/cpu_param_sweep 262144 1024 1024 54
[2026-09-06 08:25:26] [INFO] BUILDING: make -C ../ -f Makefile -B build/cpu_param_sweep GPU=NONE CC=clang OPT=-O3 APPLY_LTO=1 MARCH=native LIBPOPCNT=1 CPU_TILE=32 BITVECTOR_TILE=1024 BUFFER_SIZE=4096 OUTER_ROW_NUM=2 OUTER_COL_NUM=2 OUTER_VEC_BLK=2
[2026-09-06 08:25:37] [DEBUG] RUNNING: taskset -c 0-71 env OMP_PLACES=cores OMP_PROC_BIND=spread numactl --interleave=all ../build/cpu_param_sweep 65536 1024 1024 10
[2026-09-06 08:25:37] [DEBUG] RUNNING: taskset -c 0-71 env OMP_PLACES=cores OMP_PROC_BIND=close numactl --interleave=all ../build/cpu_param_sweep 262144 1024 1024 4
[2026-09-06 08:25:40] [DEBUG] RUNNING: taskset -c 0-71 env OMP_PLACES=cores OMP_PROC_BIND=close numactl --interleave=all ../build/cpu_param_sweep 65536 1024 1024 36
[2026-09-06 08:25:40] [DEBUG] RUNNING: taskset -c 0-71 env OMP_PLACES=cores OMP_PROC_BIND=close numactl --interleave=all ../build/cpu_param_sweep 262144 1024 1024 20
[2026-09-06 08:25:41] [DEBUG] RUNNING: taskset -c 0-71 env OMP_PLACES=cores OMP_PROC_BIND=close numactl --interleave=all ../build/cpu_param_sweep 262144 1024 1024 36
[2026-09-06 08:25:42] [DEBUG] RUNNING: taskset -c 0-71 env OMP_PLACES=cores OMP_PROC_BIND=close numactl --interleave=all ../build/cpu_param_sweep 262144 1024 1024 16
[2026-09-06 08:25:43] [DEBUG] RUNNING: taskset -c 0-71 env OMP_PLACES=cores OMP_PROC_BIND=spread numactl --interleave=all ../build/cpu_param_sweep 262144 1024 1024 20
[2026-09-06 08:25:43] [DEBUG] RUNNING: taskset -c 0-71 env OMP_PLACES=cores OMP_PROC_BIND=spread numactl --interleave=all ../build/cpu_param_sweep 65536 1024 1024 20
[2026-09-06 08:25:44] [DEBUG] RUNNING: taskset -c 0-71 env OMP_PLACES=cores OMP_PROC_BIND=close numactl --interleave=all ../build/cpu_param_sweep 65536 1024 1024 20
[2026-09-06 08:25:44] [DEBUG] RUNNING: taskset -c 0-71 env OMP_PLACES=cores OMP_PROC_BIND=spread numactl --interleave=all ../build/cpu_param_sweep 262144 1024 1024 16
[2026-09-06 08:25:45] [DEBUG] RUNNING: taskset -c 0-71 env OMP_PLACES=cores OMP_PROC_BIND=spread numactl --interleave=all ../build/cpu_param_sweep 262144 1024 1024 10
[2026-09-06 08:25:46] [DEBUG] RUNNING: taskset -c 0-71 env OMP_PLACES=cores OMP_PROC_BIND=spread numactl --interleave=all ../build/cpu_param_sweep 65536 1024 1024 8
[2026-09-06 08:25:47] [DEBUG] RUNNING: taskset -c 0-71 env OMP_PLACES=cores OMP_PROC_BIND=close numactl --interleave=all ../build/cpu_param_sweep 262144 1024 1024 20
[2026-09-06 08:25:48] [DEBUG] RUNNING: taskset -c 0-71 env OMP_PLACES=cores OMP_PROC_BIND=spread numactl --interleave=all ../build/cpu_param_sweep 262144 1024 1024 18
[2026-09-06 08:25:48] [DEBUG] RUNNING: taskset -c 0-71 env OMP_PLACES=cores OMP_PROC_BIND=spread numactl --interleave=all ../build/cpu_param_sweep 262144 1024 1024 2
[2026-09-06 08:25:54] [DEBUG] RUNNING: taskset -c 0-71 env OMP_PLACES=cores OMP_PROC_BIND=close numactl --interleave=all ../build/cpu_param_sweep 262144 1024 1024 2
[2026-09-06 08:26:00] [DEBUG] RUNNING: taskset -c 0-71 env OMP_PLACES=cores OMP_PROC_BIND=close numactl --interleave=all ../build/cpu_param_sweep 65536 1024 1024 10
[2026-09-06 08:26:01] [DEBUG] RUNNING: taskset -c 0-71 env OMP_PLACES=cores OMP_PROC_BIND=spread numactl --interleave=all ../build/cpu_param_sweep 65536 1024 1024 18
[2026-09-06 08:26:01] [DEBUG] RUNNING: taskset -c 0-71 env OMP_PLACES=cores OMP_PROC_BIND=close numactl --interleave=all ../build/cpu_param_sweep 262144 1024 1024 8
[2026-09-06 08:26:02] [DEBUG] RUNNING: taskset -c 0-71 env OMP_PLACES=cores OMP_PROC_BIND=close numactl --interleave=all ../build/cpu_param_sweep 262144 1024 1024 72
[2026-09-06 08:26:03] [DEBUG] RUNNING: taskset -c 0-71 env OMP_PLACES=cores OMP_PROC_BIND=close numactl --interleave=all ../build/cpu_param_sweep 65536 1024 1024 36
[2026-09-06 08:26:03] [DEBUG] RUNNING: taskset -c 0-71 env OMP_PLACES=cores OMP_PROC_BIND=spread numactl --interleave=all ../build/cpu_param_sweep 262144 1024 1024 8
[2026-09-06 08:26:05] [DEBUG] RUNNING: taskset -c 0-71 env OMP_PLACES=cores OMP_PROC_BIND=spread numactl --interleave=all ../build/cpu_param_sweep 65536 1024 1024 72
[2026-09-06 08:26:05] [DEBUG] RUNNING: taskset -c 0-71 env OMP_PLACES=cores OMP_PROC_BIND=spread numactl --interleave=all ../build/cpu_param_sweep 262144 1024 1024 36
[2026-09-06 08:26:06] [DEBUG] RUNNING: taskset -c 0-71 env OMP_PLACES=cores OMP_PROC_BIND=close numactl --interleave=all ../build/cpu_param_sweep 262144 1024 1024 1
[2026-09-06 08:26:17] [DEBUG] RUNNING: taskset -c 0-71 env OMP_PLACES=cores OMP_PROC_BIND=spread numactl --interleave=all ../build/cpu_param_sweep 262144 1024 1024 36
[2026-09-06 08:26:18] [DEBUG] RUNNING: taskset -c 0-71 env OMP_PLACES=cores OMP_PROC_BIND=spread numactl --interleave=all ../build/cpu_param_sweep 65536 1024 1024 4
[2026-09-06 08:26:18] [DEBUG] RUNNING: taskset -c 0-71 env OMP_PLACES=cores OMP_PROC_BIND=close numactl --interleave=all ../build/cpu_param_sweep 65536 1024 1024 2
[2026-09-06 08:26:20] [DEBUG] RUNNING: taskset -c 0-71 env OMP_PLACES=cores OMP_PROC_BIND=close numactl --interleave=all ../build/cpu_param_sweep 65536 1024 1024 72
[2026-09-06 08:26:20] [DEBUG] RUNNING: taskset -c 0-71 env OMP_PLACES=cores OMP_PROC_BIND=spread numactl --interleave=all ../build/cpu_param_sweep 65536 1024 1024 72
[2026-09-06 08:26:20] [DEBUG] RUNNING: taskset -c 0-71 env OMP_PLACES=cores OMP_PROC_BIND=spread numactl --interleave=all ../build/cpu_param_sweep 65536 1024 1024 36
[2026-09-06 08:26:20] [DEBUG] RUNNING: taskset -c 0-71 env OMP_PLACES=cores OMP_PROC_BIND=spread numactl --interleave=all ../build/cpu_param_sweep 262144 1024 1024 36
[2026-09-06 08:26:21] [DEBUG] RUNNING: taskset -c 0-71 env OMP_PLACES=cores OMP_PROC_BIND=close numactl --interleave=all ../build/cpu_param_sweep 262144 1024 1024 10
[2026-09-06 08:26:22] [DEBUG] RUNNING: taskset -c 0-71 env OMP_PLACES=cores OMP_PROC_BIND=spread numactl --interleave=all ../build/cpu_param_sweep 262144 1024 1024 72
[2026-09-06 08:26:23] [DEBUG] RUNNING: taskset -c 0-71 env OMP_PLACES=cores OMP_PROC_BIND=close numactl --interleave=all ../build/cpu_param_sweep 262144 1024 1024 16
[2026-09-06 08:26:24] [DEBUG] RUNNING: taskset -c 0-71 env OMP_PLACES=cores OMP_PROC_BIND=spread numactl --interleave=all ../build/cpu_param_sweep 262144 1024 1024 72
[2026-09-06 08:26:25] [DEBUG] RUNNING: taskset -c 0-71 env OMP_PLACES=cores OMP_PROC_BIND=spread numactl --interleave=all ../build/cpu_param_sweep 65536 1024 1024 54
[2026-09-06 08:26:25] [DEBUG] RUNNING: taskset -c 0-71 env OMP_PLACES=cores OMP_PROC_BIND=spread numactl --interleave=all ../build/cpu_param_sweep 262144 1024 1024 54
[2026-09-06 08:26:26] [DEBUG] RUNNING: taskset -c 0-71 env OMP_PLACES=cores OMP_PROC_BIND=spread numactl --interleave=all ../build/cpu_param_sweep 262144 1024 1024 2
[2026-09-06 08:26:32] [DEBUG] RUNNING: taskset -c 0-71 env OMP_PLACES=cores OMP_PROC_BIND=close numactl --interleave=all ../build/cpu_param_sweep 65536 1024 1024 20
[2026-09-06 08:26:32] [DEBUG] RUNNING: taskset -c 0-71 env OMP_PLACES=cores OMP_PROC_BIND=spread numactl --interleave=all ../build/cpu_param_sweep 65536 1024 1024 16
[2026-09-06 08:26:33] [DEBUG] RUNNING: taskset -c 0-71 env OMP_PLACES=cores OMP_PROC_BIND=close numactl --interleave=all ../build/cpu_param_sweep 262144 1024 1024 8
[2026-09-06 08:26:34] [DEBUG] RUNNING: taskset -c 0-71 env OMP_PLACES=cores OMP_PROC_BIND=close numactl --interleave=all ../build/cpu_param_sweep 262144 1024 1024 18
[2026-09-06 08:26:35] [DEBUG] RUNNING: taskset -c 0-71 env OMP_PLACES=cores OMP_PROC_BIND=close numactl --interleave=all ../build/cpu_param_sweep 65536 1024 1024 54
[2026-09-06 08:26:35] [DEBUG] RUNNING: taskset -c 0-71 env OMP_PLACES=cores OMP_PROC_BIND=spread numactl --interleave=all ../build/cpu_param_sweep 262144 1024 1024 20
[2026-09-06 08:26:36] [DEBUG] RUNNING: taskset -c 0-71 env OMP_PLACES=cores OMP_PROC_BIND=spread numactl --interleave=all ../build/cpu_param_sweep 65536 1024 1024 20
[2026-09-06 08:26:36] [DEBUG] RUNNING: taskset -c 0-71 env OMP_PLACES=cores OMP_PROC_BIND=close numactl --interleave=all ../build/cpu_param_sweep 65536 1024 1024 4
[2026-09-06 08:26:37] [DEBUG] RUNNING: taskset -c 0-71 env OMP_PLACES=cores OMP_PROC_BIND=close numactl --interleave=all ../build/cpu_param_sweep 65536 1024 1024 54
[2026-09-06 08:26:37] [DEBUG] RUNNING: taskset -c 0-71 env OMP_PLACES=cores OMP_PROC_BIND=close numactl --interleave=all ../build/cpu_param_sweep 65536 1024 1024 4
[2026-09-06 08:26:38] [DEBUG] RUNNING: taskset -c 0-71 env OMP_PLACES=cores OMP_PROC_BIND=spread numactl --interleave=all ../build/cpu_param_sweep 65536 1024 1024 2
[2026-09-06 08:26:39] [DEBUG] RUNNING: taskset -c 0-71 env OMP_PLACES=cores OMP_PROC_BIND=spread numactl --interleave=all ../build/cpu_param_sweep 262144 1024 1024 20
[2026-09-06 08:26:40] [DEBUG] RUNNING: taskset -c 0-71 env OMP_PLACES=cores OMP_PROC_BIND=spread numactl --interleave=all ../build/cpu_param_sweep 262144 1024 1024 8
[2026-09-06 08:26:42] [DEBUG] RUNNING: taskset -c 0-71 env OMP_PLACES=cores OMP_PROC_BIND=close numactl --interleave=all ../build/cpu_param_sweep 65536 1024 1024 72
[2026-09-06 08:26:42] [DEBUG] RUNNING: taskset -c 0-71 env OMP_PLACES=cores OMP_PROC_BIND=close numactl --interleave=all ../build/cpu_param_sweep 65536 1024 1024 54
[2026-09-06 08:26:42] [DEBUG] RUNNING: taskset -c 0-71 env OMP_PLACES=cores OMP_PROC_BIND=close numactl --interleave=all ../build/cpu_param_sweep 262144 1024 1024 1
[2026-09-06 08:26:53] [DEBUG] RUNNING: taskset -c 0-71 env OMP_PLACES=cores OMP_PROC_BIND=close numactl --interleave=all ../build/cpu_param_sweep 65536 1024 1024 36
[2026-09-06 08:26:54] [DEBUG] RUNNING: taskset -c 0-71 env OMP_PLACES=cores OMP_PROC_BIND=spread numactl --interleave=all ../build/cpu_param_sweep 262144 1024 1024 18
[2026-09-06 08:26:55] [DEBUG] RUNNING: taskset -c 0-71 env OMP_PLACES=cores OMP_PROC_BIND=close numactl --interleave=all ../build/cpu_param_sweep 65536 1024 1024 16
[2026-09-06 08:26:55] [DEBUG] RUNNING: taskset -c 0-71 env OMP_PLACES=cores OMP_PROC_BIND=close numactl --interleave=all ../build/cpu_param_sweep 65536 1024 1024 1
[2026-09-06 08:26:57] [DEBUG] RUNNING: taskset -c 0-71 env OMP_PLACES=cores OMP_PROC_BIND=close numactl --interleave=all ../build/cpu_param_sweep 65536 1024 1024 18
[2026-09-06 08:26:57] [DEBUG] RUNNING: taskset -c 0-71 env OMP_PLACES=cores OMP_PROC_BIND=close numactl --interleave=all ../build/cpu_param_sweep 262144 1024 1024 72
[2026-09-06 08:26:58] [DEBUG] RUNNING: taskset -c 0-71 env OMP_PLACES=cores OMP_PROC_BIND=spread numactl --interleave=all ../build/cpu_param_sweep 65536 1024 1024 10
[2026-09-06 08:26:59] [DEBUG] RUNNING: taskset -c 0-71 env OMP_PLACES=cores OMP_PROC_BIND=close numactl --interleave=all ../build/cpu_param_sweep 65536 1024 1024 8
[2026-09-06 08:26:59] [DEBUG] RUNNING: taskset -c 0-71 env OMP_PLACES=cores OMP_PROC_BIND=spread numactl --interleave=all ../build/cpu_param_sweep 65536 1024 1024 16
[2026-09-06 08:26:59] [DEBUG] RUNNING: taskset -c 0-71 env OMP_PLACES=cores OMP_PROC_BIND=spread numactl --interleave=all ../build/cpu_param_sweep 262144 1024 1024 8
[2026-09-06 08:27:01] [DEBUG] RUNNING: taskset -c 0-71 env OMP_PLACES=cores OMP_PROC_BIND=spread numactl --interleave=all ../build/cpu_param_sweep 65536 1024 1024 36
[2026-09-06 08:27:01] [DEBUG] RUNNING: taskset -c 0-71 env OMP_PLACES=cores OMP_PROC_BIND=spread numactl --interleave=all ../build/cpu_param_sweep 262144 1024 1024 4
[2026-09-06 08:27:04] [DEBUG] RUNNING: taskset -c 0-71 env OMP_PLACES=cores OMP_PROC_BIND=spread numactl --interleave=all ../build/cpu_param_sweep 262144 1024 1024 54
[2026-09-06 08:27:05] [DEBUG] RUNNING: taskset -c 0-71 env OMP_PLACES=cores OMP_PROC_BIND=spread numactl --interleave=all ../build/cpu_param_sweep 65536 1024 1024 18
[2026-09-06 08:27:05] [DEBUG] RUNNING: taskset -c 0-71 env OMP_PLACES=cores OMP_PROC_BIND=spread numactl --interleave=all ../build/cpu_param_sweep 65536 1024 1024 10
[2026-09-06 08:27:05] [DEBUG] RUNNING: taskset -c 0-71 env OMP_PLACES=cores OMP_PROC_BIND=close numactl --interleave=all ../build/cpu_param_sweep 262144 1024 1024 36
[2026-09-06 08:27:06] [DEBUG] RUNNING: taskset -c 0-71 env OMP_PLACES=cores OMP_PROC_BIND=spread numactl --interleave=all ../build/cpu_param_sweep 262144 1024 1024 4
[2026-09-06 08:27:09] [DEBUG] RUNNING: taskset -c 0-71 env OMP_PLACES=cores OMP_PROC_BIND=spread numactl --interleave=all ../build/cpu_param_sweep 65536 1024 1024 18
[2026-09-06 08:27:09] [DEBUG] RUNNING: taskset -c 0-71 env OMP_PLACES=cores OMP_PROC_BIND=spread numactl --interleave=all ../build/cpu_param_sweep 262144 1024 1024 16
[2026-09-06 08:27:10] [DEBUG] RUNNING: taskset -c 0-71 env OMP_PLACES=cores OMP_PROC_BIND=close numactl --interleave=all ../build/cpu_param_sweep 65536 1024 1024 10
[2026-09-06 08:27:11] [DEBUG] RUNNING: taskset -c 0-71 env OMP_PLACES=cores OMP_PROC_BIND=spread numactl --interleave=all ../build/cpu_param_sweep 65536 1024 1024 2
[2026-09-06 08:27:12] [DEBUG] RUNNING: taskset -c 0-71 env OMP_PLACES=cores OMP_PROC_BIND=spread numactl --interleave=all ../build/cpu_param_sweep 262144 1024 1024 1
[2026-09-06 08:27:23] [DEBUG] RUNNING: taskset -c 0-71 env OMP_PLACES=cores OMP_PROC_BIND=spread numactl --interleave=all ../build/cpu_param_sweep 65536 1024 1024 1
[2026-09-06 08:27:26] [DEBUG] RUNNING: taskset -c 0-71 env OMP_PLACES=cores OMP_PROC_BIND=close numactl --interleave=all ../build/cpu_param_sweep 262144 1024 1024 4
[2026-09-06 08:27:29] [DEBUG] RUNNING: taskset -c 0-71 env OMP_PLACES=cores OMP_PROC_BIND=close numactl --interleave=all ../build/cpu_param_sweep 262144 1024 1024 72
[2026-09-06 08:27:29] [DEBUG] RUNNING: taskset -c 0-71 env OMP_PLACES=cores OMP_PROC_BIND=spread numactl --interleave=all ../build/cpu_param_sweep 65536 1024 1024 20
[2026-09-06 08:27:30] [DEBUG] RUNNING: taskset -c 0-71 env OMP_PLACES=cores OMP_PROC_BIND=spread numactl --interleave=all ../build/cpu_param_sweep 262144 1024 1024 16
[2026-09-06 08:27:31] [DEBUG] RUNNING: taskset -c 0-71 env OMP_PLACES=cores OMP_PROC_BIND=close numactl --interleave=all ../build/cpu_param_sweep 65536 1024 1024 18
[2026-09-06 08:27:31] [DEBUG] RUNNING: taskset -c 0-71 env OMP_PLACES=cores OMP_PROC_BIND=close numactl --interleave=all ../build/cpu_param_sweep 65536 1024 1024 18
[2026-09-06 08:27:31] [DEBUG] RUNNING: taskset -c 0-71 env OMP_PLACES=cores OMP_PROC_BIND=close numactl --interleave=all ../build/cpu_param_sweep 262144 1024 1024 20
[2026-09-06 08:27:32] [DEBUG] RUNNING: taskset -c 0-71 env OMP_PLACES=cores OMP_PROC_BIND=close numactl --interleave=all ../build/cpu_param_sweep 262144 1024 1024 1
[2026-09-06 08:27:43] [DEBUG] RUNNING: taskset -c 0-71 env OMP_PLACES=cores OMP_PROC_BIND=close numactl --interleave=all ../build/cpu_param_sweep 65536 1024 1024 1
[2026-09-06 08:27:46] [DEBUG] RUNNING: taskset -c 0-71 env OMP_PLACES=cores OMP_PROC_BIND=close numactl --interleave=all ../build/cpu_param_sweep 65536 1024 1024 16
[2026-09-06 08:27:46] [DEBUG] RUNNING: taskset -c 0-71 env OMP_PLACES=cores OMP_PROC_BIND=spread numactl --interleave=all ../build/cpu_param_sweep 262144 1024 1024 1
[2026-09-06 08:27:57] [DEBUG] RUNNING: taskset -c 0-71 env OMP_PLACES=cores OMP_PROC_BIND=close numactl --interleave=all ../build/cpu_param_sweep 262144 1024 1024 54
[2026-09-06 08:27:58] [DEBUG] RUNNING: taskset -c 0-71 env OMP_PLACES=cores OMP_PROC_BIND=close numactl --interleave=all ../build/cpu_param_sweep 65536 1024 1024 2
[2026-09-06 08:27:59] [DEBUG] RUNNING: taskset -c 0-71 env OMP_PLACES=cores OMP_PROC_BIND=spread numactl --interleave=all ../build/cpu_param_sweep 262144 1024 1024 4
[2026-09-06 08:28:02] [DEBUG] RUNNING: taskset -c 0-71 env OMP_PLACES=cores OMP_PROC_BIND=spread numactl --interleave=all ../build/cpu_param_sweep 65536 1024 1024 8
[2026-09-06 08:28:03] [DEBUG] RUNNING: taskset -c 0-71 env OMP_PLACES=cores OMP_PROC_BIND=close numactl --interleave=all ../build/cpu_param_sweep 262144 1024 1024 2
[2026-09-06 08:28:09] [DEBUG] RUNNING: taskset -c 0-71 env OMP_PLACES=cores OMP_PROC_BIND=spread numactl --interleave=all ../build/cpu_param_sweep 262144 1024 1024 1
[2026-09-06 08:28:20] [DEBUG] RUNNING: taskset -c 0-71 env OMP_PLACES=cores OMP_PROC_BIND=spread numactl --interleave=all ../build/cpu_param_sweep 65536 1024 1024 1
[2026-09-06 08:28:23] [DEBUG] RUNNING: taskset -c 0-71 env OMP_PLACES=cores OMP_PROC_BIND=close numactl --interleave=all ../build/cpu_param_sweep 65536 1024 1024 8
[2026-09-06 08:28:23] [DEBUG] RUNNING: taskset -c 0-71 env OMP_PLACES=cores OMP_PROC_BIND=spread numactl --interleave=all ../build/cpu_param_sweep 262144 1024 1024 2
[2026-09-06 08:28:29] [DEBUG] RUNNING: taskset -c 0-71 env OMP_PLACES=cores OMP_PROC_BIND=close numactl --interleave=all ../build/cpu_param_sweep 262144 1024 1024 54
[2026-09-06 08:28:30] [DEBUG] RUNNING: taskset -c 0-71 env OMP_PLACES=cores OMP_PROC_BIND=close numactl --interleave=all ../build/cpu_param_sweep 65536 1024 1024 72
[2026-09-06 08:28:30] [DEBUG] RUNNING: taskset -c 0-71 env OMP_PLACES=cores OMP_PROC_BIND=close numactl --interleave=all ../build/cpu_param_sweep 65536 1024 1024 20
[2026-09-06 08:28:30] [DEBUG] RUNNING: taskset -c 0-71 env OMP_PLACES=cores OMP_PROC_BIND=close numactl --interleave=all ../build/cpu_param_sweep 262144 1024 1024 10
[2026-09-06 08:28:32] [DEBUG] RUNNING: taskset -c 0-71 env OMP_PLACES=cores OMP_PROC_BIND=close numactl --interleave=all ../build/cpu_param_sweep 262144 1024 1024 8
[2026-09-06 08:28:33] [DEBUG] RUNNING: taskset -c 0-71 env OMP_PLACES=cores OMP_PROC_BIND=spread numactl --interleave=all ../build/cpu_param_sweep 65536 1024 1024 16
[2026-09-06 08:28:33] [DEBUG] RUNNING: taskset -c 0-71 env OMP_PLACES=cores OMP_PROC_BIND=spread numactl --interleave=all ../build/cpu_param_sweep 65536 1024 1024 1
[2026-09-06 08:28:36] [DEBUG] RUNNING: taskset -c 0-71 env OMP_PLACES=cores OMP_PROC_BIND=spread numactl --interleave=all ../build/cpu_param_sweep 65536 1024 1024 8
[2026-09-06 08:28:36] [DEBUG] RUNNING: taskset -c 0-71 env OMP_PLACES=cores OMP_PROC_BIND=spread numactl --interleave=all ../build/cpu_param_sweep 65536 1024 1024 2
[2026-09-06 08:28:38] [DEBUG] RUNNING: taskset -c 0-71 env OMP_PLACES=cores OMP_PROC_BIND=spread numactl --interleave=all ../build/cpu_param_sweep 262144 1024 1024 18
[2026-09-06 08:28:38] [DEBUG] RUNNING: taskset -c 0-71 env OMP_PLACES=cores OMP_PROC_BIND=close numactl --interleave=all ../build/cpu_param_sweep 65536 1024 1024 4
[2026-09-06 08:28:39] [DEBUG] RUNNING: taskset -c 0-71 env OMP_PLACES=cores OMP_PROC_BIND=close numactl --interleave=all ../build/cpu_param_sweep 65536 1024 1024 1
[2026-09-06 08:28:41] [DEBUG] RUNNING: taskset -c 0-71 env OMP_PLACES=cores OMP_PROC_BIND=close numactl --interleave=all ../build/cpu_param_sweep 262144 1024 1024 16
[2026-09-06 08:28:42] [DEBUG] RUNNING: taskset -c 0-71 env OMP_PLACES=cores OMP_PROC_BIND=spread numactl --interleave=all ../build/cpu_param_sweep 65536 1024 1024 4
[2026-09-06 08:28:43] [DEBUG] RUNNING: taskset -c 0-71 env OMP_PLACES=cores OMP_PROC_BIND=close numactl --interleave=all ../build/cpu_param_sweep 262144 1024 1024 36
[2026-09-06 08:28:44] [DEBUG] RUNNING: taskset -c 0-71 env OMP_PLACES=cores OMP_PROC_BIND=spread numactl --interleave=all ../build/cpu_param_sweep 65536 1024 1024 4
[2026-09-06 08:28:44] [DEBUG] RUNNING: taskset -c 0-71 env OMP_PLACES=cores OMP_PROC_BIND=close numactl --interleave=all ../build/cpu_param_sweep 65536 1024 1024 2
[2026-09-06 08:28:46] [DEBUG] RUNNING: taskset -c 0-71 env OMP_PLACES=cores OMP_PROC_BIND=close numactl --interleave=all ../build/cpu_param_sweep 262144 1024 1024 4
[2026-09-06 08:28:49] [DEBUG] RUNNING: taskset -c 0-71 env OMP_PLACES=cores OMP_PROC_BIND=spread numactl --interleave=all ../build/cpu_param_sweep 262144 1024 1024 10
[2026-09-06 08:28:50] [DEBUG] RUNNING: taskset -c 0-71 env OMP_PLACES=cores OMP_PROC_BIND=spread numactl --interleave=all ../build/cpu_param_sweep 262144 1024 1024 10
[2026-09-06 08:28:52] [DEBUG] RUNNING: taskset -c 0-71 env OMP_PLACES=cores OMP_PROC_BIND=spread numactl --interleave=all ../build/cpu_param_sweep 65536 1024 1024 54
[2026-09-06 08:28:52] [DEBUG] RUNNING: taskset -c 0-71 env OMP_PLACES=cores OMP_PROC_BIND=spread numactl --interleave=all ../build/cpu_param_sweep 262144 1024 1024 72
[2026-09-06 08:28:53] [DEBUG] RUNNING: taskset -c 0-71 env OMP_PLACES=cores OMP_PROC_BIND=close numactl --interleave=all ../build/cpu_param_sweep 262144 1024 1024 18
[2026-09-06 08:28:54] [DEBUG] RUNNING: taskset -c 0-71 env OMP_PLACES=cores OMP_PROC_BIND=close numactl --interleave=all ../build/cpu_param_sweep 262144 1024 1024 18
[2026-09-06 08:28:55] [DEBUG] RUNNING: taskset -c 0-71 env OMP_PLACES=cores OMP_PROC_BIND=close numactl --interleave=all ../build/cpu_param_sweep 65536 1024 1024 16
[2026-09-06 08:28:55] [DEBUG] RUNNING: taskset -c 0-71 env OMP_PLACES=cores OMP_PROC_BIND=spread numactl --interleave=all ../build/cpu_param_sweep 65536 1024 1024 36
[2026-09-06 08:28:55] [DEBUG] RUNNING: taskset -c 0-71 env OMP_PLACES=cores OMP_PROC_BIND=spread numactl --interleave=all ../build/cpu_param_sweep 65536 1024 1024 72
[2026-09-06 08:28:55] [DEBUG] RUNNING: taskset -c 0-71 env OMP_PLACES=cores OMP_PROC_BIND=close numactl --interleave=all ../build/cpu_param_sweep 262144 1024 1024 2
[2026-09-06 08:29:01] [DEBUG] RUNNING: taskset -c 0-71 env OMP_PLACES=cores OMP_PROC_BIND=close numactl --interleave=all ../build/cpu_param_sweep 262144 1024 1024 10
[2026-09-06 08:29:03] [DEBUG] RUNNING: taskset -c 0-71 env OMP_PLACES=cores OMP_PROC_BIND=close numactl --interleave=all ../build/cpu_param_sweep 65536 1024 1024 8
[2026-09-06 08:29:03] [DEBUG] RUNNING: taskset -c 0-71 env OMP_PLACES=cores OMP_PROC_BIND=close numactl --interleave=all ../build/cpu_param_sweep 65536 1024 1024 10
[2026-09-06 08:29:03] [DEBUG] RUNNING: taskset -c 0-71 env OMP_PLACES=cores OMP_PROC_BIND=spread numactl --interleave=all ../build/cpu_param_sweep 65536 1024 1024 54
[2026-09-06 08:29:04] [DEBUG] RUNNING: taskset -c 0-71 env OMP_PLACES=cores OMP_PROC_BIND=close numactl --interleave=all ../build/cpu_param_sweep 262144 1024 1024 54
[2026-09-06 08:29:04] [DEBUG] RUNNING: taskset -c 0-71 env OMP_PLACES=cores OMP_PROC_BIND=spread numactl --interleave=all ../build/cpu_param_sweep 262144 1024 1024 54
[2026-09-06 08:29:05] [INFO] BUILDING: make -C ../ -f Makefile -B build/cpu_param_sweep GPU=NONE CC=gcc OPT=-O3 APPLY_LTO=1 MARCH=native LIBPOPCNT=0 CPU_TILE=32 BITVECTOR_TILE=1024 BUFFER_SIZE=4096 OUTER_ROW_NUM=4 OUTER_COL_NUM=2 OUTER_VEC_BLK=4
[2026-09-06 08:29:13] [DEBUG] RUNNING: taskset -c 0-71 env OMP_PLACES=cores OMP_PROC_BIND=spread numactl --interleave=all ../build/cpu_param_sweep 65536 1024 1024 10
[2026-09-06 08:29:13] [DEBUG] RUNNING: taskset -c 0-71 env OMP_PLACES=cores OMP_PROC_BIND=close numactl --interleave=all ../build/cpu_param_sweep 262144 1024 1024 4
[2026-09-06 08:29:16] [DEBUG] RUNNING: taskset -c 0-71 env OMP_PLACES=cores OMP_PROC_BIND=close numactl --interleave=all ../build/cpu_param_sweep 65536 1024 1024 36
[2026-09-06 08:29:16] [DEBUG] RUNNING: taskset -c 0-71 env OMP_PLACES=cores OMP_PROC_BIND=close numactl --interleave=all ../build/cpu_param_sweep 262144 1024 1024 20
[2026-09-06 08:29:17] [DEBUG] RUNNING: taskset -c 0-71 env OMP_PLACES=cores OMP_PROC_BIND=close numactl --interleave=all ../build/cpu_param_sweep 262144 1024 1024 36
[2026-09-06 08:29:17] [DEBUG] RUNNING: taskset -c 0-71 env OMP_PLACES=cores OMP_PROC_BIND=close numactl --interleave=all ../build/cpu_param_sweep 262144 1024 1024 16
[2026-09-06 08:29:18] [DEBUG] RUNNING: taskset -c 0-71 env OMP_PLACES=cores OMP_PROC_BIND=spread numactl --interleave=all ../build/cpu_param_sweep 262144 1024 1024 20
[2026-09-06 08:29:19] [DEBUG] RUNNING: taskset -c 0-71 env OMP_PLACES=cores OMP_PROC_BIND=spread numactl --interleave=all ../build/cpu_param_sweep 65536 1024 1024 20
[2026-09-06 08:29:19] [DEBUG] RUNNING: taskset -c 0-71 env OMP_PLACES=cores OMP_PROC_BIND=close numactl --interleave=all ../build/cpu_param_sweep 65536 1024 1024 20
[2026-09-06 08:29:19] [DEBUG] RUNNING: taskset -c 0-71 env OMP_PLACES=cores OMP_PROC_BIND=spread numactl --interleave=all ../build/cpu_param_sweep 262144 1024 1024 16
[2026-09-06 08:29:20] [DEBUG] RUNNING: taskset -c 0-71 env OMP_PLACES=cores OMP_PROC_BIND=spread numactl --interleave=all ../build/cpu_param_sweep 262144 1024 1024 10
[2026-09-06 08:29:21] [DEBUG] RUNNING: taskset -c 0-71 env OMP_PLACES=cores OMP_PROC_BIND=spread numactl --interleave=all ../build/cpu_param_sweep 65536 1024 1024 8
[2026-09-06 08:29:21] [DEBUG] RUNNING: taskset -c 0-71 env OMP_PLACES=cores OMP_PROC_BIND=close numactl --interleave=all ../build/cpu_param_sweep 262144 1024 1024 20
[2026-09-06 08:29:22] [DEBUG] RUNNING: taskset -c 0-71 env OMP_PLACES=cores OMP_PROC_BIND=spread numactl --interleave=all ../build/cpu_param_sweep 262144 1024 1024 18
[2026-09-06 08:29:23] [DEBUG] RUNNING: taskset -c 0-71 env OMP_PLACES=cores OMP_PROC_BIND=spread numactl --interleave=all ../build/cpu_param_sweep 262144 1024 1024 2
[2026-09-06 08:29:28] [DEBUG] RUNNING: taskset -c 0-71 env OMP_PLACES=cores OMP_PROC_BIND=close numactl --interleave=all ../build/cpu_param_sweep 262144 1024 1024 2
[2026-09-06 08:29:32] [DEBUG] RUNNING: taskset -c 0-71 env OMP_PLACES=cores OMP_PROC_BIND=close numactl --interleave=all ../build/cpu_param_sweep 65536 1024 1024 10
[2026-09-06 08:29:32] [DEBUG] RUNNING: taskset -c 0-71 env OMP_PLACES=cores OMP_PROC_BIND=spread numactl --interleave=all ../build/cpu_param_sweep 65536 1024 1024 18
[2026-09-06 08:29:33] [DEBUG] RUNNING: taskset -c 0-71 env OMP_PLACES=cores OMP_PROC_BIND=close numactl --interleave=all ../build/cpu_param_sweep 262144 1024 1024 8
[2026-09-06 08:29:34] [DEBUG] RUNNING: taskset -c 0-71 env OMP_PLACES=cores OMP_PROC_BIND=close numactl --interleave=all ../build/cpu_param_sweep 262144 1024 1024 72
[2026-09-06 08:29:35] [DEBUG] RUNNING: taskset -c 0-71 env OMP_PLACES=cores OMP_PROC_BIND=close numactl --interleave=all ../build/cpu_param_sweep 65536 1024 1024 36
[2026-09-06 08:29:35] [DEBUG] RUNNING: taskset -c 0-71 env OMP_PLACES=cores OMP_PROC_BIND=spread numactl --interleave=all ../build/cpu_param_sweep 262144 1024 1024 8
[2026-09-06 08:29:36] [DEBUG] RUNNING: taskset -c 0-71 env OMP_PLACES=cores OMP_PROC_BIND=spread numactl --interleave=all ../build/cpu_param_sweep 65536 1024 1024 72
[2026-09-06 08:29:36] [DEBUG] RUNNING: taskset -c 0-71 env OMP_PLACES=cores OMP_PROC_BIND=spread numactl --interleave=all ../build/cpu_param_sweep 262144 1024 1024 36
[2026-09-06 08:29:37] [DEBUG] RUNNING: taskset -c 0-71 env OMP_PLACES=cores OMP_PROC_BIND=close numactl --interleave=all ../build/cpu_param_sweep 262144 1024 1024 1
[2026-09-06 08:29:46] [DEBUG] RUNNING: taskset -c 0-71 env OMP_PLACES=cores OMP_PROC_BIND=spread numactl --interleave=all ../build/cpu_param_sweep 262144 1024 1024 36
[2026-09-06 08:29:46] [DEBUG] RUNNING: taskset -c 0-71 env OMP_PLACES=cores OMP_PROC_BIND=spread numactl --interleave=all ../build/cpu_param_sweep 65536 1024 1024 4
[2026-09-06 08:29:47] [DEBUG] RUNNING: taskset -c 0-71 env OMP_PLACES=cores OMP_PROC_BIND=close numactl --interleave=all ../build/cpu_param_sweep 65536 1024 1024 2
[2026-09-06 08:29:48] [DEBUG] RUNNING: taskset -c 0-71 env OMP_PLACES=cores OMP_PROC_BIND=close numactl --interleave=all ../build/cpu_param_sweep 65536 1024 1024 72
[2026-09-06 08:29:48] [DEBUG] RUNNING: taskset -c 0-71 env OMP_PLACES=cores OMP_PROC_BIND=spread numactl --interleave=all ../build/cpu_param_sweep 65536 1024 1024 72
[2026-09-06 08:29:48] [DEBUG] RUNNING: taskset -c 0-71 env OMP_PLACES=cores OMP_PROC_BIND=spread numactl --interleave=all ../build/cpu_param_sweep 65536 1024 1024 36
[2026-09-06 08:29:48] [DEBUG] RUNNING: taskset -c 0-71 env OMP_PLACES=cores OMP_PROC_BIND=spread numactl --interleave=all ../build/cpu_param_sweep 262144 1024 1024 36
[2026-09-06 08:29:49] [DEBUG] RUNNING: taskset -c 0-71 env OMP_PLACES=cores OMP_PROC_BIND=close numactl --interleave=all ../build/cpu_param_sweep 262144 1024 1024 10
[2026-09-06 08:29:50] [DEBUG] RUNNING: taskset -c 0-71 env OMP_PLACES=cores OMP_PROC_BIND=spread numactl --interleave=all ../build/cpu_param_sweep 262144 1024 1024 72
[2026-09-06 08:29:51] [DEBUG] RUNNING: taskset -c 0-71 env OMP_PLACES=cores OMP_PROC_BIND=close numactl --interleave=all ../build/cpu_param_sweep 262144 1024 1024 16
[2026-09-06 08:29:51] [DEBUG] RUNNING: taskset -c 0-71 env OMP_PLACES=cores OMP_PROC_BIND=spread numactl --interleave=all ../build/cpu_param_sweep 262144 1024 1024 72
[2026-09-06 08:29:52] [DEBUG] RUNNING: taskset -c 0-71 env OMP_PLACES=cores OMP_PROC_BIND=spread numactl --interleave=all ../build/cpu_param_sweep 65536 1024 1024 54
[2026-09-06 08:29:52] [DEBUG] RUNNING: taskset -c 0-71 env OMP_PLACES=cores OMP_PROC_BIND=spread numactl --interleave=all ../build/cpu_param_sweep 262144 1024 1024 54
[2026-09-06 08:29:53] [DEBUG] RUNNING: taskset -c 0-71 env OMP_PLACES=cores OMP_PROC_BIND=spread numactl --interleave=all ../build/cpu_param_sweep 262144 1024 1024 2
[2026-09-06 08:29:57] [DEBUG] RUNNING: taskset -c 0-71 env OMP_PLACES=cores OMP_PROC_BIND=close numactl --interleave=all ../build/cpu_param_sweep 65536 1024 1024 20
[2026-09-06 08:29:58] [DEBUG] RUNNING: taskset -c 0-71 env OMP_PLACES=cores OMP_PROC_BIND=spread numactl --interleave=all ../build/cpu_param_sweep 65536 1024 1024 16
[2026-09-06 08:29:58] [DEBUG] RUNNING: taskset -c 0-71 env OMP_PLACES=cores OMP_PROC_BIND=close numactl --interleave=all ../build/cpu_param_sweep 262144 1024 1024 8
[2026-09-06 08:29:59] [DEBUG] RUNNING: taskset -c 0-71 env OMP_PLACES=cores OMP_PROC_BIND=close numactl --interleave=all ../build/cpu_param_sweep 262144 1024 1024 18
[2026-09-06 08:30:00] [DEBUG] RUNNING: taskset -c 0-71 env OMP_PLACES=cores OMP_PROC_BIND=close numactl --interleave=all ../build/cpu_param_sweep 65536 1024 1024 54
[2026-09-06 08:30:00] [DEBUG] RUNNING: taskset -c 0-71 env OMP_PLACES=cores OMP_PROC_BIND=spread numactl --interleave=all ../build/cpu_param_sweep 262144 1024 1024 20
[2026-09-06 08:30:01] [DEBUG] RUNNING: taskset -c 0-71 env OMP_PLACES=cores OMP_PROC_BIND=spread numactl --interleave=all ../build/cpu_param_sweep 65536 1024 1024 20
[2026-09-06 08:30:01] [DEBUG] RUNNING: taskset -c 0-71 env OMP_PLACES=cores OMP_PROC_BIND=close numactl --interleave=all ../build/cpu_param_sweep 65536 1024 1024 4
[2026-09-06 08:30:02] [DEBUG] RUNNING: taskset -c 0-71 env OMP_PLACES=cores OMP_PROC_BIND=close numactl --interleave=all ../build/cpu_param_sweep 65536 1024 1024 54
[2026-09-06 08:30:02] [DEBUG] RUNNING: taskset -c 0-71 env OMP_PLACES=cores OMP_PROC_BIND=close numactl --interleave=all ../build/cpu_param_sweep 65536 1024 1024 4
[2026-09-06 08:30:03] [DEBUG] RUNNING: taskset -c 0-71 env OMP_PLACES=cores OMP_PROC_BIND=spread numactl --interleave=all ../build/cpu_param_sweep 65536 1024 1024 2
[2026-09-06 08:30:04] [DEBUG] RUNNING: taskset -c 0-71 env OMP_PLACES=cores OMP_PROC_BIND=spread numactl --interleave=all ../build/cpu_param_sweep 262144 1024 1024 20
[2026-09-06 08:30:04] [DEBUG] RUNNING: taskset -c 0-71 env OMP_PLACES=cores OMP_PROC_BIND=spread numactl --interleave=all ../build/cpu_param_sweep 262144 1024 1024 8
[2026-09-06 08:30:06] [DEBUG] RUNNING: taskset -c 0-71 env OMP_PLACES=cores OMP_PROC_BIND=close numactl --interleave=all ../build/cpu_param_sweep 65536 1024 1024 72
[2026-09-06 08:30:06] [DEBUG] RUNNING: taskset -c 0-71 env OMP_PLACES=cores OMP_PROC_BIND=close numactl --interleave=all ../build/cpu_param_sweep 65536 1024 1024 54
[2026-09-06 08:30:06] [DEBUG] RUNNING: taskset -c 0-71 env OMP_PLACES=cores OMP_PROC_BIND=close numactl --interleave=all ../build/cpu_param_sweep 262144 1024 1024 1
[2026-09-06 08:30:15] [DEBUG] RUNNING: taskset -c 0-71 env OMP_PLACES=cores OMP_PROC_BIND=close numactl --interleave=all ../build/cpu_param_sweep 65536 1024 1024 36
[2026-09-06 08:30:15] [DEBUG] RUNNING: taskset -c 0-71 env OMP_PLACES=cores OMP_PROC_BIND=spread numactl --interleave=all ../build/cpu_param_sweep 262144 1024 1024 18
[2026-09-06 08:30:16] [DEBUG] RUNNING: taskset -c 0-71 env OMP_PLACES=cores OMP_PROC_BIND=close numactl --interleave=all ../build/cpu_param_sweep 65536 1024 1024 16
[2026-09-06 08:30:16] [DEBUG] RUNNING: taskset -c 0-71 env OMP_PLACES=cores OMP_PROC_BIND=close numactl --interleave=all ../build/cpu_param_sweep 65536 1024 1024 1
[2026-09-06 08:30:18] [DEBUG] RUNNING: taskset -c 0-71 env OMP_PLACES=cores OMP_PROC_BIND=close numactl --interleave=all ../build/cpu_param_sweep 65536 1024 1024 18
[2026-09-06 08:30:18] [DEBUG] RUNNING: taskset -c 0-71 env OMP_PLACES=cores OMP_PROC_BIND=close numactl --interleave=all ../build/cpu_param_sweep 262144 1024 1024 72
[2026-09-06 08:30:19] [DEBUG] RUNNING: taskset -c 0-71 env OMP_PLACES=cores OMP_PROC_BIND=spread numactl --interleave=all ../build/cpu_param_sweep 65536 1024 1024 10
[2026-09-06 08:30:19] [DEBUG] RUNNING: taskset -c 0-71 env OMP_PLACES=cores OMP_PROC_BIND=close numactl --interleave=all ../build/cpu_param_sweep 65536 1024 1024 8
[2026-09-06 08:30:20] [DEBUG] RUNNING: taskset -c 0-71 env OMP_PLACES=cores OMP_PROC_BIND=spread numactl --interleave=all ../build/cpu_param_sweep 65536 1024 1024 16
[2026-09-06 08:30:20] [DEBUG] RUNNING: taskset -c 0-71 env OMP_PLACES=cores OMP_PROC_BIND=spread numactl --interleave=all ../build/cpu_param_sweep 262144 1024 1024 8
[2026-09-06 08:30:21] [DEBUG] RUNNING: taskset -c 0-71 env OMP_PLACES=cores OMP_PROC_BIND=spread numactl --interleave=all ../build/cpu_param_sweep 65536 1024 1024 36
[2026-09-06 08:30:21] [DEBUG] RUNNING: taskset -c 0-71 env OMP_PLACES=cores OMP_PROC_BIND=spread numactl --interleave=all ../build/cpu_param_sweep 262144 1024 1024 4
[2026-09-06 08:30:24] [DEBUG] RUNNING: taskset -c 0-71 env OMP_PLACES=cores OMP_PROC_BIND=spread numactl --interleave=all ../build/cpu_param_sweep 262144 1024 1024 54
[2026-09-06 08:30:25] [DEBUG] RUNNING: taskset -c 0-71 env OMP_PLACES=cores OMP_PROC_BIND=spread numactl --interleave=all ../build/cpu_param_sweep 65536 1024 1024 18
[2026-09-06 08:30:25] [DEBUG] RUNNING: taskset -c 0-71 env OMP_PLACES=cores OMP_PROC_BIND=spread numactl --interleave=all ../build/cpu_param_sweep 65536 1024 1024 10
[2026-09-06 08:30:25] [DEBUG] RUNNING: taskset -c 0-71 env OMP_PLACES=cores OMP_PROC_BIND=close numactl --interleave=all ../build/cpu_param_sweep 262144 1024 1024 36
[2026-09-06 08:30:26] [DEBUG] RUNNING: taskset -c 0-71 env OMP_PLACES=cores OMP_PROC_BIND=spread numactl --interleave=all ../build/cpu_param_sweep 262144 1024 1024 4
[2026-09-06 08:30:28] [DEBUG] RUNNING: taskset -c 0-71 env OMP_PLACES=cores OMP_PROC_BIND=spread numactl --interleave=all ../build/cpu_param_sweep 65536 1024 1024 18
[2026-09-06 08:30:28] [DEBUG] RUNNING: taskset -c 0-71 env OMP_PLACES=cores OMP_PROC_BIND=spread numactl --interleave=all ../build/cpu_param_sweep 262144 1024 1024 16
[2026-09-06 08:30:29] [DEBUG] RUNNING: taskset -c 0-71 env OMP_PLACES=cores OMP_PROC_BIND=close numactl --interleave=all ../build/cpu_param_sweep 65536 1024 1024 10
[2026-09-06 08:30:29] [DEBUG] RUNNING: taskset -c 0-71 env OMP_PLACES=cores OMP_PROC_BIND=spread numactl --interleave=all ../build/cpu_param_sweep 65536 1024 1024 2
[2026-09-06 08:30:31] [DEBUG] RUNNING: taskset -c 0-71 env OMP_PLACES=cores OMP_PROC_BIND=spread numactl --interleave=all ../build/cpu_param_sweep 262144 1024 1024 1
[2026-09-06 08:30:39] [DEBUG] RUNNING: taskset -c 0-71 env OMP_PLACES=cores OMP_PROC_BIND=spread numactl --interleave=all ../build/cpu_param_sweep 65536 1024 1024 1
[2026-09-06 08:30:42] [DEBUG] RUNNING: taskset -c 0-71 env OMP_PLACES=cores OMP_PROC_BIND=close numactl --interleave=all ../build/cpu_param_sweep 262144 1024 1024 4
[2026-09-06 08:30:44] [DEBUG] RUNNING: taskset -c 0-71 env OMP_PLACES=cores OMP_PROC_BIND=close numactl --interleave=all ../build/cpu_param_sweep 262144 1024 1024 72
[2026-09-06 08:30:45] [DEBUG] RUNNING: taskset -c 0-71 env OMP_PLACES=cores OMP_PROC_BIND=spread numactl --interleave=all ../build/cpu_param_sweep 65536 1024 1024 20
[2026-09-06 08:30:45] [DEBUG] RUNNING: taskset -c 0-71 env OMP_PLACES=cores OMP_PROC_BIND=spread numactl --interleave=all ../build/cpu_param_sweep 262144 1024 1024 16
[2026-09-06 08:30:46] [DEBUG] RUNNING: taskset -c 0-71 env OMP_PLACES=cores OMP_PROC_BIND=close numactl --interleave=all ../build/cpu_param_sweep 65536 1024 1024 18
[2026-09-06 08:30:46] [DEBUG] RUNNING: taskset -c 0-71 env OMP_PLACES=cores OMP_PROC_BIND=close numactl --interleave=all ../build/cpu_param_sweep 65536 1024 1024 18
[2026-09-06 08:30:46] [DEBUG] RUNNING: taskset -c 0-71 env OMP_PLACES=cores OMP_PROC_BIND=close numactl --interleave=all ../build/cpu_param_sweep 262144 1024 1024 20
[2026-09-06 08:30:47] [DEBUG] RUNNING: taskset -c 0-71 env OMP_PLACES=cores OMP_PROC_BIND=close numactl --interleave=all ../build/cpu_param_sweep 262144 1024 1024 1
[2026-09-06 08:30:56] [DEBUG] RUNNING: taskset -c 0-71 env OMP_PLACES=cores OMP_PROC_BIND=close numactl --interleave=all ../build/cpu_param_sweep 65536 1024 1024 1
[2026-09-06 08:30:58] [DEBUG] RUNNING: taskset -c 0-71 env OMP_PLACES=cores OMP_PROC_BIND=close numactl --interleave=all ../build/cpu_param_sweep 65536 1024 1024 16
[2026-09-06 08:30:58] [DEBUG] RUNNING: taskset -c 0-71 env OMP_PLACES=cores OMP_PROC_BIND=spread numactl --interleave=all ../build/cpu_param_sweep 262144 1024 1024 1
[2026-09-06 08:31:07] [DEBUG] RUNNING: taskset -c 0-71 env OMP_PLACES=cores OMP_PROC_BIND=close numactl --interleave=all ../build/cpu_param_sweep 262144 1024 1024 54
[2026-09-06 08:31:07] [DEBUG] RUNNING: taskset -c 0-71 env OMP_PLACES=cores OMP_PROC_BIND=close numactl --interleave=all ../build/cpu_param_sweep 65536 1024 1024 2
[2026-09-06 08:31:09] [DEBUG] RUNNING: taskset -c 0-71 env OMP_PLACES=cores OMP_PROC_BIND=spread numactl --interleave=all ../build/cpu_param_sweep 262144 1024 1024 4
[2026-09-06 08:31:11] [DEBUG] RUNNING: taskset -c 0-71 env OMP_PLACES=cores OMP_PROC_BIND=spread numactl --interleave=all ../build/cpu_param_sweep 65536 1024 1024 8
[2026-09-06 08:31:11] [DEBUG] RUNNING: taskset -c 0-71 env OMP_PLACES=cores OMP_PROC_BIND=close numactl --interleave=all ../build/cpu_param_sweep 262144 1024 1024 2
[2026-09-06 08:31:16] [DEBUG] RUNNING: taskset -c 0-71 env OMP_PLACES=cores OMP_PROC_BIND=spread numactl --interleave=all ../build/cpu_param_sweep 262144 1024 1024 1
[2026-09-06 08:31:25] [DEBUG] RUNNING: taskset -c 0-71 env OMP_PLACES=cores OMP_PROC_BIND=spread numactl --interleave=all ../build/cpu_param_sweep 65536 1024 1024 1
[2026-09-06 08:31:27] [DEBUG] RUNNING: taskset -c 0-71 env OMP_PLACES=cores OMP_PROC_BIND=close numactl --interleave=all ../build/cpu_param_sweep 65536 1024 1024 8
[2026-09-06 08:31:27] [DEBUG] RUNNING: taskset -c 0-71 env OMP_PLACES=cores OMP_PROC_BIND=spread numactl --interleave=all ../build/cpu_param_sweep 262144 1024 1024 2
[2026-09-06 08:31:32] [DEBUG] RUNNING: taskset -c 0-71 env OMP_PLACES=cores OMP_PROC_BIND=close numactl --interleave=all ../build/cpu_param_sweep 262144 1024 1024 54
[2026-09-06 08:31:32] [DEBUG] RUNNING: taskset -c 0-71 env OMP_PLACES=cores OMP_PROC_BIND=close numactl --interleave=all ../build/cpu_param_sweep 65536 1024 1024 72
[2026-09-06 08:31:33] [DEBUG] RUNNING: taskset -c 0-71 env OMP_PLACES=cores OMP_PROC_BIND=close numactl --interleave=all ../build/cpu_param_sweep 65536 1024 1024 20
[2026-09-06 08:31:33] [DEBUG] RUNNING: taskset -c 0-71 env OMP_PLACES=cores OMP_PROC_BIND=close numactl --interleave=all ../build/cpu_param_sweep 262144 1024 1024 10
[2026-09-06 08:31:34] [DEBUG] RUNNING: taskset -c 0-71 env OMP_PLACES=cores OMP_PROC_BIND=close numactl --interleave=all ../build/cpu_param_sweep 262144 1024 1024 8
[2026-09-06 08:31:35] [DEBUG] RUNNING: taskset -c 0-71 env OMP_PLACES=cores OMP_PROC_BIND=spread numactl --interleave=all ../build/cpu_param_sweep 65536 1024 1024 16
[2026-09-06 08:31:36] [DEBUG] RUNNING: taskset -c 0-71 env OMP_PLACES=cores OMP_PROC_BIND=spread numactl --interleave=all ../build/cpu_param_sweep 65536 1024 1024 1
[2026-09-06 08:31:38] [DEBUG] RUNNING: taskset -c 0-71 env OMP_PLACES=cores OMP_PROC_BIND=spread numactl --interleave=all ../build/cpu_param_sweep 65536 1024 1024 8
[2026-09-06 08:31:38] [DEBUG] RUNNING: taskset -c 0-71 env OMP_PLACES=cores OMP_PROC_BIND=spread numactl --interleave=all ../build/cpu_param_sweep 65536 1024 1024 2
[2026-09-06 08:31:39] [DEBUG] RUNNING: taskset -c 0-71 env OMP_PLACES=cores OMP_PROC_BIND=spread numactl --interleave=all ../build/cpu_param_sweep 262144 1024 1024 18
[2026-09-06 08:31:40] [DEBUG] RUNNING: taskset -c 0-71 env OMP_PLACES=cores OMP_PROC_BIND=close numactl --interleave=all ../build/cpu_param_sweep 65536 1024 1024 4
[2026-09-06 08:31:41] [DEBUG] RUNNING: taskset -c 0-71 env OMP_PLACES=cores OMP_PROC_BIND=close numactl --interleave=all ../build/cpu_param_sweep 65536 1024 1024 1
[2026-09-06 08:31:43] [DEBUG] RUNNING: taskset -c 0-71 env OMP_PLACES=cores OMP_PROC_BIND=close numactl --interleave=all ../build/cpu_param_sweep 262144 1024 1024 16
[2026-09-06 08:31:43] [DEBUG] RUNNING: taskset -c 0-71 env OMP_PLACES=cores OMP_PROC_BIND=spread numactl --interleave=all ../build/cpu_param_sweep 65536 1024 1024 4
[2026-09-06 08:31:44] [DEBUG] RUNNING: taskset -c 0-71 env OMP_PLACES=cores OMP_PROC_BIND=close numactl --interleave=all ../build/cpu_param_sweep 262144 1024 1024 36
[2026-09-06 08:31:45] [DEBUG] RUNNING: taskset -c 0-71 env OMP_PLACES=cores OMP_PROC_BIND=spread numactl --interleave=all ../build/cpu_param_sweep 65536 1024 1024 4
[2026-09-06 08:31:45] [DEBUG] RUNNING: taskset -c 0-71 env OMP_PLACES=cores OMP_PROC_BIND=close numactl --interleave=all ../build/cpu_param_sweep 65536 1024 1024 2
[2026-09-06 08:31:46] [DEBUG] RUNNING: taskset -c 0-71 env OMP_PLACES=cores OMP_PROC_BIND=close numactl --interleave=all ../build/cpu_param_sweep 262144 1024 1024 4
[2026-09-06 08:31:49] [DEBUG] RUNNING: taskset -c 0-71 env OMP_PLACES=cores OMP_PROC_BIND=spread numactl --interleave=all ../build/cpu_param_sweep 262144 1024 1024 10
[2026-09-06 08:31:50] [DEBUG] RUNNING: taskset -c 0-71 env OMP_PLACES=cores OMP_PROC_BIND=spread numactl --interleave=all ../build/cpu_param_sweep 262144 1024 1024 10
[2026-09-06 08:31:51] [DEBUG] RUNNING: taskset -c 0-71 env OMP_PLACES=cores OMP_PROC_BIND=spread numactl --interleave=all ../build/cpu_param_sweep 65536 1024 1024 54
[2026-09-06 08:31:51] [DEBUG] RUNNING: taskset -c 0-71 env OMP_PLACES=cores OMP_PROC_BIND=spread numactl --interleave=all ../build/cpu_param_sweep 262144 1024 1024 72
[2026-09-06 08:31:52] [DEBUG] RUNNING: taskset -c 0-71 env OMP_PLACES=cores OMP_PROC_BIND=close numactl --interleave=all ../build/cpu_param_sweep 262144 1024 1024 18
[2026-09-06 08:31:53] [DEBUG] RUNNING: taskset -c 0-71 env OMP_PLACES=cores OMP_PROC_BIND=close numactl --interleave=all ../build/cpu_param_sweep 262144 1024 1024 18
[2026-09-06 08:31:54] [DEBUG] RUNNING: taskset -c 0-71 env OMP_PLACES=cores OMP_PROC_BIND=close numactl --interleave=all ../build/cpu_param_sweep 65536 1024 1024 16
[2026-09-06 08:31:54] [DEBUG] RUNNING: taskset -c 0-71 env OMP_PLACES=cores OMP_PROC_BIND=spread numactl --interleave=all ../build/cpu_param_sweep 65536 1024 1024 36
[2026-09-06 08:31:54] [DEBUG] RUNNING: taskset -c 0-71 env OMP_PLACES=cores OMP_PROC_BIND=spread numactl --interleave=all ../build/cpu_param_sweep 65536 1024 1024 72
[2026-09-06 08:31:54] [DEBUG] RUNNING: taskset -c 0-71 env OMP_PLACES=cores OMP_PROC_BIND=close numactl --interleave=all ../build/cpu_param_sweep 262144 1024 1024 2
[2026-09-06 08:31:59] [DEBUG] RUNNING: taskset -c 0-71 env OMP_PLACES=cores OMP_PROC_BIND=close numactl --interleave=all ../build/cpu_param_sweep 262144 1024 1024 10
[2026-09-06 08:32:00] [DEBUG] RUNNING: taskset -c 0-71 env OMP_PLACES=cores OMP_PROC_BIND=close numactl --interleave=all ../build/cpu_param_sweep 65536 1024 1024 8
[2026-09-06 08:32:00] [DEBUG] RUNNING: taskset -c 0-71 env OMP_PLACES=cores OMP_PROC_BIND=close numactl --interleave=all ../build/cpu_param_sweep 65536 1024 1024 10
[2026-09-06 08:32:01] [DEBUG] RUNNING: taskset -c 0-71 env OMP_PLACES=cores OMP_PROC_BIND=spread numactl --interleave=all ../build/cpu_param_sweep 65536 1024 1024 54
[2026-09-06 08:32:01] [DEBUG] RUNNING: taskset -c 0-71 env OMP_PLACES=cores OMP_PROC_BIND=close numactl --interleave=all ../build/cpu_param_sweep 262144 1024 1024 54
[2026-09-06 08:32:01] [DEBUG] RUNNING: taskset -c 0-71 env OMP_PLACES=cores OMP_PROC_BIND=spread numactl --interleave=all ../build/cpu_param_sweep 262144 1024 1024 54
[2026-09-06 08:32:02] [INFO] BUILDING: make -C ../ -f Makefile -B build/cpu_param_sweep GPU=NONE CC=gcc OPT=-O3 APPLY_LTO=1 MARCH=native LIBPOPCNT=1 CPU_TILE=32 BITVECTOR_TILE=1024 BUFFER_SIZE=4096 OUTER_ROW_NUM=1 OUTER_COL_NUM=4 OUTER_VEC_BLK=1
[2026-09-06 08:32:08] [DEBUG] RUNNING: taskset -c 0-71 env OMP_PLACES=cores OMP_PROC_BIND=spread numactl --interleave=all ../build/cpu_param_sweep 65536 1024 1024 10
[2026-09-06 08:32:09] [DEBUG] RUNNING: taskset -c 0-71 env OMP_PLACES=cores OMP_PROC_BIND=close numactl --interleave=all ../build/cpu_param_sweep 262144 1024 1024 4
[2026-09-06 08:32:12] [DEBUG] RUNNING: taskset -c 0-71 env OMP_PLACES=cores OMP_PROC_BIND=close numactl --interleave=all ../build/cpu_param_sweep 65536 1024 1024 36
[2026-09-06 08:32:13] [DEBUG] RUNNING: taskset -c 0-71 env OMP_PLACES=cores OMP_PROC_BIND=close numactl --interleave=all ../build/cpu_param_sweep 262144 1024 1024 20
[2026-09-06 08:32:14] [DEBUG] RUNNING: taskset -c 0-71 env OMP_PLACES=cores OMP_PROC_BIND=close numactl --interleave=all ../build/cpu_param_sweep 262144 1024 1024 36
[2026-09-06 08:32:14] [DEBUG] RUNNING: taskset -c 0-71 env OMP_PLACES=cores OMP_PROC_BIND=close numactl --interleave=all ../build/cpu_param_sweep 262144 1024 1024 16
[2026-09-06 08:32:15] [DEBUG] RUNNING: taskset -c 0-71 env OMP_PLACES=cores OMP_PROC_BIND=spread numactl --interleave=all ../build/cpu_param_sweep 262144 1024 1024 20
[2026-09-06 08:32:16] [DEBUG] RUNNING: taskset -c 0-71 env OMP_PLACES=cores OMP_PROC_BIND=spread numactl --interleave=all ../build/cpu_param_sweep 65536 1024 1024 20
[2026-09-06 08:32:17] [DEBUG] RUNNING: taskset -c 0-71 env OMP_PLACES=cores OMP_PROC_BIND=close numactl --interleave=all ../build/cpu_param_sweep 65536 1024 1024 20
[2026-09-06 08:32:17] [DEBUG] RUNNING: taskset -c 0-71 env OMP_PLACES=cores OMP_PROC_BIND=spread numactl --interleave=all ../build/cpu_param_sweep 262144 1024 1024 16
[2026-09-06 08:32:18] [DEBUG] RUNNING: taskset -c 0-71 env OMP_PLACES=cores OMP_PROC_BIND=spread numactl --interleave=all ../build/cpu_param_sweep 262144 1024 1024 10
[2026-09-06 08:32:20] [DEBUG] RUNNING: taskset -c 0-71 env OMP_PLACES=cores OMP_PROC_BIND=spread numactl --interleave=all ../build/cpu_param_sweep 65536 1024 1024 8
[2026-09-06 08:32:20] [DEBUG] RUNNING: taskset -c 0-71 env OMP_PLACES=cores OMP_PROC_BIND=close numactl --interleave=all ../build/cpu_param_sweep 262144 1024 1024 20
[2026-09-06 08:32:21] [DEBUG] RUNNING: taskset -c 0-71 env OMP_PLACES=cores OMP_PROC_BIND=spread numactl --interleave=all ../build/cpu_param_sweep 262144 1024 1024 18
[2026-09-06 08:32:22] [DEBUG] RUNNING: taskset -c 0-71 env OMP_PLACES=cores OMP_PROC_BIND=spread numactl --interleave=all ../build/cpu_param_sweep 262144 1024 1024 2
[2026-09-06 08:32:29] [DEBUG] RUNNING: taskset -c 0-71 env OMP_PLACES=cores OMP_PROC_BIND=close numactl --interleave=all ../build/cpu_param_sweep 262144 1024 1024 2
[2026-09-06 08:32:36] [DEBUG] RUNNING: taskset -c 0-71 env OMP_PLACES=cores OMP_PROC_BIND=close numactl --interleave=all ../build/cpu_param_sweep 65536 1024 1024 10
[2026-09-06 08:32:36] [DEBUG] RUNNING: taskset -c 0-71 env OMP_PLACES=cores OMP_PROC_BIND=spread numactl --interleave=all ../build/cpu_param_sweep 65536 1024 1024 18
[2026-09-06 08:32:36] [DEBUG] RUNNING: taskset -c 0-71 env OMP_PLACES=cores OMP_PROC_BIND=close numactl --interleave=all ../build/cpu_param_sweep 262144 1024 1024 8
[2026-09-06 08:32:38] [DEBUG] RUNNING: taskset -c 0-71 env OMP_PLACES=cores OMP_PROC_BIND=close numactl --interleave=all ../build/cpu_param_sweep 262144 1024 1024 72
[2026-09-06 08:32:39] [DEBUG] RUNNING: taskset -c 0-71 env OMP_PLACES=cores OMP_PROC_BIND=close numactl --interleave=all ../build/cpu_param_sweep 65536 1024 1024 36
[2026-09-06 08:32:40] [DEBUG] RUNNING: taskset -c 0-71 env OMP_PLACES=cores OMP_PROC_BIND=spread numactl --interleave=all ../build/cpu_param_sweep 262144 1024 1024 8
[2026-09-06 08:32:41] [DEBUG] RUNNING: taskset -c 0-71 env OMP_PLACES=cores OMP_PROC_BIND=spread numactl --interleave=all ../build/cpu_param_sweep 65536 1024 1024 72
[2026-09-06 08:32:42] [DEBUG] RUNNING: taskset -c 0-71 env OMP_PLACES=cores OMP_PROC_BIND=spread numactl --interleave=all ../build/cpu_param_sweep 262144 1024 1024 36
[2026-09-06 08:32:42] [DEBUG] RUNNING: taskset -c 0-71 env OMP_PLACES=cores OMP_PROC_BIND=close numactl --interleave=all ../build/cpu_param_sweep 262144 1024 1024 1
[2026-09-06 08:32:56] [DEBUG] RUNNING: taskset -c 0-71 env OMP_PLACES=cores OMP_PROC_BIND=spread numactl --interleave=all ../build/cpu_param_sweep 262144 1024 1024 36
[2026-09-06 08:32:56] [DEBUG] RUNNING: taskset -c 0-71 env OMP_PLACES=cores OMP_PROC_BIND=spread numactl --interleave=all ../build/cpu_param_sweep 65536 1024 1024 4
[2026-09-06 08:32:57] [DEBUG] RUNNING: taskset -c 0-71 env OMP_PLACES=cores OMP_PROC_BIND=close numactl --interleave=all ../build/cpu_param_sweep 65536 1024 1024 2
[2026-09-06 08:32:58] [DEBUG] RUNNING: taskset -c 0-71 env OMP_PLACES=cores OMP_PROC_BIND=close numactl --interleave=all ../build/cpu_param_sweep 65536 1024 1024 72
[2026-09-06 08:32:59] [DEBUG] RUNNING: taskset -c 0-71 env OMP_PLACES=cores OMP_PROC_BIND=spread numactl --interleave=all ../build/cpu_param_sweep 65536 1024 1024 72
[2026-09-06 08:32:59] [DEBUG] RUNNING: taskset -c 0-71 env OMP_PLACES=cores OMP_PROC_BIND=spread numactl --interleave=all ../build/cpu_param_sweep 65536 1024 1024 36
[2026-09-06 08:32:59] [DEBUG] RUNNING: taskset -c 0-71 env OMP_PLACES=cores OMP_PROC_BIND=spread numactl --interleave=all ../build/cpu_param_sweep 262144 1024 1024 36
[2026-09-06 08:33:00] [DEBUG] RUNNING: taskset -c 0-71 env OMP_PLACES=cores OMP_PROC_BIND=close numactl --interleave=all ../build/cpu_param_sweep 262144 1024 1024 10
[2026-09-06 08:33:02] [DEBUG] RUNNING: taskset -c 0-71 env OMP_PLACES=cores OMP_PROC_BIND=spread numactl --interleave=all ../build/cpu_param_sweep 262144 1024 1024 72
[2026-09-06 08:33:03] [DEBUG] RUNNING: taskset -c 0-71 env OMP_PLACES=cores OMP_PROC_BIND=close numactl --interleave=all ../build/cpu_param_sweep 262144 1024 1024 16
[2026-09-06 08:33:04] [DEBUG] RUNNING: taskset -c 0-71 env OMP_PLACES=cores OMP_PROC_BIND=spread numactl --interleave=all ../build/cpu_param_sweep 262144 1024 1024 72
[2026-09-06 08:33:05] [DEBUG] RUNNING: taskset -c 0-71 env OMP_PLACES=cores OMP_PROC_BIND=spread numactl --interleave=all ../build/cpu_param_sweep 65536 1024 1024 54
[2026-09-06 08:33:05] [DEBUG] RUNNING: taskset -c 0-71 env OMP_PLACES=cores OMP_PROC_BIND=spread numactl --interleave=all ../build/cpu_param_sweep 262144 1024 1024 54
[2026-09-06 08:33:06] [DEBUG] RUNNING: taskset -c 0-71 env OMP_PLACES=cores OMP_PROC_BIND=spread numactl --interleave=all ../build/cpu_param_sweep 262144 1024 1024 2
[2026-09-06 08:33:13] [DEBUG] RUNNING: taskset -c 0-71 env OMP_PLACES=cores OMP_PROC_BIND=close numactl --interleave=all ../build/cpu_param_sweep 65536 1024 1024 20
[2026-09-06 08:33:13] [DEBUG] RUNNING: taskset -c 0-71 env OMP_PLACES=cores OMP_PROC_BIND=spread numactl --interleave=all ../build/cpu_param_sweep 65536 1024 1024 16
[2026-09-06 08:33:13] [DEBUG] RUNNING: taskset -c 0-71 env OMP_PLACES=cores OMP_PROC_BIND=close numactl --interleave=all ../build/cpu_param_sweep 262144 1024 1024 8
[2026-09-06 08:33:15] [DEBUG] RUNNING: taskset -c 0-71 env OMP_PLACES=cores OMP_PROC_BIND=close numactl --interleave=all ../build/cpu_param_sweep 262144 1024 1024 18
[2026-09-06 08:33:16] [DEBUG] RUNNING: taskset -c 0-71 env OMP_PLACES=cores OMP_PROC_BIND=close numactl --interleave=all ../build/cpu_param_sweep 65536 1024 1024 54
[2026-09-06 08:33:16] [DEBUG] RUNNING: taskset -c 0-71 env OMP_PLACES=cores OMP_PROC_BIND=spread numactl --interleave=all ../build/cpu_param_sweep 262144 1024 1024 20
[2026-09-06 08:33:17] [DEBUG] RUNNING: taskset -c 0-71 env OMP_PLACES=cores OMP_PROC_BIND=spread numactl --interleave=all ../build/cpu_param_sweep 65536 1024 1024 20
[2026-09-06 08:33:18] [DEBUG] RUNNING: taskset -c 0-71 env OMP_PLACES=cores OMP_PROC_BIND=close numactl --interleave=all ../build/cpu_param_sweep 65536 1024 1024 4
[2026-09-06 08:33:18] [DEBUG] RUNNING: taskset -c 0-71 env OMP_PLACES=cores OMP_PROC_BIND=close numactl --interleave=all ../build/cpu_param_sweep 65536 1024 1024 54
[2026-09-06 08:33:19] [DEBUG] RUNNING: taskset -c 0-71 env OMP_PLACES=cores OMP_PROC_BIND=close numactl --interleave=all ../build/cpu_param_sweep 65536 1024 1024 4
[2026-09-06 08:33:19] [DEBUG] RUNNING: taskset -c 0-71 env OMP_PLACES=cores OMP_PROC_BIND=spread numactl --interleave=all ../build/cpu_param_sweep 65536 1024 1024 2
[2026-09-06 08:33:21] [DEBUG] RUNNING: taskset -c 0-71 env OMP_PLACES=cores OMP_PROC_BIND=spread numactl --interleave=all ../build/cpu_param_sweep 262144 1024 1024 20
[2026-09-06 08:33:22] [DEBUG] RUNNING: taskset -c 0-71 env OMP_PLACES=cores OMP_PROC_BIND=spread numactl --interleave=all ../build/cpu_param_sweep 262144 1024 1024 8
[2026-09-06 08:33:24] [DEBUG] RUNNING: taskset -c 0-71 env OMP_PLACES=cores OMP_PROC_BIND=close numactl --interleave=all ../build/cpu_param_sweep 65536 1024 1024 72
[2026-09-06 08:33:24] [DEBUG] RUNNING: taskset -c 0-71 env OMP_PLACES=cores OMP_PROC_BIND=close numactl --interleave=all ../build/cpu_param_sweep 65536 1024 1024 54
[2026-09-06 08:33:25] [DEBUG] RUNNING: taskset -c 0-71 env OMP_PLACES=cores OMP_PROC_BIND=close numactl --interleave=all ../build/cpu_param_sweep 262144 1024 1024 1
[2026-09-06 08:33:38] [DEBUG] RUNNING: taskset -c 0-71 env OMP_PLACES=cores OMP_PROC_BIND=close numactl --interleave=all ../build/cpu_param_sweep 65536 1024 1024 36
[2026-09-06 08:33:38] [DEBUG] RUNNING: taskset -c 0-71 env OMP_PLACES=cores OMP_PROC_BIND=spread numactl --interleave=all ../build/cpu_param_sweep 262144 1024 1024 18
[2026-09-06 08:33:39] [DEBUG] RUNNING: taskset -c 0-71 env OMP_PLACES=cores OMP_PROC_BIND=close numactl --interleave=all ../build/cpu_param_sweep 65536 1024 1024 16
[2026-09-06 08:33:39] [DEBUG] RUNNING: taskset -c 0-71 env OMP_PLACES=cores OMP_PROC_BIND=close numactl --interleave=all ../build/cpu_param_sweep 65536 1024 1024 1
[2026-09-06 08:33:42] [DEBUG] RUNNING: taskset -c 0-71 env OMP_PLACES=cores OMP_PROC_BIND=close numactl --interleave=all ../build/cpu_param_sweep 65536 1024 1024 18
[2026-09-06 08:33:42] [DEBUG] RUNNING: taskset -c 0-71 env OMP_PLACES=cores OMP_PROC_BIND=close numactl --interleave=all ../build/cpu_param_sweep 262144 1024 1024 72
[2026-09-06 08:33:43] [DEBUG] RUNNING: taskset -c 0-71 env OMP_PLACES=cores OMP_PROC_BIND=spread numactl --interleave=all ../build/cpu_param_sweep 65536 1024 1024 10
[2026-09-06 08:33:44] [DEBUG] RUNNING: taskset -c 0-71 env OMP_PLACES=cores OMP_PROC_BIND=close numactl --interleave=all ../build/cpu_param_sweep 65536 1024 1024 8
[2026-09-06 08:33:44] [DEBUG] RUNNING: taskset -c 0-71 env OMP_PLACES=cores OMP_PROC_BIND=spread numactl --interleave=all ../build/cpu_param_sweep 65536 1024 1024 16
[2026-09-06 08:33:44] [DEBUG] RUNNING: taskset -c 0-71 env OMP_PLACES=cores OMP_PROC_BIND=spread numactl --interleave=all ../build/cpu_param_sweep 262144 1024 1024 8
[2026-09-06 08:33:46] [DEBUG] RUNNING: taskset -c 0-71 env OMP_PLACES=cores OMP_PROC_BIND=spread numactl --interleave=all ../build/cpu_param_sweep 65536 1024 1024 36
[2026-09-06 08:33:46] [DEBUG] RUNNING: taskset -c 0-71 env OMP_PLACES=cores OMP_PROC_BIND=spread numactl --interleave=all ../build/cpu_param_sweep 262144 1024 1024 4
[2026-09-06 08:33:50] [DEBUG] RUNNING: taskset -c 0-71 env OMP_PLACES=cores OMP_PROC_BIND=spread numactl --interleave=all ../build/cpu_param_sweep 262144 1024 1024 54
[2026-09-06 08:33:51] [DEBUG] RUNNING: taskset -c 0-71 env OMP_PLACES=cores OMP_PROC_BIND=spread numactl --interleave=all ../build/cpu_param_sweep 65536 1024 1024 18
[2026-09-06 08:33:51] [DEBUG] RUNNING: taskset -c 0-71 env OMP_PLACES=cores OMP_PROC_BIND=spread numactl --interleave=all ../build/cpu_param_sweep 65536 1024 1024 10
[2026-09-06 08:33:52] [DEBUG] RUNNING: taskset -c 0-71 env OMP_PLACES=cores OMP_PROC_BIND=close numactl --interleave=all ../build/cpu_param_sweep 262144 1024 1024 36
[2026-09-06 08:33:53] [DEBUG] RUNNING: taskset -c 0-71 env OMP_PLACES=cores OMP_PROC_BIND=spread numactl --interleave=all ../build/cpu_param_sweep 262144 1024 1024 4
[2026-09-06 08:33:56] [DEBUG] RUNNING: taskset -c 0-71 env OMP_PLACES=cores OMP_PROC_BIND=spread numactl --interleave=all ../build/cpu_param_sweep 65536 1024 1024 18
[2026-09-06 08:33:57] [DEBUG] RUNNING: taskset -c 0-71 env OMP_PLACES=cores OMP_PROC_BIND=spread numactl --interleave=all ../build/cpu_param_sweep 262144 1024 1024 16
[2026-09-06 08:33:58] [DEBUG] RUNNING: taskset -c 0-71 env OMP_PLACES=cores OMP_PROC_BIND=close numactl --interleave=all ../build/cpu_param_sweep 65536 1024 1024 10
[2026-09-06 08:33:58] [DEBUG] RUNNING: taskset -c 0-71 env OMP_PLACES=cores OMP_PROC_BIND=spread numactl --interleave=all ../build/cpu_param_sweep 65536 1024 1024 2
[2026-09-06 08:33:59] [DEBUG] RUNNING: taskset -c 0-71 env OMP_PLACES=cores OMP_PROC_BIND=spread numactl --interleave=all ../build/cpu_param_sweep 262144 1024 1024 1
[2026-09-06 08:34:13] [DEBUG] RUNNING: taskset -c 0-71 env OMP_PLACES=cores OMP_PROC_BIND=spread numactl --interleave=all ../build/cpu_param_sweep 65536 1024 1024 1
[2026-09-06 08:34:16] [DEBUG] RUNNING: taskset -c 0-71 env OMP_PLACES=cores OMP_PROC_BIND=close numactl --interleave=all ../build/cpu_param_sweep 262144 1024 1024 4
[2026-09-06 08:34:19] [DEBUG] RUNNING: taskset -c 0-71 env OMP_PLACES=cores OMP_PROC_BIND=close numactl --interleave=all ../build/cpu_param_sweep 262144 1024 1024 72
[2026-09-06 08:34:20] [DEBUG] RUNNING: taskset -c 0-71 env OMP_PLACES=cores OMP_PROC_BIND=spread numactl --interleave=all ../build/cpu_param_sweep 65536 1024 1024 20
[2026-09-06 08:34:20] [DEBUG] RUNNING: taskset -c 0-71 env OMP_PLACES=cores OMP_PROC_BIND=spread numactl --interleave=all ../build/cpu_param_sweep 262144 1024 1024 16
[2026-09-06 08:34:21] [DEBUG] RUNNING: taskset -c 0-71 env OMP_PLACES=cores OMP_PROC_BIND=close numactl --interleave=all ../build/cpu_param_sweep 65536 1024 1024 18
[2026-09-06 08:34:22] [DEBUG] RUNNING: taskset -c 0-71 env OMP_PLACES=cores OMP_PROC_BIND=close numactl --interleave=all ../build/cpu_param_sweep 65536 1024 1024 18
[2026-09-06 08:34:22] [DEBUG] RUNNING: taskset -c 0-71 env OMP_PLACES=cores OMP_PROC_BIND=close numactl --interleave=all ../build/cpu_param_sweep 262144 1024 1024 20
[2026-09-06 08:34:23] [DEBUG] RUNNING: taskset -c 0-71 env OMP_PLACES=cores OMP_PROC_BIND=close numactl --interleave=all ../build/cpu_param_sweep 262144 1024 1024 1
[2026-09-06 08:34:36] [DEBUG] RUNNING: taskset -c 0-71 env OMP_PLACES=cores OMP_PROC_BIND=close numactl --interleave=all ../build/cpu_param_sweep 65536 1024 1024 1
[2026-09-06 08:34:39] [DEBUG] RUNNING: taskset -c 0-71 env OMP_PLACES=cores OMP_PROC_BIND=close numactl --interleave=all ../build/cpu_param_sweep 65536 1024 1024 16
[2026-09-06 08:34:39] [DEBUG] RUNNING: taskset -c 0-71 env OMP_PLACES=cores OMP_PROC_BIND=spread numactl --interleave=all ../build/cpu_param_sweep 262144 1024 1024 1
[2026-09-06 08:34:53] [DEBUG] RUNNING: taskset -c 0-71 env OMP_PLACES=cores OMP_PROC_BIND=close numactl --interleave=all ../build/cpu_param_sweep 262144 1024 1024 54
[2026-09-06 08:34:54] [DEBUG] RUNNING: taskset -c 0-71 env OMP_PLACES=cores OMP_PROC_BIND=close numactl --interleave=all ../build/cpu_param_sweep 65536 1024 1024 2
[2026-09-06 08:34:55] [DEBUG] RUNNING: taskset -c 0-71 env OMP_PLACES=cores OMP_PROC_BIND=spread numactl --interleave=all ../build/cpu_param_sweep 262144 1024 1024 4
[2026-09-06 08:34:59] [DEBUG] RUNNING: taskset -c 0-71 env OMP_PLACES=cores OMP_PROC_BIND=spread numactl --interleave=all ../build/cpu_param_sweep 65536 1024 1024 8
[2026-09-06 08:34:59] [DEBUG] RUNNING: taskset -c 0-71 env OMP_PLACES=cores OMP_PROC_BIND=close numactl --interleave=all ../build/cpu_param_sweep 262144 1024 1024 2
[2026-09-06 08:35:06] [DEBUG] RUNNING: taskset -c 0-71 env OMP_PLACES=cores OMP_PROC_BIND=spread numactl --interleave=all ../build/cpu_param_sweep 262144 1024 1024 1
[2026-09-06 08:35:19] [DEBUG] RUNNING: taskset -c 0-71 env OMP_PLACES=cores OMP_PROC_BIND=spread numactl --interleave=all ../build/cpu_param_sweep 65536 1024 1024 1
[2026-09-06 08:35:22] [DEBUG] RUNNING: taskset -c 0-71 env OMP_PLACES=cores OMP_PROC_BIND=close numactl --interleave=all ../build/cpu_param_sweep 65536 1024 1024 8
[2026-09-06 08:35:22] [DEBUG] RUNNING: taskset -c 0-71 env OMP_PLACES=cores OMP_PROC_BIND=spread numactl --interleave=all ../build/cpu_param_sweep 262144 1024 1024 2
[2026-09-06 08:35:29] [DEBUG] RUNNING: taskset -c 0-71 env OMP_PLACES=cores OMP_PROC_BIND=close numactl --interleave=all ../build/cpu_param_sweep 262144 1024 1024 54
[2026-09-06 08:35:30] [DEBUG] RUNNING: taskset -c 0-71 env OMP_PLACES=cores OMP_PROC_BIND=close numactl --interleave=all ../build/cpu_param_sweep 65536 1024 1024 72
[2026-09-06 08:35:30] [DEBUG] RUNNING: taskset -c 0-71 env OMP_PLACES=cores OMP_PROC_BIND=close numactl --interleave=all ../build/cpu_param_sweep 65536 1024 1024 20
[2026-09-06 08:35:31] [DEBUG] RUNNING: taskset -c 0-71 env OMP_PLACES=cores OMP_PROC_BIND=close numactl --interleave=all ../build/cpu_param_sweep 262144 1024 1024 10
[2026-09-06 08:35:32] [DEBUG] RUNNING: taskset -c 0-71 env OMP_PLACES=cores OMP_PROC_BIND=close numactl --interleave=all ../build/cpu_param_sweep 262144 1024 1024 8
[2026-09-06 08:35:34] [DEBUG] RUNNING: taskset -c 0-71 env OMP_PLACES=cores OMP_PROC_BIND=spread numactl --interleave=all ../build/cpu_param_sweep 65536 1024 1024 16
[2026-09-06 08:35:35] [DEBUG] RUNNING: taskset -c 0-71 env OMP_PLACES=cores OMP_PROC_BIND=spread numactl --interleave=all ../build/cpu_param_sweep 65536 1024 1024 1
[2026-09-06 08:35:37] [DEBUG] RUNNING: taskset -c 0-71 env OMP_PLACES=cores OMP_PROC_BIND=spread numactl --interleave=all ../build/cpu_param_sweep 65536 1024 1024 8
[2026-09-06 08:35:38] [DEBUG] RUNNING: taskset -c 0-71 env OMP_PLACES=cores OMP_PROC_BIND=spread numactl --interleave=all ../build/cpu_param_sweep 65536 1024 1024 2
[2026-09-06 08:35:39] [DEBUG] RUNNING: taskset -c 0-71 env OMP_PLACES=cores OMP_PROC_BIND=spread numactl --interleave=all ../build/cpu_param_sweep 262144 1024 1024 18
[2026-09-06 08:35:40] [DEBUG] RUNNING: taskset -c 0-71 env OMP_PLACES=cores OMP_PROC_BIND=close numactl --interleave=all ../build/cpu_param_sweep 65536 1024 1024 4
[2026-09-06 08:35:41] [DEBUG] RUNNING: taskset -c 0-71 env OMP_PLACES=cores OMP_PROC_BIND=close numactl --interleave=all ../build/cpu_param_sweep 65536 1024 1024 1
[2026-09-06 08:35:44] [DEBUG] RUNNING: taskset -c 0-71 env OMP_PLACES=cores OMP_PROC_BIND=close numactl --interleave=all ../build/cpu_param_sweep 262144 1024 1024 16
[2026-09-06 08:35:45] [DEBUG] RUNNING: taskset -c 0-71 env OMP_PLACES=cores OMP_PROC_BIND=spread numactl --interleave=all ../build/cpu_param_sweep 65536 1024 1024 4
[2026-09-06 08:35:46] [DEBUG] RUNNING: taskset -c 0-71 env OMP_PLACES=cores OMP_PROC_BIND=close numactl --interleave=all ../build/cpu_param_sweep 262144 1024 1024 36
[2026-09-06 08:35:47] [DEBUG] RUNNING: taskset -c 0-71 env OMP_PLACES=cores OMP_PROC_BIND=spread numactl --interleave=all ../build/cpu_param_sweep 65536 1024 1024 4
[2026-09-06 08:35:47] [DEBUG] RUNNING: taskset -c 0-71 env OMP_PLACES=cores OMP_PROC_BIND=close numactl --interleave=all ../build/cpu_param_sweep 65536 1024 1024 2
[2026-09-06 08:35:49] [DEBUG] RUNNING: taskset -c 0-71 env OMP_PLACES=cores OMP_PROC_BIND=close numactl --interleave=all ../build/cpu_param_sweep 262144 1024 1024 4
[2026-09-06 08:35:52] [DEBUG] RUNNING: taskset -c 0-71 env OMP_PLACES=cores OMP_PROC_BIND=spread numactl --interleave=all ../build/cpu_param_sweep 262144 1024 1024 10
[2026-09-06 08:35:54] [DEBUG] RUNNING: taskset -c 0-71 env OMP_PLACES=cores OMP_PROC_BIND=spread numactl --interleave=all ../build/cpu_param_sweep 262144 1024 1024 10
[2026-09-06 08:35:56] [DEBUG] RUNNING: taskset -c 0-71 env OMP_PLACES=cores OMP_PROC_BIND=spread numactl --interleave=all ../build/cpu_param_sweep 65536 1024 1024 54
[2026-09-06 08:35:56] [DEBUG] RUNNING: taskset -c 0-71 env OMP_PLACES=cores OMP_PROC_BIND=spread numactl --interleave=all ../build/cpu_param_sweep 262144 1024 1024 72
[2026-09-06 08:35:57] [DEBUG] RUNNING: taskset -c 0-71 env OMP_PLACES=cores OMP_PROC_BIND=close numactl --interleave=all ../build/cpu_param_sweep 262144 1024 1024 18
[2026-09-06 08:35:58] [DEBUG] RUNNING: taskset -c 0-71 env OMP_PLACES=cores OMP_PROC_BIND=close numactl --interleave=all ../build/cpu_param_sweep 262144 1024 1024 18
[2026-09-06 08:35:59] [DEBUG] RUNNING: taskset -c 0-71 env OMP_PLACES=cores OMP_PROC_BIND=close numactl --interleave=all ../build/cpu_param_sweep 65536 1024 1024 16
[2026-09-06 08:36:00] [DEBUG] RUNNING: taskset -c 0-71 env OMP_PLACES=cores OMP_PROC_BIND=spread numactl --interleave=all ../build/cpu_param_sweep 65536 1024 1024 36
[2026-09-06 08:36:00] [DEBUG] RUNNING: taskset -c 0-71 env OMP_PLACES=cores OMP_PROC_BIND=spread numactl --interleave=all ../build/cpu_param_sweep 65536 1024 1024 72
[2026-09-06 08:36:00] [DEBUG] RUNNING: taskset -c 0-71 env OMP_PLACES=cores OMP_PROC_BIND=close numactl --interleave=all ../build/cpu_param_sweep 262144 1024 1024 2
[2026-09-06 08:36:07] [DEBUG] RUNNING: taskset -c 0-71 env OMP_PLACES=cores OMP_PROC_BIND=close numactl --interleave=all ../build/cpu_param_sweep 262144 1024 1024 10
[2026-09-06 08:36:08] [DEBUG] RUNNING: taskset -c 0-71 env OMP_PLACES=cores OMP_PROC_BIND=close numactl --interleave=all ../build/cpu_param_sweep 65536 1024 1024 8
[2026-09-06 08:36:09] [DEBUG] RUNNING: taskset -c 0-71 env OMP_PLACES=cores OMP_PROC_BIND=close numactl --interleave=all ../build/cpu_param_sweep 65536 1024 1024 10
[2026-09-06 08:36:09] [DEBUG] RUNNING: taskset -c 0-71 env OMP_PLACES=cores OMP_PROC_BIND=spread numactl --interleave=all ../build/cpu_param_sweep 65536 1024 1024 54
[2026-09-06 08:36:10] [DEBUG] RUNNING: taskset -c 0-71 env OMP_PLACES=cores OMP_PROC_BIND=close numactl --interleave=all ../build/cpu_param_sweep 262144 1024 1024 54
[2026-09-06 08:36:10] [DEBUG] RUNNING: taskset -c 0-71 env OMP_PLACES=cores OMP_PROC_BIND=spread numactl --interleave=all ../build/cpu_param_sweep 262144 1024 1024 54
[2026-09-06 08:36:11] [INFO] BUILDING: make -C ../ -f Makefile -B build/cpu_param_sweep GPU=NONE CC=clang OPT=-O3 APPLY_LTO=1 MARCH=native LIBPOPCNT=1 CPU_TILE=32 BITVECTOR_TILE=1024 BUFFER_SIZE=4096 OUTER_ROW_NUM=1 OUTER_COL_NUM=4 OUTER_VEC_BLK=1
[2026-09-06 08:36:21] [DEBUG] RUNNING: taskset -c 0-71 env OMP_PLACES=cores OMP_PROC_BIND=spread numactl --interleave=all ../build/cpu_param_sweep 65536 1024 1024 10
[2026-09-06 08:36:21] [DEBUG] RUNNING: taskset -c 0-71 env OMP_PLACES=cores OMP_PROC_BIND=close numactl --interleave=all ../build/cpu_param_sweep 262144 1024 1024 4
[2026-09-06 08:36:25] [DEBUG] RUNNING: taskset -c 0-71 env OMP_PLACES=cores OMP_PROC_BIND=close numactl --interleave=all ../build/cpu_param_sweep 65536 1024 1024 36
[2026-09-06 08:36:25] [DEBUG] RUNNING: taskset -c 0-71 env OMP_PLACES=cores OMP_PROC_BIND=close numactl --interleave=all ../build/cpu_param_sweep 262144 1024 1024 20
[2026-09-06 08:36:26] [DEBUG] RUNNING: taskset -c 0-71 env OMP_PLACES=cores OMP_PROC_BIND=close numactl --interleave=all ../build/cpu_param_sweep 262144 1024 1024 36
[2026-09-06 08:36:26] [DEBUG] RUNNING: taskset -c 0-71 env OMP_PLACES=cores OMP_PROC_BIND=close numactl --interleave=all ../build/cpu_param_sweep 262144 1024 1024 16
[2026-09-06 08:36:27] [DEBUG] RUNNING: taskset -c 0-71 env OMP_PLACES=cores OMP_PROC_BIND=spread numactl --interleave=all ../build/cpu_param_sweep 262144 1024 1024 20
[2026-09-06 08:36:28] [DEBUG] RUNNING: taskset -c 0-71 env OMP_PLACES=cores OMP_PROC_BIND=spread numactl --interleave=all ../build/cpu_param_sweep 65536 1024 1024 20
[2026-09-06 08:36:28] [DEBUG] RUNNING: taskset -c 0-71 env OMP_PLACES=cores OMP_PROC_BIND=close numactl --interleave=all ../build/cpu_param_sweep 65536 1024 1024 20
[2026-09-06 08:36:29] [DEBUG] RUNNING: taskset -c 0-71 env OMP_PLACES=cores OMP_PROC_BIND=spread numactl --interleave=all ../build/cpu_param_sweep 262144 1024 1024 16
[2026-09-06 08:36:30] [DEBUG] RUNNING: taskset -c 0-71 env OMP_PLACES=cores OMP_PROC_BIND=spread numactl --interleave=all ../build/cpu_param_sweep 262144 1024 1024 10
[2026-09-06 08:36:31] [DEBUG] RUNNING: taskset -c 0-71 env OMP_PLACES=cores OMP_PROC_BIND=spread numactl --interleave=all ../build/cpu_param_sweep 65536 1024 1024 8
[2026-09-06 08:36:32] [DEBUG] RUNNING: taskset -c 0-71 env OMP_PLACES=cores OMP_PROC_BIND=close numactl --interleave=all ../build/cpu_param_sweep 262144 1024 1024 20
[2026-09-06 08:36:33] [DEBUG] RUNNING: taskset -c 0-71 env OMP_PLACES=cores OMP_PROC_BIND=spread numactl --interleave=all ../build/cpu_param_sweep 262144 1024 1024 18
[2026-09-06 08:36:34] [DEBUG] RUNNING: taskset -c 0-71 env OMP_PLACES=cores OMP_PROC_BIND=spread numactl --interleave=all ../build/cpu_param_sweep 262144 1024 1024 2
[2026-09-06 08:36:40] [DEBUG] RUNNING: taskset -c 0-71 env OMP_PLACES=cores OMP_PROC_BIND=close numactl --interleave=all ../build/cpu_param_sweep 262144 1024 1024 2
[2026-09-06 08:36:46] [DEBUG] RUNNING: taskset -c 0-71 env OMP_PLACES=cores OMP_PROC_BIND=close numactl --interleave=all ../build/cpu_param_sweep 65536 1024 1024 10
[2026-09-06 08:36:46] [DEBUG] RUNNING: taskset -c 0-71 env OMP_PLACES=cores OMP_PROC_BIND=spread numactl --interleave=all ../build/cpu_param_sweep 65536 1024 1024 18
[2026-09-06 08:36:46] [DEBUG] RUNNING: taskset -c 0-71 env OMP_PLACES=cores OMP_PROC_BIND=close numactl --interleave=all ../build/cpu_param_sweep 262144 1024 1024 8
[2026-09-06 08:36:48] [DEBUG] RUNNING: taskset -c 0-71 env OMP_PLACES=cores OMP_PROC_BIND=close numactl --interleave=all ../build/cpu_param_sweep 262144 1024 1024 72
[2026-09-06 08:36:49] [DEBUG] RUNNING: taskset -c 0-71 env OMP_PLACES=cores OMP_PROC_BIND=close numactl --interleave=all ../build/cpu_param_sweep 65536 1024 1024 36
[2026-09-06 08:36:49] [DEBUG] RUNNING: taskset -c 0-71 env OMP_PLACES=cores OMP_PROC_BIND=spread numactl --interleave=all ../build/cpu_param_sweep 262144 1024 1024 8
[2026-09-06 08:36:51] [DEBUG] RUNNING: taskset -c 0-71 env OMP_PLACES=cores OMP_PROC_BIND=spread numactl --interleave=all ../build/cpu_param_sweep 65536 1024 1024 72
[2026-09-06 08:36:51] [DEBUG] RUNNING: taskset -c 0-71 env OMP_PLACES=cores OMP_PROC_BIND=spread numactl --interleave=all ../build/cpu_param_sweep 262144 1024 1024 36
[2026-09-06 08:36:52] [DEBUG] RUNNING: taskset -c 0-71 env OMP_PLACES=cores OMP_PROC_BIND=close numactl --interleave=all ../build/cpu_param_sweep 262144 1024 1024 1
[2026-09-06 08:37:04] [DEBUG] RUNNING: taskset -c 0-71 env OMP_PLACES=cores OMP_PROC_BIND=spread numactl --interleave=all ../build/cpu_param_sweep 262144 1024 1024 36
[2026-09-06 08:37:04] [DEBUG] RUNNING: taskset -c 0-71 env OMP_PLACES=cores OMP_PROC_BIND=spread numactl --interleave=all ../build/cpu_param_sweep 65536 1024 1024 4
[2026-09-06 08:37:05] [DEBUG] RUNNING: taskset -c 0-71 env OMP_PLACES=cores OMP_PROC_BIND=close numactl --interleave=all ../build/cpu_param_sweep 65536 1024 1024 2
[2026-09-06 08:37:06] [DEBUG] RUNNING: taskset -c 0-71 env OMP_PLACES=cores OMP_PROC_BIND=close numactl --interleave=all ../build/cpu_param_sweep 65536 1024 1024 72
[2026-09-06 08:37:06] [DEBUG] RUNNING: taskset -c 0-71 env OMP_PLACES=cores OMP_PROC_BIND=spread numactl --interleave=all ../build/cpu_param_sweep 65536 1024 1024 72
[2026-09-06 08:37:07] [DEBUG] RUNNING: taskset -c 0-71 env OMP_PLACES=cores OMP_PROC_BIND=spread numactl --interleave=all ../build/cpu_param_sweep 65536 1024 1024 36
[2026-09-06 08:37:07] [DEBUG] RUNNING: taskset -c 0-71 env OMP_PLACES=cores OMP_PROC_BIND=spread numactl --interleave=all ../build/cpu_param_sweep 262144 1024 1024 36
[2026-09-06 08:37:07] [DEBUG] RUNNING: taskset -c 0-71 env OMP_PLACES=cores OMP_PROC_BIND=close numactl --interleave=all ../build/cpu_param_sweep 262144 1024 1024 10
[2026-09-06 08:37:09] [DEBUG] RUNNING: taskset -c 0-71 env OMP_PLACES=cores OMP_PROC_BIND=spread numactl --interleave=all ../build/cpu_param_sweep 262144 1024 1024 72
[2026-09-06 08:37:10] [DEBUG] RUNNING: taskset -c 0-71 env OMP_PLACES=cores OMP_PROC_BIND=close numactl --interleave=all ../build/cpu_param_sweep 262144 1024 1024 16
[2026-09-06 08:37:11] [DEBUG] RUNNING: taskset -c 0-71 env OMP_PLACES=cores OMP_PROC_BIND=spread numactl --interleave=all ../build/cpu_param_sweep 262144 1024 1024 72
[2026-09-06 08:37:12] [DEBUG] RUNNING: taskset -c 0-71 env OMP_PLACES=cores OMP_PROC_BIND=spread numactl --interleave=all ../build/cpu_param_sweep 65536 1024 1024 54
[2026-09-06 08:37:12] [DEBUG] RUNNING: taskset -c 0-71 env OMP_PLACES=cores OMP_PROC_BIND=spread numactl --interleave=all ../build/cpu_param_sweep 262144 1024 1024 54
[2026-09-06 08:37:13] [DEBUG] RUNNING: taskset -c 0-71 env OMP_PLACES=cores OMP_PROC_BIND=spread numactl --interleave=all ../build/cpu_param_sweep 262144 1024 1024 2
[2026-09-06 08:37:19] [DEBUG] RUNNING: taskset -c 0-71 env OMP_PLACES=cores OMP_PROC_BIND=close numactl --interleave=all ../build/cpu_param_sweep 65536 1024 1024 20
[2026-09-06 08:37:19] [DEBUG] RUNNING: taskset -c 0-71 env OMP_PLACES=cores OMP_PROC_BIND=spread numactl --interleave=all ../build/cpu_param_sweep 65536 1024 1024 16
[2026-09-06 08:37:19] [DEBUG] RUNNING: taskset -c 0-71 env OMP_PLACES=cores OMP_PROC_BIND=close numactl --interleave=all ../build/cpu_param_sweep 262144 1024 1024 8
[2026-09-06 08:37:21] [DEBUG] RUNNING: taskset -c 0-71 env OMP_PLACES=cores OMP_PROC_BIND=close numactl --interleave=all ../build/cpu_param_sweep 262144 1024 1024 18
[2026-09-06 08:37:22] [DEBUG] RUNNING: taskset -c 0-71 env OMP_PLACES=cores OMP_PROC_BIND=close numactl --interleave=all ../build/cpu_param_sweep 65536 1024 1024 54
[2026-09-06 08:37:22] [DEBUG] RUNNING: taskset -c 0-71 env OMP_PLACES=cores OMP_PROC_BIND=spread numactl --interleave=all ../build/cpu_param_sweep 262144 1024 1024 20
[2026-09-06 08:37:23] [DEBUG] RUNNING: taskset -c 0-71 env OMP_PLACES=cores OMP_PROC_BIND=spread numactl --interleave=all ../build/cpu_param_sweep 65536 1024 1024 20
[2026-09-06 08:37:23] [DEBUG] RUNNING: taskset -c 0-71 env OMP_PLACES=cores OMP_PROC_BIND=close numactl --interleave=all ../build/cpu_param_sweep 65536 1024 1024 4
[2026-09-06 08:37:24] [DEBUG] RUNNING: taskset -c 0-71 env OMP_PLACES=cores OMP_PROC_BIND=close numactl --interleave=all ../build/cpu_param_sweep 65536 1024 1024 54
[2026-09-06 08:37:24] [DEBUG] RUNNING: taskset -c 0-71 env OMP_PLACES=cores OMP_PROC_BIND=close numactl --interleave=all ../build/cpu_param_sweep 65536 1024 1024 4
[2026-09-06 08:37:25] [DEBUG] RUNNING: taskset -c 0-71 env OMP_PLACES=cores OMP_PROC_BIND=spread numactl --interleave=all ../build/cpu_param_sweep 65536 1024 1024 2
[2026-09-06 08:37:26] [DEBUG] RUNNING: taskset -c 0-71 env OMP_PLACES=cores OMP_PROC_BIND=spread numactl --interleave=all ../build/cpu_param_sweep 262144 1024 1024 20
[2026-09-06 08:37:27] [DEBUG] RUNNING: taskset -c 0-71 env OMP_PLACES=cores OMP_PROC_BIND=spread numactl --interleave=all ../build/cpu_param_sweep 262144 1024 1024 8
[2026-09-06 08:37:29] [DEBUG] RUNNING: taskset -c 0-71 env OMP_PLACES=cores OMP_PROC_BIND=close numactl --interleave=all ../build/cpu_param_sweep 65536 1024 1024 72
[2026-09-06 08:37:29] [DEBUG] RUNNING: taskset -c 0-71 env OMP_PLACES=cores OMP_PROC_BIND=close numactl --interleave=all ../build/cpu_param_sweep 65536 1024 1024 54
[2026-09-06 08:37:29] [DEBUG] RUNNING: taskset -c 0-71 env OMP_PLACES=cores OMP_PROC_BIND=close numactl --interleave=all ../build/cpu_param_sweep 262144 1024 1024 1
[2026-09-06 08:37:41] [DEBUG] RUNNING: taskset -c 0-71 env OMP_PLACES=cores OMP_PROC_BIND=close numactl --interleave=all ../build/cpu_param_sweep 65536 1024 1024 36
[2026-09-06 08:37:42] [DEBUG] RUNNING: taskset -c 0-71 env OMP_PLACES=cores OMP_PROC_BIND=spread numactl --interleave=all ../build/cpu_param_sweep 262144 1024 1024 18
[2026-09-06 08:37:43] [DEBUG] RUNNING: taskset -c 0-71 env OMP_PLACES=cores OMP_PROC_BIND=close numactl --interleave=all ../build/cpu_param_sweep 65536 1024 1024 16
[2026-09-06 08:37:43] [DEBUG] RUNNING: taskset -c 0-71 env OMP_PLACES=cores OMP_PROC_BIND=close numactl --interleave=all ../build/cpu_param_sweep 65536 1024 1024 1
[2026-09-06 08:37:45] [DEBUG] RUNNING: taskset -c 0-71 env OMP_PLACES=cores OMP_PROC_BIND=close numactl --interleave=all ../build/cpu_param_sweep 65536 1024 1024 18
[2026-09-06 08:37:45] [DEBUG] RUNNING: taskset -c 0-71 env OMP_PLACES=cores OMP_PROC_BIND=close numactl --interleave=all ../build/cpu_param_sweep 262144 1024 1024 72
[2026-09-06 08:37:46] [DEBUG] RUNNING: taskset -c 0-71 env OMP_PLACES=cores OMP_PROC_BIND=spread numactl --interleave=all ../build/cpu_param_sweep 65536 1024 1024 10
[2026-09-06 08:37:47] [DEBUG] RUNNING: taskset -c 0-71 env OMP_PLACES=cores OMP_PROC_BIND=close numactl --interleave=all ../build/cpu_param_sweep 65536 1024 1024 8
[2026-09-06 08:37:47] [DEBUG] RUNNING: taskset -c 0-71 env OMP_PLACES=cores OMP_PROC_BIND=spread numactl --interleave=all ../build/cpu_param_sweep 65536 1024 1024 16
[2026-09-06 08:37:47] [DEBUG] RUNNING: taskset -c 0-71 env OMP_PLACES=cores OMP_PROC_BIND=spread numactl --interleave=all ../build/cpu_param_sweep 262144 1024 1024 8
[2026-09-06 08:37:49] [DEBUG] RUNNING: taskset -c 0-71 env OMP_PLACES=cores OMP_PROC_BIND=spread numactl --interleave=all ../build/cpu_param_sweep 65536 1024 1024 36
[2026-09-06 08:37:49] [DEBUG] RUNNING: taskset -c 0-71 env OMP_PLACES=cores OMP_PROC_BIND=spread numactl --interleave=all ../build/cpu_param_sweep 262144 1024 1024 4
[2026-09-06 08:37:53] [DEBUG] RUNNING: taskset -c 0-71 env OMP_PLACES=cores OMP_PROC_BIND=spread numactl --interleave=all ../build/cpu_param_sweep 262144 1024 1024 54
[2026-09-06 08:37:53] [DEBUG] RUNNING: taskset -c 0-71 env OMP_PLACES=cores OMP_PROC_BIND=spread numactl --interleave=all ../build/cpu_param_sweep 65536 1024 1024 18
[2026-09-06 08:37:54] [DEBUG] RUNNING: taskset -c 0-71 env OMP_PLACES=cores OMP_PROC_BIND=spread numactl --interleave=all ../build/cpu_param_sweep 65536 1024 1024 10
[2026-09-06 08:37:54] [DEBUG] RUNNING: taskset -c 0-71 env OMP_PLACES=cores OMP_PROC_BIND=close numactl --interleave=all ../build/cpu_param_sweep 262144 1024 1024 36
[2026-09-06 08:37:55] [DEBUG] RUNNING: taskset -c 0-71 env OMP_PLACES=cores OMP_PROC_BIND=spread numactl --interleave=all ../build/cpu_param_sweep 262144 1024 1024 4
[2026-09-06 08:37:58] [DEBUG] RUNNING: taskset -c 0-71 env OMP_PLACES=cores OMP_PROC_BIND=spread numactl --interleave=all ../build/cpu_param_sweep 65536 1024 1024 18
[2026-09-06 08:37:58] [DEBUG] RUNNING: taskset -c 0-71 env OMP_PLACES=cores OMP_PROC_BIND=spread numactl --interleave=all ../build/cpu_param_sweep 262144 1024 1024 16
[2026-09-06 08:37:59] [DEBUG] RUNNING: taskset -c 0-71 env OMP_PLACES=cores OMP_PROC_BIND=close numactl --interleave=all ../build/cpu_param_sweep 65536 1024 1024 10
[2026-09-06 08:37:59] [DEBUG] RUNNING: taskset -c 0-71 env OMP_PLACES=cores OMP_PROC_BIND=spread numactl --interleave=all ../build/cpu_param_sweep 65536 1024 1024 2
[2026-09-06 08:38:01] [DEBUG] RUNNING: taskset -c 0-71 env OMP_PLACES=cores OMP_PROC_BIND=spread numactl --interleave=all ../build/cpu_param_sweep 262144 1024 1024 1
[2026-09-06 08:38:13] [DEBUG] RUNNING: taskset -c 0-71 env OMP_PLACES=cores OMP_PROC_BIND=spread numactl --interleave=all ../build/cpu_param_sweep 65536 1024 1024 1
[2026-09-06 08:38:15] [DEBUG] RUNNING: taskset -c 0-71 env OMP_PLACES=cores OMP_PROC_BIND=close numactl --interleave=all ../build/cpu_param_sweep 262144 1024 1024 4
[2026-09-06 08:38:18] [DEBUG] RUNNING: taskset -c 0-71 env OMP_PLACES=cores OMP_PROC_BIND=close numactl --interleave=all ../build/cpu_param_sweep 262144 1024 1024 72
[2026-09-06 08:38:19] [DEBUG] RUNNING: taskset -c 0-71 env OMP_PLACES=cores OMP_PROC_BIND=spread numactl --interleave=all ../build/cpu_param_sweep 65536 1024 1024 20
[2026-09-06 08:38:19] [DEBUG] RUNNING: taskset -c 0-71 env OMP_PLACES=cores OMP_PROC_BIND=spread numactl --interleave=all ../build/cpu_param_sweep 262144 1024 1024 16
[2026-09-06 08:38:20] [DEBUG] RUNNING: taskset -c 0-71 env OMP_PLACES=cores OMP_PROC_BIND=close numactl --interleave=all ../build/cpu_param_sweep 65536 1024 1024 18
[2026-09-06 08:38:21] [DEBUG] RUNNING: taskset -c 0-71 env OMP_PLACES=cores OMP_PROC_BIND=close numactl --interleave=all ../build/cpu_param_sweep 65536 1024 1024 18
[2026-09-06 08:38:21] [DEBUG] RUNNING: taskset -c 0-71 env OMP_PLACES=cores OMP_PROC_BIND=close numactl --interleave=all ../build/cpu_param_sweep 262144 1024 1024 20
[2026-09-06 08:38:22] [DEBUG] RUNNING: taskset -c 0-71 env OMP_PLACES=cores OMP_PROC_BIND=close numactl --interleave=all ../build/cpu_param_sweep 262144 1024 1024 1
[2026-09-06 08:38:34] [DEBUG] RUNNING: taskset -c 0-71 env OMP_PLACES=cores OMP_PROC_BIND=close numactl --interleave=all ../build/cpu_param_sweep 65536 1024 1024 1
[2026-09-06 08:38:36] [DEBUG] RUNNING: taskset -c 0-71 env OMP_PLACES=cores OMP_PROC_BIND=close numactl --interleave=all ../build/cpu_param_sweep 65536 1024 1024 16
[2026-09-06 08:38:36] [DEBUG] RUNNING: taskset -c 0-71 env OMP_PLACES=cores OMP_PROC_BIND=spread numactl --interleave=all ../build/cpu_param_sweep 262144 1024 1024 1
[2026-09-06 08:38:48] [DEBUG] RUNNING: taskset -c 0-71 env OMP_PLACES=cores OMP_PROC_BIND=close numactl --interleave=all ../build/cpu_param_sweep 262144 1024 1024 54
[2026-09-06 08:38:49] [DEBUG] RUNNING: taskset -c 0-71 env OMP_PLACES=cores OMP_PROC_BIND=close numactl --interleave=all ../build/cpu_param_sweep 65536 1024 1024 2
[2026-09-06 08:38:51] [DEBUG] RUNNING: taskset -c 0-71 env OMP_PLACES=cores OMP_PROC_BIND=spread numactl --interleave=all ../build/cpu_param_sweep 262144 1024 1024 4
[2026-09-06 08:38:54] [DEBUG] RUNNING: taskset -c 0-71 env OMP_PLACES=cores OMP_PROC_BIND=spread numactl --interleave=all ../build/cpu_param_sweep 65536 1024 1024 8
[2026-09-06 08:38:54] [DEBUG] RUNNING: taskset -c 0-71 env OMP_PLACES=cores OMP_PROC_BIND=close numactl --interleave=all ../build/cpu_param_sweep 262144 1024 1024 2
[2026-09-06 08:39:00] [DEBUG] RUNNING: taskset -c 0-71 env OMP_PLACES=cores OMP_PROC_BIND=spread numactl --interleave=all ../build/cpu_param_sweep 262144 1024 1024 1
[2026-09-06 08:39:12] [DEBUG] RUNNING: taskset -c 0-71 env OMP_PLACES=cores OMP_PROC_BIND=spread numactl --interleave=all ../build/cpu_param_sweep 65536 1024 1024 1
[2026-09-06 08:39:15] [DEBUG] RUNNING: taskset -c 0-71 env OMP_PLACES=cores OMP_PROC_BIND=close numactl --interleave=all ../build/cpu_param_sweep 65536 1024 1024 8
[2026-09-06 08:39:15] [DEBUG] RUNNING: taskset -c 0-71 env OMP_PLACES=cores OMP_PROC_BIND=spread numactl --interleave=all ../build/cpu_param_sweep 262144 1024 1024 2
[2026-09-06 08:39:21] [DEBUG] RUNNING: taskset -c 0-71 env OMP_PLACES=cores OMP_PROC_BIND=close numactl --interleave=all ../build/cpu_param_sweep 262144 1024 1024 54
[2026-09-06 08:39:22] [DEBUG] RUNNING: taskset -c 0-71 env OMP_PLACES=cores OMP_PROC_BIND=close numactl --interleave=all ../build/cpu_param_sweep 65536 1024 1024 72
[2026-09-06 08:39:22] [DEBUG] RUNNING: taskset -c 0-71 env OMP_PLACES=cores OMP_PROC_BIND=close numactl --interleave=all ../build/cpu_param_sweep 65536 1024 1024 20
[2026-09-06 08:39:23] [DEBUG] RUNNING: taskset -c 0-71 env OMP_PLACES=cores OMP_PROC_BIND=close numactl --interleave=all ../build/cpu_param_sweep 262144 1024 1024 10
[2026-09-06 08:39:24] [DEBUG] RUNNING: taskset -c 0-71 env OMP_PLACES=cores OMP_PROC_BIND=close numactl --interleave=all ../build/cpu_param_sweep 262144 1024 1024 8
[2026-09-06 08:39:26] [DEBUG] RUNNING: taskset -c 0-71 env OMP_PLACES=cores OMP_PROC_BIND=spread numactl --interleave=all ../build/cpu_param_sweep 65536 1024 1024 16
[2026-09-06 08:39:26] [DEBUG] RUNNING: taskset -c 0-71 env OMP_PLACES=cores OMP_PROC_BIND=spread numactl --interleave=all ../build/cpu_param_sweep 65536 1024 1024 1
[2026-09-06 08:39:29] [DEBUG] RUNNING: taskset -c 0-71 env OMP_PLACES=cores OMP_PROC_BIND=spread numactl --interleave=all ../build/cpu_param_sweep 65536 1024 1024 8
[2026-09-06 08:39:29] [DEBUG] RUNNING: taskset -c 0-71 env OMP_PLACES=cores OMP_PROC_BIND=spread numactl --interleave=all ../build/cpu_param_sweep 65536 1024 1024 2
[2026-09-06 08:39:30] [DEBUG] RUNNING: taskset -c 0-71 env OMP_PLACES=cores OMP_PROC_BIND=spread numactl --interleave=all ../build/cpu_param_sweep 262144 1024 1024 18
[2026-09-06 08:39:31] [DEBUG] RUNNING: taskset -c 0-71 env OMP_PLACES=cores OMP_PROC_BIND=close numactl --interleave=all ../build/cpu_param_sweep 65536 1024 1024 4
[2026-09-06 08:39:32] [DEBUG] RUNNING: taskset -c 0-71 env OMP_PLACES=cores OMP_PROC_BIND=close numactl --interleave=all ../build/cpu_param_sweep 65536 1024 1024 1
[2026-09-06 08:39:35] [DEBUG] RUNNING: taskset -c 0-71 env OMP_PLACES=cores OMP_PROC_BIND=close numactl --interleave=all ../build/cpu_param_sweep 262144 1024 1024 16
[2026-09-06 08:39:36] [DEBUG] RUNNING: taskset -c 0-71 env OMP_PLACES=cores OMP_PROC_BIND=spread numactl --interleave=all ../build/cpu_param_sweep 65536 1024 1024 4
[2026-09-06 08:39:36] [DEBUG] RUNNING: taskset -c 0-71 env OMP_PLACES=cores OMP_PROC_BIND=close numactl --interleave=all ../build/cpu_param_sweep 262144 1024 1024 36
[2026-09-06 08:39:37] [DEBUG] RUNNING: taskset -c 0-71 env OMP_PLACES=cores OMP_PROC_BIND=spread numactl --interleave=all ../build/cpu_param_sweep 65536 1024 1024 4
[2026-09-06 08:39:38] [DEBUG] RUNNING: taskset -c 0-71 env OMP_PLACES=cores OMP_PROC_BIND=close numactl --interleave=all ../build/cpu_param_sweep 65536 1024 1024 2
[2026-09-06 08:39:39] [DEBUG] RUNNING: taskset -c 0-71 env OMP_PLACES=cores OMP_PROC_BIND=close numactl --interleave=all ../build/cpu_param_sweep 262144 1024 1024 4
[2026-09-06 08:39:42] [DEBUG] RUNNING: taskset -c 0-71 env OMP_PLACES=cores OMP_PROC_BIND=spread numactl --interleave=all ../build/cpu_param_sweep 262144 1024 1024 10
[2026-09-06 08:39:44] [DEBUG] RUNNING: taskset -c 0-71 env OMP_PLACES=cores OMP_PROC_BIND=spread numactl --interleave=all ../build/cpu_param_sweep 262144 1024 1024 10
[2026-09-06 08:39:45] [DEBUG] RUNNING: taskset -c 0-71 env OMP_PLACES=cores OMP_PROC_BIND=spread numactl --interleave=all ../build/cpu_param_sweep 65536 1024 1024 54
[2026-09-06 08:39:46] [DEBUG] RUNNING: taskset -c 0-71 env OMP_PLACES=cores OMP_PROC_BIND=spread numactl --interleave=all ../build/cpu_param_sweep 262144 1024 1024 72
[2026-09-06 08:39:46] [DEBUG] RUNNING: taskset -c 0-71 env OMP_PLACES=cores OMP_PROC_BIND=close numactl --interleave=all ../build/cpu_param_sweep 262144 1024 1024 18
[2026-09-06 08:39:47] [DEBUG] RUNNING: taskset -c 0-71 env OMP_PLACES=cores OMP_PROC_BIND=close numactl --interleave=all ../build/cpu_param_sweep 262144 1024 1024 18
[2026-09-06 08:39:48] [DEBUG] RUNNING: taskset -c 0-71 env OMP_PLACES=cores OMP_PROC_BIND=close numactl --interleave=all ../build/cpu_param_sweep 65536 1024 1024 16
[2026-09-06 08:39:49] [DEBUG] RUNNING: taskset -c 0-71 env OMP_PLACES=cores OMP_PROC_BIND=spread numactl --interleave=all ../build/cpu_param_sweep 65536 1024 1024 36
[2026-09-06 08:39:49] [DEBUG] RUNNING: taskset -c 0-71 env OMP_PLACES=cores OMP_PROC_BIND=spread numactl --interleave=all ../build/cpu_param_sweep 65536 1024 1024 72
[2026-09-06 08:39:49] [DEBUG] RUNNING: taskset -c 0-71 env OMP_PLACES=cores OMP_PROC_BIND=close numactl --interleave=all ../build/cpu_param_sweep 262144 1024 1024 2
[2026-09-06 08:39:55] [DEBUG] RUNNING: taskset -c 0-71 env OMP_PLACES=cores OMP_PROC_BIND=close numactl --interleave=all ../build/cpu_param_sweep 262144 1024 1024 10
[2026-09-06 08:39:57] [DEBUG] RUNNING: taskset -c 0-71 env OMP_PLACES=cores OMP_PROC_BIND=close numactl --interleave=all ../build/cpu_param_sweep 65536 1024 1024 8
[2026-09-06 08:39:57] [DEBUG] RUNNING: taskset -c 0-71 env OMP_PLACES=cores OMP_PROC_BIND=close numactl --interleave=all ../build/cpu_param_sweep 65536 1024 1024 10
[2026-09-06 08:39:58] [DEBUG] RUNNING: taskset -c 0-71 env OMP_PLACES=cores OMP_PROC_BIND=spread numactl --interleave=all ../build/cpu_param_sweep 65536 1024 1024 54
[2026-09-06 08:39:58] [DEBUG] RUNNING: taskset -c 0-71 env OMP_PLACES=cores OMP_PROC_BIND=close numactl --interleave=all ../build/cpu_param_sweep 262144 1024 1024 54
[2026-09-06 08:39:59] [DEBUG] RUNNING: taskset -c 0-71 env OMP_PLACES=cores OMP_PROC_BIND=spread numactl --interleave=all ../build/cpu_param_sweep 262144 1024 1024 54
[2026-09-06 08:40:00] [INFO] BUILDING: make -C ../ -f Makefile -B build/cpu_param_sweep GPU=NONE CC=gcc OPT=-O3 APPLY_LTO=1 MARCH=native LIBPOPCNT=1 CPU_TILE=32 BITVECTOR_TILE=1024 BUFFER_SIZE=4096 OUTER_ROW_NUM=1 OUTER_COL_NUM=4 OUTER_VEC_BLK=2
[2026-09-06 08:40:06] [DEBUG] RUNNING: taskset -c 0-71 env OMP_PLACES=cores OMP_PROC_BIND=spread numactl --interleave=all ../build/cpu_param_sweep 65536 1024 1024 10
[2026-09-06 08:40:06] [DEBUG] RUNNING: taskset -c 0-71 env OMP_PLACES=cores OMP_PROC_BIND=close numactl --interleave=all ../build/cpu_param_sweep 262144 1024 1024 4
[2026-09-06 08:40:10] [DEBUG] RUNNING: taskset -c 0-71 env OMP_PLACES=cores OMP_PROC_BIND=close numactl --interleave=all ../build/cpu_param_sweep 65536 1024 1024 36
[2026-09-06 08:40:10] [DEBUG] RUNNING: taskset -c 0-71 env OMP_PLACES=cores OMP_PROC_BIND=close numactl --interleave=all ../build/cpu_param_sweep 262144 1024 1024 20
[2026-09-06 08:40:11] [DEBUG] RUNNING: taskset -c 0-71 env OMP_PLACES=cores OMP_PROC_BIND=close numactl --interleave=all ../build/cpu_param_sweep 262144 1024 1024 36
[2026-09-06 08:40:12] [DEBUG] RUNNING: taskset -c 0-71 env OMP_PLACES=cores OMP_PROC_BIND=close numactl --interleave=all ../build/cpu_param_sweep 262144 1024 1024 16
[2026-09-06 08:40:13] [DEBUG] RUNNING: taskset -c 0-71 env OMP_PLACES=cores OMP_PROC_BIND=spread numactl --interleave=all ../build/cpu_param_sweep 262144 1024 1024 20
[2026-09-06 08:40:14] [DEBUG] RUNNING: taskset -c 0-71 env OMP_PLACES=cores OMP_PROC_BIND=spread numactl --interleave=all ../build/cpu_param_sweep 65536 1024 1024 20
[2026-09-06 08:40:14] [DEBUG] RUNNING: taskset -c 0-71 env OMP_PLACES=cores OMP_PROC_BIND=close numactl --interleave=all ../build/cpu_param_sweep 65536 1024 1024 20
[2026-09-06 08:40:15] [DEBUG] RUNNING: taskset -c 0-71 env OMP_PLACES=cores OMP_PROC_BIND=spread numactl --interleave=all ../build/cpu_param_sweep 262144 1024 1024 16
[2026-09-06 08:40:16] [DEBUG] RUNNING: taskset -c 0-71 env OMP_PLACES=cores OMP_PROC_BIND=spread numactl --interleave=all ../build/cpu_param_sweep 262144 1024 1024 10
[2026-09-06 08:40:18] [DEBUG] RUNNING: taskset -c 0-71 env OMP_PLACES=cores OMP_PROC_BIND=spread numactl --interleave=all ../build/cpu_param_sweep 65536 1024 1024 8
[2026-09-06 08:40:18] [DEBUG] RUNNING: taskset -c 0-71 env OMP_PLACES=cores OMP_PROC_BIND=close numactl --interleave=all ../build/cpu_param_sweep 262144 1024 1024 20
[2026-09-06 08:40:19] [DEBUG] RUNNING: taskset -c 0-71 env OMP_PLACES=cores OMP_PROC_BIND=spread numactl --interleave=all ../build/cpu_param_sweep 262144 1024 1024 18
[2026-09-06 08:40:20] [DEBUG] RUNNING: taskset -c 0-71 env OMP_PLACES=cores OMP_PROC_BIND=spread numactl --interleave=all ../build/cpu_param_sweep 262144 1024 1024 2
[2026-09-06 08:40:27] [DEBUG] RUNNING: taskset -c 0-71 env OMP_PLACES=cores OMP_PROC_BIND=close numactl --interleave=all ../build/cpu_param_sweep 262144 1024 1024 2
[2026-09-06 08:40:34] [DEBUG] RUNNING: taskset -c 0-71 env OMP_PLACES=cores OMP_PROC_BIND=close numactl --interleave=all ../build/cpu_param_sweep 65536 1024 1024 10
[2026-09-06 08:40:34] [DEBUG] RUNNING: taskset -c 0-71 env OMP_PLACES=cores OMP_PROC_BIND=spread numactl --interleave=all ../build/cpu_param_sweep 65536 1024 1024 18
[2026-09-06 08:40:35] [DEBUG] RUNNING: taskset -c 0-71 env OMP_PLACES=cores OMP_PROC_BIND=close numactl --interleave=all ../build/cpu_param_sweep 262144 1024 1024 8
[2026-09-06 08:40:37] [DEBUG] RUNNING: taskset -c 0-71 env OMP_PLACES=cores OMP_PROC_BIND=close numactl --interleave=all ../build/cpu_param_sweep 262144 1024 1024 72
[2026-09-06 08:40:38] [DEBUG] RUNNING: taskset -c 0-71 env OMP_PLACES=cores OMP_PROC_BIND=close numactl --interleave=all ../build/cpu_param_sweep 65536 1024 1024 36
[2026-09-06 08:40:38] [DEBUG] RUNNING: taskset -c 0-71 env OMP_PLACES=cores OMP_PROC_BIND=spread numactl --interleave=all ../build/cpu_param_sweep 262144 1024 1024 8
[2026-09-06 08:40:40] [DEBUG] RUNNING: taskset -c 0-71 env OMP_PLACES=cores OMP_PROC_BIND=spread numactl --interleave=all ../build/cpu_param_sweep 65536 1024 1024 72
[2026-09-06 08:40:40] [DEBUG] RUNNING: taskset -c 0-71 env OMP_PLACES=cores OMP_PROC_BIND=spread numactl --interleave=all ../build/cpu_param_sweep 262144 1024 1024 36
[2026-09-06 08:40:41] [DEBUG] RUNNING: taskset -c 0-71 env OMP_PLACES=cores OMP_PROC_BIND=close numactl --interleave=all ../build/cpu_param_sweep 262144 1024 1024 1
[2026-09-06 08:40:54] [DEBUG] RUNNING: taskset -c 0-71 env OMP_PLACES=cores OMP_PROC_BIND=spread numactl --interleave=all ../build/cpu_param_sweep 262144 1024 1024 36
[2026-09-06 08:40:54] [DEBUG] RUNNING: taskset -c 0-71 env OMP_PLACES=cores OMP_PROC_BIND=spread numactl --interleave=all ../build/cpu_param_sweep 65536 1024 1024 4
[2026-09-06 08:40:55] [DEBUG] RUNNING: taskset -c 0-71 env OMP_PLACES=cores OMP_PROC_BIND=close numactl --interleave=all ../build/cpu_param_sweep 65536 1024 1024 2
[2026-09-06 08:40:57] [DEBUG] RUNNING: taskset -c 0-71 env OMP_PLACES=cores OMP_PROC_BIND=close numactl --interleave=all ../build/cpu_param_sweep 65536 1024 1024 72
[2026-09-06 08:40:57] [DEBUG] RUNNING: taskset -c 0-71 env OMP_PLACES=cores OMP_PROC_BIND=spread numactl --interleave=all ../build/cpu_param_sweep 65536 1024 1024 72
[2026-09-06 08:40:57] [DEBUG] RUNNING: taskset -c 0-71 env OMP_PLACES=cores OMP_PROC_BIND=spread numactl --interleave=all ../build/cpu_param_sweep 65536 1024 1024 36
[2026-09-06 08:40:57] [DEBUG] RUNNING: taskset -c 0-71 env OMP_PLACES=cores OMP_PROC_BIND=spread numactl --interleave=all ../build/cpu_param_sweep 262144 1024 1024 36
[2026-09-06 08:40:58] [DEBUG] RUNNING: taskset -c 0-71 env OMP_PLACES=cores OMP_PROC_BIND=close numactl --interleave=all ../build/cpu_param_sweep 262144 1024 1024 10
[2026-09-06 08:41:00] [DEBUG] RUNNING: taskset -c 0-71 env OMP_PLACES=cores OMP_PROC_BIND=spread numactl --interleave=all ../build/cpu_param_sweep 262144 1024 1024 72
[2026-09-06 08:41:01] [DEBUG] RUNNING: taskset -c 0-71 env OMP_PLACES=cores OMP_PROC_BIND=close numactl --interleave=all ../build/cpu_param_sweep 262144 1024 1024 16
[2026-09-06 08:41:02] [DEBUG] RUNNING: taskset -c 0-71 env OMP_PLACES=cores OMP_PROC_BIND=spread numactl --interleave=all ../build/cpu_param_sweep 262144 1024 1024 72
[2026-09-06 08:41:03] [DEBUG] RUNNING: taskset -c 0-71 env OMP_PLACES=cores OMP_PROC_BIND=spread numactl --interleave=all ../build/cpu_param_sweep 65536 1024 1024 54
[2026-09-06 08:41:03] [DEBUG] RUNNING: taskset -c 0-71 env OMP_PLACES=cores OMP_PROC_BIND=spread numactl --interleave=all ../build/cpu_param_sweep 262144 1024 1024 54
[2026-09-06 08:41:04] [DEBUG] RUNNING: taskset -c 0-71 env OMP_PLACES=cores OMP_PROC_BIND=spread numactl --interleave=all ../build/cpu_param_sweep 262144 1024 1024 2
[2026-09-06 08:41:11] [DEBUG] RUNNING: taskset -c 0-71 env OMP_PLACES=cores OMP_PROC_BIND=close numactl --interleave=all ../build/cpu_param_sweep 65536 1024 1024 20
[2026-09-06 08:41:11] [DEBUG] RUNNING: taskset -c 0-71 env OMP_PLACES=cores OMP_PROC_BIND=spread numactl --interleave=all ../build/cpu_param_sweep 65536 1024 1024 16
[2026-09-06 08:41:11] [DEBUG] RUNNING: taskset -c 0-71 env OMP_PLACES=cores OMP_PROC_BIND=close numactl --interleave=all ../build/cpu_param_sweep 262144 1024 1024 8
[2026-09-06 08:41:13] [DEBUG] RUNNING: taskset -c 0-71 env OMP_PLACES=cores OMP_PROC_BIND=close numactl --interleave=all ../build/cpu_param_sweep 262144 1024 1024 18
[2026-09-06 08:41:14] [DEBUG] RUNNING: taskset -c 0-71 env OMP_PLACES=cores OMP_PROC_BIND=close numactl --interleave=all ../build/cpu_param_sweep 65536 1024 1024 54
[2026-09-06 08:41:15] [DEBUG] RUNNING: taskset -c 0-71 env OMP_PLACES=cores OMP_PROC_BIND=spread numactl --interleave=all ../build/cpu_param_sweep 262144 1024 1024 20
[2026-09-06 08:41:16] [DEBUG] RUNNING: taskset -c 0-71 env OMP_PLACES=cores OMP_PROC_BIND=spread numactl --interleave=all ../build/cpu_param_sweep 65536 1024 1024 20
[2026-09-06 08:41:16] [DEBUG] RUNNING: taskset -c 0-71 env OMP_PLACES=cores OMP_PROC_BIND=close numactl --interleave=all ../build/cpu_param_sweep 65536 1024 1024 4
[2026-09-06 08:41:17] [DEBUG] RUNNING: taskset -c 0-71 env OMP_PLACES=cores OMP_PROC_BIND=close numactl --interleave=all ../build/cpu_param_sweep 65536 1024 1024 54
[2026-09-06 08:41:17] [DEBUG] RUNNING: taskset -c 0-71 env OMP_PLACES=cores OMP_PROC_BIND=close numactl --interleave=all ../build/cpu_param_sweep 65536 1024 1024 4
[2026-09-06 08:41:18] [DEBUG] RUNNING: taskset -c 0-71 env OMP_PLACES=cores OMP_PROC_BIND=spread numactl --interleave=all ../build/cpu_param_sweep 65536 1024 1024 2
[2026-09-06 08:41:19] [DEBUG] RUNNING: taskset -c 0-71 env OMP_PLACES=cores OMP_PROC_BIND=spread numactl --interleave=all ../build/cpu_param_sweep 262144 1024 1024 20
[2026-09-06 08:41:20] [DEBUG] RUNNING: taskset -c 0-71 env OMP_PLACES=cores OMP_PROC_BIND=spread numactl --interleave=all ../build/cpu_param_sweep 262144 1024 1024 8
[2026-09-06 08:41:22] [DEBUG] RUNNING: taskset -c 0-71 env OMP_PLACES=cores OMP_PROC_BIND=close numactl --interleave=all ../build/cpu_param_sweep 65536 1024 1024 72
[2026-09-06 08:41:22] [DEBUG] RUNNING: taskset -c 0-71 env OMP_PLACES=cores OMP_PROC_BIND=close numactl --interleave=all ../build/cpu_param_sweep 65536 1024 1024 54
[2026-09-06 08:41:23] [DEBUG] RUNNING: taskset -c 0-71 env OMP_PLACES=cores OMP_PROC_BIND=close numactl --interleave=all ../build/cpu_param_sweep 262144 1024 1024 1
[2026-09-06 08:41:36] [DEBUG] RUNNING: taskset -c 0-71 env OMP_PLACES=cores OMP_PROC_BIND=close numactl --interleave=all ../build/cpu_param_sweep 65536 1024 1024 36
[2026-09-06 08:41:36] [DEBUG] RUNNING: taskset -c 0-71 env OMP_PLACES=cores OMP_PROC_BIND=spread numactl --interleave=all ../build/cpu_param_sweep 262144 1024 1024 18
[2026-09-06 08:41:37] [DEBUG] RUNNING: taskset -c 0-71 env OMP_PLACES=cores OMP_PROC_BIND=close numactl --interleave=all ../build/cpu_param_sweep 65536 1024 1024 16
[2026-09-06 08:41:37] [DEBUG] RUNNING: taskset -c 0-71 env OMP_PLACES=cores OMP_PROC_BIND=close numactl --interleave=all ../build/cpu_param_sweep 65536 1024 1024 1
[2026-09-06 08:41:40] [DEBUG] RUNNING: taskset -c 0-71 env OMP_PLACES=cores OMP_PROC_BIND=close numactl --interleave=all ../build/cpu_param_sweep 65536 1024 1024 18
[2026-09-06 08:41:40] [DEBUG] RUNNING: taskset -c 0-71 env OMP_PLACES=cores OMP_PROC_BIND=close numactl --interleave=all ../build/cpu_param_sweep 262144 1024 1024 72
[2026-09-06 08:41:41] [DEBUG] RUNNING: taskset -c 0-71 env OMP_PLACES=cores OMP_PROC_BIND=spread numactl --interleave=all ../build/cpu_param_sweep 65536 1024 1024 10
[2026-09-06 08:41:42] [DEBUG] RUNNING: taskset -c 0-71 env OMP_PLACES=cores OMP_PROC_BIND=close numactl --interleave=all ../build/cpu_param_sweep 65536 1024 1024 8
[2026-09-06 08:41:42] [DEBUG] RUNNING: taskset -c 0-71 env OMP_PLACES=cores OMP_PROC_BIND=spread numactl --interleave=all ../build/cpu_param_sweep 65536 1024 1024 16
[2026-09-06 08:41:43] [DEBUG] RUNNING: taskset -c 0-71 env OMP_PLACES=cores OMP_PROC_BIND=spread numactl --interleave=all ../build/cpu_param_sweep 262144 1024 1024 8
[2026-09-06 08:41:44] [DEBUG] RUNNING: taskset -c 0-71 env OMP_PLACES=cores OMP_PROC_BIND=spread numactl --interleave=all ../build/cpu_param_sweep 65536 1024 1024 36
[2026-09-06 08:41:45] [DEBUG] RUNNING: taskset -c 0-71 env OMP_PLACES=cores OMP_PROC_BIND=spread numactl --interleave=all ../build/cpu_param_sweep 262144 1024 1024 4
[2026-09-06 08:41:48] [DEBUG] RUNNING: taskset -c 0-71 env OMP_PLACES=cores OMP_PROC_BIND=spread numactl --interleave=all ../build/cpu_param_sweep 262144 1024 1024 54
[2026-09-06 08:41:49] [DEBUG] RUNNING: taskset -c 0-71 env OMP_PLACES=cores OMP_PROC_BIND=spread numactl --interleave=all ../build/cpu_param_sweep 65536 1024 1024 18
[2026-09-06 08:41:49] [DEBUG] RUNNING: taskset -c 0-71 env OMP_PLACES=cores OMP_PROC_BIND=spread numactl --interleave=all ../build/cpu_param_sweep 65536 1024 1024 10
[2026-09-06 08:41:50] [DEBUG] RUNNING: taskset -c 0-71 env OMP_PLACES=cores OMP_PROC_BIND=close numactl --interleave=all ../build/cpu_param_sweep 262144 1024 1024 36
[2026-09-06 08:41:51] [DEBUG] RUNNING: taskset -c 0-71 env OMP_PLACES=cores OMP_PROC_BIND=spread numactl --interleave=all ../build/cpu_param_sweep 262144 1024 1024 4
[2026-09-06 08:41:54] [DEBUG] RUNNING: taskset -c 0-71 env OMP_PLACES=cores OMP_PROC_BIND=spread numactl --interleave=all ../build/cpu_param_sweep 65536 1024 1024 18
[2026-09-06 08:41:54] [DEBUG] RUNNING: taskset -c 0-71 env OMP_PLACES=cores OMP_PROC_BIND=spread numactl --interleave=all ../build/cpu_param_sweep 262144 1024 1024 16
[2026-09-06 08:41:56] [DEBUG] RUNNING: taskset -c 0-71 env OMP_PLACES=cores OMP_PROC_BIND=close numactl --interleave=all ../build/cpu_param_sweep 65536 1024 1024 10
[2026-09-06 08:41:56] [DEBUG] RUNNING: taskset -c 0-71 env OMP_PLACES=cores OMP_PROC_BIND=spread numactl --interleave=all ../build/cpu_param_sweep 65536 1024 1024 2
[2026-09-06 08:41:57] [DEBUG] RUNNING: taskset -c 0-71 env OMP_PLACES=cores OMP_PROC_BIND=spread numactl --interleave=all ../build/cpu_param_sweep 262144 1024 1024 1
[2026-09-06 08:42:11] [DEBUG] RUNNING: taskset -c 0-71 env OMP_PLACES=cores OMP_PROC_BIND=spread numactl --interleave=all ../build/cpu_param_sweep 65536 1024 1024 1
[2026-09-06 08:42:14] [DEBUG] RUNNING: taskset -c 0-71 env OMP_PLACES=cores OMP_PROC_BIND=close numactl --interleave=all ../build/cpu_param_sweep 262144 1024 1024 4
[2026-09-06 08:42:17] [DEBUG] RUNNING: taskset -c 0-71 env OMP_PLACES=cores OMP_PROC_BIND=close numactl --interleave=all ../build/cpu_param_sweep 262144 1024 1024 72
[2026-09-06 08:42:18] [DEBUG] RUNNING: taskset -c 0-71 env OMP_PLACES=cores OMP_PROC_BIND=spread numactl --interleave=all ../build/cpu_param_sweep 65536 1024 1024 20
[2026-09-06 08:42:18] [DEBUG] RUNNING: taskset -c 0-71 env OMP_PLACES=cores OMP_PROC_BIND=spread numactl --interleave=all ../build/cpu_param_sweep 262144 1024 1024 16
[2026-09-06 08:42:20] [DEBUG] RUNNING: taskset -c 0-71 env OMP_PLACES=cores OMP_PROC_BIND=close numactl --interleave=all ../build/cpu_param_sweep 65536 1024 1024 18
[2026-09-06 08:42:20] [DEBUG] RUNNING: taskset -c 0-71 env OMP_PLACES=cores OMP_PROC_BIND=close numactl --interleave=all ../build/cpu_param_sweep 65536 1024 1024 18
[2026-09-06 08:42:20] [DEBUG] RUNNING: taskset -c 0-71 env OMP_PLACES=cores OMP_PROC_BIND=close numactl --interleave=all ../build/cpu_param_sweep 262144 1024 1024 20
[2026-09-06 08:42:21] [DEBUG] RUNNING: taskset -c 0-71 env OMP_PLACES=cores OMP_PROC_BIND=close numactl --interleave=all ../build/cpu_param_sweep 262144 1024 1024 1
[2026-09-06 08:42:34] [DEBUG] RUNNING: taskset -c 0-71 env OMP_PLACES=cores OMP_PROC_BIND=close numactl --interleave=all ../build/cpu_param_sweep 65536 1024 1024 1
[2026-09-06 08:42:37] [DEBUG] RUNNING: taskset -c 0-71 env OMP_PLACES=cores OMP_PROC_BIND=close numactl --interleave=all ../build/cpu_param_sweep 65536 1024 1024 16
[2026-09-06 08:42:37] [DEBUG] RUNNING: taskset -c 0-71 env OMP_PLACES=cores OMP_PROC_BIND=spread numactl --interleave=all ../build/cpu_param_sweep 262144 1024 1024 1
[2026-09-06 08:42:51] [DEBUG] RUNNING: taskset -c 0-71 env OMP_PLACES=cores OMP_PROC_BIND=close numactl --interleave=all ../build/cpu_param_sweep 262144 1024 1024 54
[2026-09-06 08:42:52] [DEBUG] RUNNING: taskset -c 0-71 env OMP_PLACES=cores OMP_PROC_BIND=close numactl --interleave=all ../build/cpu_param_sweep 65536 1024 1024 2
[2026-09-06 08:42:53] [DEBUG] RUNNING: taskset -c 0-71 env OMP_PLACES=cores OMP_PROC_BIND=spread numactl --interleave=all ../build/cpu_param_sweep 262144 1024 1024 4
[2026-09-06 08:42:56] [DEBUG] RUNNING: taskset -c 0-71 env OMP_PLACES=cores OMP_PROC_BIND=spread numactl --interleave=all ../build/cpu_param_sweep 65536 1024 1024 8
[2026-09-06 08:42:57] [DEBUG] RUNNING: taskset -c 0-71 env OMP_PLACES=cores OMP_PROC_BIND=close numactl --interleave=all ../build/cpu_param_sweep 262144 1024 1024 2
[2026-09-06 08:43:04] [DEBUG] RUNNING: taskset -c 0-71 env OMP_PLACES=cores OMP_PROC_BIND=spread numactl --interleave=all ../build/cpu_param_sweep 262144 1024 1024 1
[2026-09-06 08:43:17] [DEBUG] RUNNING: taskset -c 0-71 env OMP_PLACES=cores OMP_PROC_BIND=spread numactl --interleave=all ../build/cpu_param_sweep 65536 1024 1024 1
[2026-09-06 08:43:20] [DEBUG] RUNNING: taskset -c 0-71 env OMP_PLACES=cores OMP_PROC_BIND=close numactl --interleave=all ../build/cpu_param_sweep 65536 1024 1024 8
[2026-09-06 08:43:20] [DEBUG] RUNNING: taskset -c 0-71 env OMP_PLACES=cores OMP_PROC_BIND=spread numactl --interleave=all ../build/cpu_param_sweep 262144 1024 1024 2
[2026-09-06 08:43:27] [DEBUG] RUNNING: taskset -c 0-71 env OMP_PLACES=cores OMP_PROC_BIND=close numactl --interleave=all ../build/cpu_param_sweep 262144 1024 1024 54
[2026-09-06 08:43:28] [DEBUG] RUNNING: taskset -c 0-71 env OMP_PLACES=cores OMP_PROC_BIND=close numactl --interleave=all ../build/cpu_param_sweep 65536 1024 1024 72
[2026-09-06 08:43:28] [DEBUG] RUNNING: taskset -c 0-71 env OMP_PLACES=cores OMP_PROC_BIND=close numactl --interleave=all ../build/cpu_param_sweep 65536 1024 1024 20
[2026-09-06 08:43:28] [DEBUG] RUNNING: taskset -c 0-71 env OMP_PLACES=cores OMP_PROC_BIND=close numactl --interleave=all ../build/cpu_param_sweep 262144 1024 1024 10
[2026-09-06 08:43:30] [DEBUG] RUNNING: taskset -c 0-71 env OMP_PLACES=cores OMP_PROC_BIND=close numactl --interleave=all ../build/cpu_param_sweep 262144 1024 1024 8
[2026-09-06 08:43:32] [DEBUG] RUNNING: taskset -c 0-71 env OMP_PLACES=cores OMP_PROC_BIND=spread numactl --interleave=all ../build/cpu_param_sweep 65536 1024 1024 16
[2026-09-06 08:43:32] [DEBUG] RUNNING: taskset -c 0-71 env OMP_PLACES=cores OMP_PROC_BIND=spread numactl --interleave=all ../build/cpu_param_sweep 65536 1024 1024 1
[2026-09-06 08:43:35] [DEBUG] RUNNING: taskset -c 0-71 env OMP_PLACES=cores OMP_PROC_BIND=spread numactl --interleave=all ../build/cpu_param_sweep 65536 1024 1024 8
[2026-09-06 08:43:36] [DEBUG] RUNNING: taskset -c 0-71 env OMP_PLACES=cores OMP_PROC_BIND=spread numactl --interleave=all ../build/cpu_param_sweep 65536 1024 1024 2
[2026-09-06 08:43:37] [DEBUG] RUNNING: taskset -c 0-71 env OMP_PLACES=cores OMP_PROC_BIND=spread numactl --interleave=all ../build/cpu_param_sweep 262144 1024 1024 18
[2026-09-06 08:43:38] [DEBUG] RUNNING: taskset -c 0-71 env OMP_PLACES=cores OMP_PROC_BIND=close numactl --interleave=all ../build/cpu_param_sweep 65536 1024 1024 4
[2026-09-06 08:43:39] [DEBUG] RUNNING: taskset -c 0-71 env OMP_PLACES=cores OMP_PROC_BIND=close numactl --interleave=all ../build/cpu_param_sweep 65536 1024 1024 1
[2026-09-06 08:43:42] [DEBUG] RUNNING: taskset -c 0-71 env OMP_PLACES=cores OMP_PROC_BIND=close numactl --interleave=all ../build/cpu_param_sweep 262144 1024 1024 16
[2026-09-06 08:43:43] [DEBUG] RUNNING: taskset -c 0-71 env OMP_PLACES=cores OMP_PROC_BIND=spread numactl --interleave=all ../build/cpu_param_sweep 65536 1024 1024 4
[2026-09-06 08:43:44] [DEBUG] RUNNING: taskset -c 0-71 env OMP_PLACES=cores OMP_PROC_BIND=close numactl --interleave=all ../build/cpu_param_sweep 262144 1024 1024 36
[2026-09-06 08:43:45] [DEBUG] RUNNING: taskset -c 0-71 env OMP_PLACES=cores OMP_PROC_BIND=spread numactl --interleave=all ../build/cpu_param_sweep 65536 1024 1024 4
[2026-09-06 08:43:45] [DEBUG] RUNNING: taskset -c 0-71 env OMP_PLACES=cores OMP_PROC_BIND=close numactl --interleave=all ../build/cpu_param_sweep 65536 1024 1024 2
[2026-09-06 08:43:47] [DEBUG] RUNNING: taskset -c 0-71 env OMP_PLACES=cores OMP_PROC_BIND=close numactl --interleave=all ../build/cpu_param_sweep 262144 1024 1024 4
[2026-09-06 08:43:50] [DEBUG] RUNNING: taskset -c 0-71 env OMP_PLACES=cores OMP_PROC_BIND=spread numactl --interleave=all ../build/cpu_param_sweep 262144 1024 1024 10
[2026-09-06 08:43:52] [DEBUG] RUNNING: taskset -c 0-71 env OMP_PLACES=cores OMP_PROC_BIND=spread numactl --interleave=all ../build/cpu_param_sweep 262144 1024 1024 10
[2026-09-06 08:43:54] [DEBUG] RUNNING: taskset -c 0-71 env OMP_PLACES=cores OMP_PROC_BIND=spread numactl --interleave=all ../build/cpu_param_sweep 65536 1024 1024 54
[2026-09-06 08:43:54] [DEBUG] RUNNING: taskset -c 0-71 env OMP_PLACES=cores OMP_PROC_BIND=spread numactl --interleave=all ../build/cpu_param_sweep 262144 1024 1024 72
[2026-09-06 08:43:55] [DEBUG] RUNNING: taskset -c 0-71 env OMP_PLACES=cores OMP_PROC_BIND=close numactl --interleave=all ../build/cpu_param_sweep 262144 1024 1024 18
[2026-09-06 08:43:56] [DEBUG] RUNNING: taskset -c 0-71 env OMP_PLACES=cores OMP_PROC_BIND=close numactl --interleave=all ../build/cpu_param_sweep 262144 1024 1024 18
[2026-09-06 08:43:57] [DEBUG] RUNNING: taskset -c 0-71 env OMP_PLACES=cores OMP_PROC_BIND=close numactl --interleave=all ../build/cpu_param_sweep 65536 1024 1024 16
[2026-09-06 08:43:58] [DEBUG] RUNNING: taskset -c 0-71 env OMP_PLACES=cores OMP_PROC_BIND=spread numactl --interleave=all ../build/cpu_param_sweep 65536 1024 1024 36
[2026-09-06 08:43:58] [DEBUG] RUNNING: taskset -c 0-71 env OMP_PLACES=cores OMP_PROC_BIND=spread numactl --interleave=all ../build/cpu_param_sweep 65536 1024 1024 72
[2026-09-06 08:43:58] [DEBUG] RUNNING: taskset -c 0-71 env OMP_PLACES=cores OMP_PROC_BIND=close numactl --interleave=all ../build/cpu_param_sweep 262144 1024 1024 2
[2026-09-06 08:44:05] [DEBUG] RUNNING: taskset -c 0-71 env OMP_PLACES=cores OMP_PROC_BIND=close numactl --interleave=all ../build/cpu_param_sweep 262144 1024 1024 10
[2026-09-06 08:44:06] [DEBUG] RUNNING: taskset -c 0-71 env OMP_PLACES=cores OMP_PROC_BIND=close numactl --interleave=all ../build/cpu_param_sweep 65536 1024 1024 8
[2026-09-06 08:44:07] [DEBUG] RUNNING: taskset -c 0-71 env OMP_PLACES=cores OMP_PROC_BIND=close numactl --interleave=all ../build/cpu_param_sweep 65536 1024 1024 10
[2026-09-06 08:44:07] [DEBUG] RUNNING: taskset -c 0-71 env OMP_PLACES=cores OMP_PROC_BIND=spread numactl --interleave=all ../build/cpu_param_sweep 65536 1024 1024 54
[2026-09-06 08:44:08] [DEBUG] RUNNING: taskset -c 0-71 env OMP_PLACES=cores OMP_PROC_BIND=close numactl --interleave=all ../build/cpu_param_sweep 262144 1024 1024 54
[2026-09-06 08:44:08] [DEBUG] RUNNING: taskset -c 0-71 env OMP_PLACES=cores OMP_PROC_BIND=spread numactl --interleave=all ../build/cpu_param_sweep 262144 1024 1024 54
[2026-09-06 08:44:09] [INFO] BUILDING: make -C ../ -f Makefile -B build/cpu_param_sweep GPU=NONE CC=gcc OPT=-O3 APPLY_LTO=1 MARCH=native LIBPOPCNT=1 CPU_TILE=32 BITVECTOR_TILE=1024 BUFFER_SIZE=4096 OUTER_ROW_NUM=2 OUTER_COL_NUM=2 OUTER_VEC_BLK=2
[2026-09-06 08:44:16] [DEBUG] RUNNING: taskset -c 0-71 env OMP_PLACES=cores OMP_PROC_BIND=spread numactl --interleave=all ../build/cpu_param_sweep 65536 1024 1024 10
[2026-09-06 08:44:17] [DEBUG] RUNNING: taskset -c 0-71 env OMP_PLACES=cores OMP_PROC_BIND=close numactl --interleave=all ../build/cpu_param_sweep 262144 1024 1024 4
[2026-09-06 08:44:20] [DEBUG] RUNNING: taskset -c 0-71 env OMP_PLACES=cores OMP_PROC_BIND=close numactl --interleave=all ../build/cpu_param_sweep 65536 1024 1024 36
[2026-09-06 08:44:21] [DEBUG] RUNNING: taskset -c 0-71 env OMP_PLACES=cores OMP_PROC_BIND=close numactl --interleave=all ../build/cpu_param_sweep 262144 1024 1024 20
[2026-09-06 08:44:22] [DEBUG] RUNNING: taskset -c 0-71 env OMP_PLACES=cores OMP_PROC_BIND=close numactl --interleave=all ../build/cpu_param_sweep 262144 1024 1024 36
[2026-09-06 08:44:22] [DEBUG] RUNNING: taskset -c 0-71 env OMP_PLACES=cores OMP_PROC_BIND=close numactl --interleave=all ../build/cpu_param_sweep 262144 1024 1024 16
[2026-09-06 08:44:24] [DEBUG] RUNNING: taskset -c 0-71 env OMP_PLACES=cores OMP_PROC_BIND=spread numactl --interleave=all ../build/cpu_param_sweep 262144 1024 1024 20
[2026-09-06 08:44:25] [DEBUG] RUNNING: taskset -c 0-71 env OMP_PLACES=cores OMP_PROC_BIND=spread numactl --interleave=all ../build/cpu_param_sweep 65536 1024 1024 20
[2026-09-06 08:44:25] [DEBUG] RUNNING: taskset -c 0-71 env OMP_PLACES=cores OMP_PROC_BIND=close numactl --interleave=all ../build/cpu_param_sweep 65536 1024 1024 20
[2026-09-06 08:44:25] [DEBUG] RUNNING: taskset -c 0-71 env OMP_PLACES=cores OMP_PROC_BIND=spread numactl --interleave=all ../build/cpu_param_sweep 262144 1024 1024 16
[2026-09-06 08:44:26] [DEBUG] RUNNING: taskset -c 0-71 env OMP_PLACES=cores OMP_PROC_BIND=spread numactl --interleave=all ../build/cpu_param_sweep 262144 1024 1024 10
[2026-09-06 08:44:28] [DEBUG] RUNNING: taskset -c 0-71 env OMP_PLACES=cores OMP_PROC_BIND=spread numactl --interleave=all ../build/cpu_param_sweep 65536 1024 1024 8
[2026-09-06 08:44:29] [DEBUG] RUNNING: taskset -c 0-71 env OMP_PLACES=cores OMP_PROC_BIND=close numactl --interleave=all ../build/cpu_param_sweep 262144 1024 1024 20
[2026-09-06 08:44:30] [DEBUG] RUNNING: taskset -c 0-71 env OMP_PLACES=cores OMP_PROC_BIND=spread numactl --interleave=all ../build/cpu_param_sweep 262144 1024 1024 18
[2026-09-06 08:44:31] [DEBUG] RUNNING: taskset -c 0-71 env OMP_PLACES=cores OMP_PROC_BIND=spread numactl --interleave=all ../build/cpu_param_sweep 262144 1024 1024 2
[2026-09-06 08:44:38] [DEBUG] RUNNING: taskset -c 0-71 env OMP_PLACES=cores OMP_PROC_BIND=close numactl --interleave=all ../build/cpu_param_sweep 262144 1024 1024 2
[2026-09-06 08:44:45] [DEBUG] RUNNING: taskset -c 0-71 env OMP_PLACES=cores OMP_PROC_BIND=close numactl --interleave=all ../build/cpu_param_sweep 65536 1024 1024 10
[2026-09-06 08:44:46] [DEBUG] RUNNING: taskset -c 0-71 env OMP_PLACES=cores OMP_PROC_BIND=spread numactl --interleave=all ../build/cpu_param_sweep 65536 1024 1024 18
[2026-09-06 08:44:46] [DEBUG] RUNNING: taskset -c 0-71 env OMP_PLACES=cores OMP_PROC_BIND=close numactl --interleave=all ../build/cpu_param_sweep 262144 1024 1024 8
[2026-09-06 08:44:48] [DEBUG] RUNNING: taskset -c 0-71 env OMP_PLACES=cores OMP_PROC_BIND=close numactl --interleave=all ../build/cpu_param_sweep 262144 1024 1024 72
[2026-09-06 08:44:49] [DEBUG] RUNNING: taskset -c 0-71 env OMP_PLACES=cores OMP_PROC_BIND=close numactl --interleave=all ../build/cpu_param_sweep 65536 1024 1024 36
[2026-09-06 08:44:49] [DEBUG] RUNNING: taskset -c 0-71 env OMP_PLACES=cores OMP_PROC_BIND=spread numactl --interleave=all ../build/cpu_param_sweep 262144 1024 1024 8
[2026-09-06 08:44:51] [DEBUG] RUNNING: taskset -c 0-71 env OMP_PLACES=cores OMP_PROC_BIND=spread numactl --interleave=all ../build/cpu_param_sweep 65536 1024 1024 72
[2026-09-06 08:44:52] [DEBUG] RUNNING: taskset -c 0-71 env OMP_PLACES=cores OMP_PROC_BIND=spread numactl --interleave=all ../build/cpu_param_sweep 262144 1024 1024 36
[2026-09-06 08:44:52] [DEBUG] RUNNING: taskset -c 0-71 env OMP_PLACES=cores OMP_PROC_BIND=close numactl --interleave=all ../build/cpu_param_sweep 262144 1024 1024 1
[2026-09-06 08:45:07] [DEBUG] RUNNING: taskset -c 0-71 env OMP_PLACES=cores OMP_PROC_BIND=spread numactl --interleave=all ../build/cpu_param_sweep 262144 1024 1024 36
[2026-09-06 08:45:07] [DEBUG] RUNNING: taskset -c 0-71 env OMP_PLACES=cores OMP_PROC_BIND=spread numactl --interleave=all ../build/cpu_param_sweep 65536 1024 1024 4
[2026-09-06 08:45:08] [DEBUG] RUNNING: taskset -c 0-71 env OMP_PLACES=cores OMP_PROC_BIND=close numactl --interleave=all ../build/cpu_param_sweep 65536 1024 1024 2
[2026-09-06 08:45:10] [DEBUG] RUNNING: taskset -c 0-71 env OMP_PLACES=cores OMP_PROC_BIND=close numactl --interleave=all ../build/cpu_param_sweep 65536 1024 1024 72
[2026-09-06 08:45:10] [DEBUG] RUNNING: taskset -c 0-71 env OMP_PLACES=cores OMP_PROC_BIND=spread numactl --interleave=all ../build/cpu_param_sweep 65536 1024 1024 72
[2026-09-06 08:45:11] [DEBUG] RUNNING: taskset -c 0-71 env OMP_PLACES=cores OMP_PROC_BIND=spread numactl --interleave=all ../build/cpu_param_sweep 65536 1024 1024 36
[2026-09-06 08:45:11] [DEBUG] RUNNING: taskset -c 0-71 env OMP_PLACES=cores OMP_PROC_BIND=spread numactl --interleave=all ../build/cpu_param_sweep 262144 1024 1024 36
[2026-09-06 08:45:11] [DEBUG] RUNNING: taskset -c 0-71 env OMP_PLACES=cores OMP_PROC_BIND=close numactl --interleave=all ../build/cpu_param_sweep 262144 1024 1024 10
[2026-09-06 08:45:13] [DEBUG] RUNNING: taskset -c 0-71 env OMP_PLACES=cores OMP_PROC_BIND=spread numactl --interleave=all ../build/cpu_param_sweep 262144 1024 1024 72
[2026-09-06 08:45:14] [DEBUG] RUNNING: taskset -c 0-71 env OMP_PLACES=cores OMP_PROC_BIND=close numactl --interleave=all ../build/cpu_param_sweep 262144 1024 1024 16
[2026-09-06 08:45:15] [DEBUG] RUNNING: taskset -c 0-71 env OMP_PLACES=cores OMP_PROC_BIND=spread numactl --interleave=all ../build/cpu_param_sweep 262144 1024 1024 72
[2026-09-06 08:45:17] [DEBUG] RUNNING: taskset -c 0-71 env OMP_PLACES=cores OMP_PROC_BIND=spread numactl --interleave=all ../build/cpu_param_sweep 65536 1024 1024 54
[2026-09-06 08:45:17] [DEBUG] RUNNING: taskset -c 0-71 env OMP_PLACES=cores OMP_PROC_BIND=spread numactl --interleave=all ../build/cpu_param_sweep 262144 1024 1024 54
[2026-09-06 08:45:18] [DEBUG] RUNNING: taskset -c 0-71 env OMP_PLACES=cores OMP_PROC_BIND=spread numactl --interleave=all ../build/cpu_param_sweep 262144 1024 1024 2
[2026-09-06 08:45:25] [DEBUG] RUNNING: taskset -c 0-71 env OMP_PLACES=cores OMP_PROC_BIND=close numactl --interleave=all ../build/cpu_param_sweep 65536 1024 1024 20
[2026-09-06 08:45:26] [DEBUG] RUNNING: taskset -c 0-71 env OMP_PLACES=cores OMP_PROC_BIND=spread numactl --interleave=all ../build/cpu_param_sweep 65536 1024 1024 16
[2026-09-06 08:45:26] [DEBUG] RUNNING: taskset -c 0-71 env OMP_PLACES=cores OMP_PROC_BIND=close numactl --interleave=all ../build/cpu_param_sweep 262144 1024 1024 8
[2026-09-06 08:45:28] [DEBUG] RUNNING: taskset -c 0-71 env OMP_PLACES=cores OMP_PROC_BIND=close numactl --interleave=all ../build/cpu_param_sweep 262144 1024 1024 18
[2026-09-06 08:45:29] [DEBUG] RUNNING: taskset -c 0-71 env OMP_PLACES=cores OMP_PROC_BIND=close numactl --interleave=all ../build/cpu_param_sweep 65536 1024 1024 54
[2026-09-06 08:45:29] [DEBUG] RUNNING: taskset -c 0-71 env OMP_PLACES=cores OMP_PROC_BIND=spread numactl --interleave=all ../build/cpu_param_sweep 262144 1024 1024 20
[2026-09-06 08:45:30] [DEBUG] RUNNING: taskset -c 0-71 env OMP_PLACES=cores OMP_PROC_BIND=spread numactl --interleave=all ../build/cpu_param_sweep 65536 1024 1024 20
[2026-09-06 08:45:31] [DEBUG] RUNNING: taskset -c 0-71 env OMP_PLACES=cores OMP_PROC_BIND=close numactl --interleave=all ../build/cpu_param_sweep 65536 1024 1024 4
[2026-09-06 08:45:32] [DEBUG] RUNNING: taskset -c 0-71 env OMP_PLACES=cores OMP_PROC_BIND=close numactl --interleave=all ../build/cpu_param_sweep 65536 1024 1024 54
[2026-09-06 08:45:32] [DEBUG] RUNNING: taskset -c 0-71 env OMP_PLACES=cores OMP_PROC_BIND=close numactl --interleave=all ../build/cpu_param_sweep 65536 1024 1024 4
[2026-09-06 08:45:33] [DEBUG] RUNNING: taskset -c 0-71 env OMP_PLACES=cores OMP_PROC_BIND=spread numactl --interleave=all ../build/cpu_param_sweep 65536 1024 1024 2
[2026-09-06 08:45:34] [DEBUG] RUNNING: taskset -c 0-71 env OMP_PLACES=cores OMP_PROC_BIND=spread numactl --interleave=all ../build/cpu_param_sweep 262144 1024 1024 20
[2026-09-06 08:45:35] [DEBUG] RUNNING: taskset -c 0-71 env OMP_PLACES=cores OMP_PROC_BIND=spread numactl --interleave=all ../build/cpu_param_sweep 262144 1024 1024 8
[2026-09-06 08:45:37] [DEBUG] RUNNING: taskset -c 0-71 env OMP_PLACES=cores OMP_PROC_BIND=close numactl --interleave=all ../build/cpu_param_sweep 65536 1024 1024 72
[2026-09-06 08:45:38] [DEBUG] RUNNING: taskset -c 0-71 env OMP_PLACES=cores OMP_PROC_BIND=close numactl --interleave=all ../build/cpu_param_sweep 65536 1024 1024 54
[2026-09-06 08:45:38] [DEBUG] RUNNING: taskset -c 0-71 env OMP_PLACES=cores OMP_PROC_BIND=close numactl --interleave=all ../build/cpu_param_sweep 262144 1024 1024 1
[2026-09-06 08:45:52] [DEBUG] RUNNING: taskset -c 0-71 env OMP_PLACES=cores OMP_PROC_BIND=close numactl --interleave=all ../build/cpu_param_sweep 65536 1024 1024 36
[2026-09-06 08:45:53] [DEBUG] RUNNING: taskset -c 0-71 env OMP_PLACES=cores OMP_PROC_BIND=spread numactl --interleave=all ../build/cpu_param_sweep 262144 1024 1024 18
[2026-09-06 08:45:54] [DEBUG] RUNNING: taskset -c 0-71 env OMP_PLACES=cores OMP_PROC_BIND=close numactl --interleave=all ../build/cpu_param_sweep 65536 1024 1024 16
[2026-09-06 08:45:54] [DEBUG] RUNNING: taskset -c 0-71 env OMP_PLACES=cores OMP_PROC_BIND=close numactl --interleave=all ../build/cpu_param_sweep 65536 1024 1024 1
[2026-09-06 08:45:57] [DEBUG] RUNNING: taskset -c 0-71 env OMP_PLACES=cores OMP_PROC_BIND=close numactl --interleave=all ../build/cpu_param_sweep 65536 1024 1024 18
[2026-09-06 08:45:57] [DEBUG] RUNNING: taskset -c 0-71 env OMP_PLACES=cores OMP_PROC_BIND=close numactl --interleave=all ../build/cpu_param_sweep 262144 1024 1024 72
[2026-09-06 08:45:58] [DEBUG] RUNNING: taskset -c 0-71 env OMP_PLACES=cores OMP_PROC_BIND=spread numactl --interleave=all ../build/cpu_param_sweep 65536 1024 1024 10
[2026-09-06 08:45:59] [DEBUG] RUNNING: taskset -c 0-71 env OMP_PLACES=cores OMP_PROC_BIND=close numactl --interleave=all ../build/cpu_param_sweep 65536 1024 1024 8
[2026-09-06 08:45:59] [DEBUG] RUNNING: taskset -c 0-71 env OMP_PLACES=cores OMP_PROC_BIND=spread numactl --interleave=all ../build/cpu_param_sweep 65536 1024 1024 16
[2026-09-06 08:46:00] [DEBUG] RUNNING: taskset -c 0-71 env OMP_PLACES=cores OMP_PROC_BIND=spread numactl --interleave=all ../build/cpu_param_sweep 262144 1024 1024 8
[2026-09-06 08:46:02] [DEBUG] RUNNING: taskset -c 0-71 env OMP_PLACES=cores OMP_PROC_BIND=spread numactl --interleave=all ../build/cpu_param_sweep 65536 1024 1024 36
[2026-09-06 08:46:02] [DEBUG] RUNNING: taskset -c 0-71 env OMP_PLACES=cores OMP_PROC_BIND=spread numactl --interleave=all ../build/cpu_param_sweep 262144 1024 1024 4
[2026-09-06 08:46:06] [DEBUG] RUNNING: taskset -c 0-71 env OMP_PLACES=cores OMP_PROC_BIND=spread numactl --interleave=all ../build/cpu_param_sweep 262144 1024 1024 54
[2026-09-06 08:46:07] [DEBUG] RUNNING: taskset -c 0-71 env OMP_PLACES=cores OMP_PROC_BIND=spread numactl --interleave=all ../build/cpu_param_sweep 65536 1024 1024 18
[2026-09-06 08:46:07] [DEBUG] RUNNING: taskset -c 0-71 env OMP_PLACES=cores OMP_PROC_BIND=spread numactl --interleave=all ../build/cpu_param_sweep 65536 1024 1024 10
[2026-09-06 08:46:07] [DEBUG] RUNNING: taskset -c 0-71 env OMP_PLACES=cores OMP_PROC_BIND=close numactl --interleave=all ../build/cpu_param_sweep 262144 1024 1024 36
[2026-09-06 08:46:08] [DEBUG] RUNNING: taskset -c 0-71 env OMP_PLACES=cores OMP_PROC_BIND=spread numactl --interleave=all ../build/cpu_param_sweep 262144 1024 1024 4
[2026-09-06 08:46:12] [DEBUG] RUNNING: taskset -c 0-71 env OMP_PLACES=cores OMP_PROC_BIND=spread numactl --interleave=all ../build/cpu_param_sweep 65536 1024 1024 18
[2026-09-06 08:46:12] [DEBUG] RUNNING: taskset -c 0-71 env OMP_PLACES=cores OMP_PROC_BIND=spread numactl --interleave=all ../build/cpu_param_sweep 262144 1024 1024 16
[2026-09-06 08:46:13] [DEBUG] RUNNING: taskset -c 0-71 env OMP_PLACES=cores OMP_PROC_BIND=close numactl --interleave=all ../build/cpu_param_sweep 65536 1024 1024 10
[2026-09-06 08:46:14] [DEBUG] RUNNING: taskset -c 0-71 env OMP_PLACES=cores OMP_PROC_BIND=spread numactl --interleave=all ../build/cpu_param_sweep 65536 1024 1024 2
[2026-09-06 08:46:16] [DEBUG] RUNNING: taskset -c 0-71 env OMP_PLACES=cores OMP_PROC_BIND=spread numactl --interleave=all ../build/cpu_param_sweep 262144 1024 1024 1
[2026-09-06 08:46:30] [DEBUG] RUNNING: taskset -c 0-71 env OMP_PLACES=cores OMP_PROC_BIND=spread numactl --interleave=all ../build/cpu_param_sweep 65536 1024 1024 1
[2026-09-06 08:46:33] [DEBUG] RUNNING: taskset -c 0-71 env OMP_PLACES=cores OMP_PROC_BIND=close numactl --interleave=all ../build/cpu_param_sweep 262144 1024 1024 4
[2026-09-06 08:46:37] [DEBUG] RUNNING: taskset -c 0-71 env OMP_PLACES=cores OMP_PROC_BIND=close numactl --interleave=all ../build/cpu_param_sweep 262144 1024 1024 72
[2026-09-06 08:46:38] [DEBUG] RUNNING: taskset -c 0-71 env OMP_PLACES=cores OMP_PROC_BIND=spread numactl --interleave=all ../build/cpu_param_sweep 65536 1024 1024 20
[2026-09-06 08:46:38] [DEBUG] RUNNING: taskset -c 0-71 env OMP_PLACES=cores OMP_PROC_BIND=spread numactl --interleave=all ../build/cpu_param_sweep 262144 1024 1024 16
[2026-09-06 08:46:39] [DEBUG] RUNNING: taskset -c 0-71 env OMP_PLACES=cores OMP_PROC_BIND=close numactl --interleave=all ../build/cpu_param_sweep 65536 1024 1024 18
[2026-09-06 08:46:40] [DEBUG] RUNNING: taskset -c 0-71 env OMP_PLACES=cores OMP_PROC_BIND=close numactl --interleave=all ../build/cpu_param_sweep 65536 1024 1024 18
[2026-09-06 08:46:40] [DEBUG] RUNNING: taskset -c 0-71 env OMP_PLACES=cores OMP_PROC_BIND=close numactl --interleave=all ../build/cpu_param_sweep 262144 1024 1024 20
[2026-09-06 08:46:41] [DEBUG] RUNNING: taskset -c 0-71 env OMP_PLACES=cores OMP_PROC_BIND=close numactl --interleave=all ../build/cpu_param_sweep 262144 1024 1024 1
[2026-09-06 08:46:56] [DEBUG] RUNNING: taskset -c 0-71 env OMP_PLACES=cores OMP_PROC_BIND=close numactl --interleave=all ../build/cpu_param_sweep 65536 1024 1024 1
[2026-09-06 08:46:59] [DEBUG] RUNNING: taskset -c 0-71 env OMP_PLACES=cores OMP_PROC_BIND=close numactl --interleave=all ../build/cpu_param_sweep 65536 1024 1024 16
[2026-09-06 08:46:59] [DEBUG] RUNNING: taskset -c 0-71 env OMP_PLACES=cores OMP_PROC_BIND=spread numactl --interleave=all ../build/cpu_param_sweep 262144 1024 1024 1
[2026-09-06 08:47:13] [DEBUG] RUNNING: taskset -c 0-71 env OMP_PLACES=cores OMP_PROC_BIND=close numactl --interleave=all ../build/cpu_param_sweep 262144 1024 1024 54
[2026-09-06 08:47:14] [DEBUG] RUNNING: taskset -c 0-71 env OMP_PLACES=cores OMP_PROC_BIND=close numactl --interleave=all ../build/cpu_param_sweep 65536 1024 1024 2
[2026-09-06 08:47:16] [DEBUG] RUNNING: taskset -c 0-71 env OMP_PLACES=cores OMP_PROC_BIND=spread numactl --interleave=all ../build/cpu_param_sweep 262144 1024 1024 4
[2026-09-06 08:47:20] [DEBUG] RUNNING: taskset -c 0-71 env OMP_PLACES=cores OMP_PROC_BIND=spread numactl --interleave=all ../build/cpu_param_sweep 65536 1024 1024 8
[2026-09-06 08:47:21] [DEBUG] RUNNING: taskset -c 0-71 env OMP_PLACES=cores OMP_PROC_BIND=close numactl --interleave=all ../build/cpu_param_sweep 262144 1024 1024 2
[2026-09-06 08:47:28] [DEBUG] RUNNING: taskset -c 0-71 env OMP_PLACES=cores OMP_PROC_BIND=spread numactl --interleave=all ../build/cpu_param_sweep 262144 1024 1024 1
[2026-09-06 08:47:42] [DEBUG] RUNNING: taskset -c 0-71 env OMP_PLACES=cores OMP_PROC_BIND=spread numactl --interleave=all ../build/cpu_param_sweep 65536 1024 1024 1
[2026-09-06 08:47:45] [DEBUG] RUNNING: taskset -c 0-71 env OMP_PLACES=cores OMP_PROC_BIND=close numactl --interleave=all ../build/cpu_param_sweep 65536 1024 1024 8
[2026-09-06 08:47:46] [DEBUG] RUNNING: taskset -c 0-71 env OMP_PLACES=cores OMP_PROC_BIND=spread numactl --interleave=all ../build/cpu_param_sweep 262144 1024 1024 2
[2026-09-06 08:47:53] [DEBUG] RUNNING: taskset -c 0-71 env OMP_PLACES=cores OMP_PROC_BIND=close numactl --interleave=all ../build/cpu_param_sweep 262144 1024 1024 54
[2026-09-06 08:47:54] [DEBUG] RUNNING: taskset -c 0-71 env OMP_PLACES=cores OMP_PROC_BIND=close numactl --interleave=all ../build/cpu_param_sweep 65536 1024 1024 72
[2026-09-06 08:47:54] [DEBUG] RUNNING: taskset -c 0-71 env OMP_PLACES=cores OMP_PROC_BIND=close numactl --interleave=all ../build/cpu_param_sweep 65536 1024 1024 20
[2026-09-06 08:47:55] [DEBUG] RUNNING: taskset -c 0-71 env OMP_PLACES=cores OMP_PROC_BIND=close numactl --interleave=all ../build/cpu_param_sweep 262144 1024 1024 10
[2026-09-06 08:47:57] [DEBUG] RUNNING: taskset -c 0-71 env OMP_PLACES=cores OMP_PROC_BIND=close numactl --interleave=all ../build/cpu_param_sweep 262144 1024 1024 8
[2026-09-06 08:47:59] [DEBUG] RUNNING: taskset -c 0-71 env OMP_PLACES=cores OMP_PROC_BIND=spread numactl --interleave=all ../build/cpu_param_sweep 65536 1024 1024 16
[2026-09-06 08:47:59] [DEBUG] RUNNING: taskset -c 0-71 env OMP_PLACES=cores OMP_PROC_BIND=spread numactl --interleave=all ../build/cpu_param_sweep 65536 1024 1024 1
[2026-09-06 08:48:02] [DEBUG] RUNNING: taskset -c 0-71 env OMP_PLACES=cores OMP_PROC_BIND=spread numactl --interleave=all ../build/cpu_param_sweep 65536 1024 1024 8
[2026-09-06 08:48:02] [DEBUG] RUNNING: taskset -c 0-71 env OMP_PLACES=cores OMP_PROC_BIND=spread numactl --interleave=all ../build/cpu_param_sweep 65536 1024 1024 2
[2026-09-06 08:48:04] [DEBUG] RUNNING: taskset -c 0-71 env OMP_PLACES=cores OMP_PROC_BIND=spread numactl --interleave=all ../build/cpu_param_sweep 262144 1024 1024 18
[2026-09-06 08:48:05] [DEBUG] RUNNING: taskset -c 0-71 env OMP_PLACES=cores OMP_PROC_BIND=close numactl --interleave=all ../build/cpu_param_sweep 65536 1024 1024 4
[2026-09-06 08:48:06] [DEBUG] RUNNING: taskset -c 0-71 env OMP_PLACES=cores OMP_PROC_BIND=close numactl --interleave=all ../build/cpu_param_sweep 65536 1024 1024 1
[2026-09-06 08:48:09] [DEBUG] RUNNING: taskset -c 0-71 env OMP_PLACES=cores OMP_PROC_BIND=close numactl --interleave=all ../build/cpu_param_sweep 262144 1024 1024 16
[2026-09-06 08:48:10] [DEBUG] RUNNING: taskset -c 0-71 env OMP_PLACES=cores OMP_PROC_BIND=spread numactl --interleave=all ../build/cpu_param_sweep 65536 1024 1024 4
[2026-09-06 08:48:11] [DEBUG] RUNNING: taskset -c 0-71 env OMP_PLACES=cores OMP_PROC_BIND=close numactl --interleave=all ../build/cpu_param_sweep 262144 1024 1024 36
[2026-09-06 08:48:12] [DEBUG] RUNNING: taskset -c 0-71 env OMP_PLACES=cores OMP_PROC_BIND=spread numactl --interleave=all ../build/cpu_param_sweep 65536 1024 1024 4
[2026-09-06 08:48:13] [DEBUG] RUNNING: taskset -c 0-71 env OMP_PLACES=cores OMP_PROC_BIND=close numactl --interleave=all ../build/cpu_param_sweep 65536 1024 1024 2
[2026-09-06 08:48:14] [DEBUG] RUNNING: taskset -c 0-71 env OMP_PLACES=cores OMP_PROC_BIND=close numactl --interleave=all ../build/cpu_param_sweep 262144 1024 1024 4
[2026-09-06 08:48:18] [DEBUG] RUNNING: taskset -c 0-71 env OMP_PLACES=cores OMP_PROC_BIND=spread numactl --interleave=all ../build/cpu_param_sweep 262144 1024 1024 10
[2026-09-06 08:48:20] [DEBUG] RUNNING: taskset -c 0-71 env OMP_PLACES=cores OMP_PROC_BIND=spread numactl --interleave=all ../build/cpu_param_sweep 262144 1024 1024 10
[2026-09-06 08:48:22] [DEBUG] RUNNING: taskset -c 0-71 env OMP_PLACES=cores OMP_PROC_BIND=spread numactl --interleave=all ../build/cpu_param_sweep 65536 1024 1024 54
[2026-09-06 08:48:22] [DEBUG] RUNNING: taskset -c 0-71 env OMP_PLACES=cores OMP_PROC_BIND=spread numactl --interleave=all ../build/cpu_param_sweep 262144 1024 1024 72
[2026-09-06 08:48:23] [DEBUG] RUNNING: taskset -c 0-71 env OMP_PLACES=cores OMP_PROC_BIND=close numactl --interleave=all ../build/cpu_param_sweep 262144 1024 1024 18
[2026-09-06 08:48:24] [DEBUG] RUNNING: taskset -c 0-71 env OMP_PLACES=cores OMP_PROC_BIND=close numactl --interleave=all ../build/cpu_param_sweep 262144 1024 1024 18
[2026-09-06 08:48:25] [DEBUG] RUNNING: taskset -c 0-71 env OMP_PLACES=cores OMP_PROC_BIND=close numactl --interleave=all ../build/cpu_param_sweep 65536 1024 1024 16
[2026-09-06 08:48:26] [DEBUG] RUNNING: taskset -c 0-71 env OMP_PLACES=cores OMP_PROC_BIND=spread numactl --interleave=all ../build/cpu_param_sweep 65536 1024 1024 36
[2026-09-06 08:48:26] [DEBUG] RUNNING: taskset -c 0-71 env OMP_PLACES=cores OMP_PROC_BIND=spread numactl --interleave=all ../build/cpu_param_sweep 65536 1024 1024 72
[2026-09-06 08:48:26] [DEBUG] RUNNING: taskset -c 0-71 env OMP_PLACES=cores OMP_PROC_BIND=close numactl --interleave=all ../build/cpu_param_sweep 262144 1024 1024 2
[2026-09-06 08:48:33] [DEBUG] RUNNING: taskset -c 0-71 env OMP_PLACES=cores OMP_PROC_BIND=close numactl --interleave=all ../build/cpu_param_sweep 262144 1024 1024 10
[2026-09-06 08:48:35] [DEBUG] RUNNING: taskset -c 0-71 env OMP_PLACES=cores OMP_PROC_BIND=close numactl --interleave=all ../build/cpu_param_sweep 65536 1024 1024 8
[2026-09-06 08:48:36] [DEBUG] RUNNING: taskset -c 0-71 env OMP_PLACES=cores OMP_PROC_BIND=close numactl --interleave=all ../build/cpu_param_sweep 65536 1024 1024 10
[2026-09-06 08:48:36] [DEBUG] RUNNING: taskset -c 0-71 env OMP_PLACES=cores OMP_PROC_BIND=spread numactl --interleave=all ../build/cpu_param_sweep 65536 1024 1024 54
[2026-09-06 08:48:36] [DEBUG] RUNNING: taskset -c 0-71 env OMP_PLACES=cores OMP_PROC_BIND=close numactl --interleave=all ../build/cpu_param_sweep 262144 1024 1024 54
[2026-09-06 08:48:37] [DEBUG] RUNNING: taskset -c 0-71 env OMP_PLACES=cores OMP_PROC_BIND=spread numactl --interleave=all ../build/cpu_param_sweep 262144 1024 1024 54
[2026-09-06 08:48:38] [INFO] BUILDING: make -C ../ -f Makefile -B build/cpu_param_sweep GPU=NONE CC=gcc OPT=-O3 APPLY_LTO=1 MARCH=native LIBPOPCNT=0 CPU_TILE=32 BITVECTOR_TILE=1024 BUFFER_SIZE=4096 OUTER_ROW_NUM=4 OUTER_COL_NUM=4 OUTER_VEC_BLK=2
[2026-09-06 08:48:48] [DEBUG] RUNNING: taskset -c 0-71 env OMP_PLACES=cores OMP_PROC_BIND=spread numactl --interleave=all ../build/cpu_param_sweep 65536 1024 1024 10
[2026-09-06 08:48:48] [DEBUG] RUNNING: taskset -c 0-71 env OMP_PLACES=cores OMP_PROC_BIND=close numactl --interleave=all ../build/cpu_param_sweep 262144 1024 1024 4
[2026-09-06 08:48:50] [DEBUG] RUNNING: taskset -c 0-71 env OMP_PLACES=cores OMP_PROC_BIND=close numactl --interleave=all ../build/cpu_param_sweep 65536 1024 1024 36
[2026-09-06 08:48:50] [DEBUG] RUNNING: taskset -c 0-71 env OMP_PLACES=cores OMP_PROC_BIND=close numactl --interleave=all ../build/cpu_param_sweep 262144 1024 1024 20
[2026-09-06 08:48:51] [DEBUG] RUNNING: taskset -c 0-71 env OMP_PLACES=cores OMP_PROC_BIND=close numactl --interleave=all ../build/cpu_param_sweep 262144 1024 1024 36
[2026-09-06 08:48:52] [DEBUG] RUNNING: taskset -c 0-71 env OMP_PLACES=cores OMP_PROC_BIND=close numactl --interleave=all ../build/cpu_param_sweep 262144 1024 1024 16
[2026-09-06 08:48:52] [DEBUG] RUNNING: taskset -c 0-71 env OMP_PLACES=cores OMP_PROC_BIND=spread numactl --interleave=all ../build/cpu_param_sweep 262144 1024 1024 20
[2026-09-06 08:48:53] [DEBUG] RUNNING: taskset -c 0-71 env OMP_PLACES=cores OMP_PROC_BIND=spread numactl --interleave=all ../build/cpu_param_sweep 65536 1024 1024 20
[2026-09-06 08:48:53] [DEBUG] RUNNING: taskset -c 0-71 env OMP_PLACES=cores OMP_PROC_BIND=close numactl --interleave=all ../build/cpu_param_sweep 65536 1024 1024 20
[2026-09-06 08:48:53] [DEBUG] RUNNING: taskset -c 0-71 env OMP_PLACES=cores OMP_PROC_BIND=spread numactl --interleave=all ../build/cpu_param_sweep 262144 1024 1024 16
[2026-09-06 08:48:54] [DEBUG] RUNNING: taskset -c 0-71 env OMP_PLACES=cores OMP_PROC_BIND=spread numactl --interleave=all ../build/cpu_param_sweep 262144 1024 1024 10
[2026-09-06 08:48:56] [DEBUG] RUNNING: taskset -c 0-71 env OMP_PLACES=cores OMP_PROC_BIND=spread numactl --interleave=all ../build/cpu_param_sweep 65536 1024 1024 8
[2026-09-06 08:48:56] [DEBUG] RUNNING: taskset -c 0-71 env OMP_PLACES=cores OMP_PROC_BIND=close numactl --interleave=all ../build/cpu_param_sweep 262144 1024 1024 20
[2026-09-06 08:48:57] [DEBUG] RUNNING: taskset -c 0-71 env OMP_PLACES=cores OMP_PROC_BIND=spread numactl --interleave=all ../build/cpu_param_sweep 262144 1024 1024 18
[2026-09-06 08:48:57] [DEBUG] RUNNING: taskset -c 0-71 env OMP_PLACES=cores OMP_PROC_BIND=spread numactl --interleave=all ../build/cpu_param_sweep 262144 1024 1024 2
[2026-09-06 08:49:02] [DEBUG] RUNNING: taskset -c 0-71 env OMP_PLACES=cores OMP_PROC_BIND=close numactl --interleave=all ../build/cpu_param_sweep 262144 1024 1024 2
[2026-09-06 08:49:06] [DEBUG] RUNNING: taskset -c 0-71 env OMP_PLACES=cores OMP_PROC_BIND=close numactl --interleave=all ../build/cpu_param_sweep 65536 1024 1024 10
[2026-09-06 08:49:07] [DEBUG] RUNNING: taskset -c 0-71 env OMP_PLACES=cores OMP_PROC_BIND=spread numactl --interleave=all ../build/cpu_param_sweep 65536 1024 1024 18
[2026-09-06 08:49:07] [DEBUG] RUNNING: taskset -c 0-71 env OMP_PLACES=cores OMP_PROC_BIND=close numactl --interleave=all ../build/cpu_param_sweep 262144 1024 1024 8
[2026-09-06 08:49:08] [DEBUG] RUNNING: taskset -c 0-71 env OMP_PLACES=cores OMP_PROC_BIND=close numactl --interleave=all ../build/cpu_param_sweep 262144 1024 1024 72
[2026-09-06 08:49:09] [DEBUG] RUNNING: taskset -c 0-71 env OMP_PLACES=cores OMP_PROC_BIND=close numactl --interleave=all ../build/cpu_param_sweep 65536 1024 1024 36
[2026-09-06 08:49:09] [DEBUG] RUNNING: taskset -c 0-71 env OMP_PLACES=cores OMP_PROC_BIND=spread numactl --interleave=all ../build/cpu_param_sweep 262144 1024 1024 8
[2026-09-06 08:49:11] [DEBUG] RUNNING: taskset -c 0-71 env OMP_PLACES=cores OMP_PROC_BIND=spread numactl --interleave=all ../build/cpu_param_sweep 65536 1024 1024 72
[2026-09-06 08:49:11] [DEBUG] RUNNING: taskset -c 0-71 env OMP_PLACES=cores OMP_PROC_BIND=spread numactl --interleave=all ../build/cpu_param_sweep 262144 1024 1024 36
[2026-09-06 08:49:11] [DEBUG] RUNNING: taskset -c 0-71 env OMP_PLACES=cores OMP_PROC_BIND=close numactl --interleave=all ../build/cpu_param_sweep 262144 1024 1024 1
[2026-09-06 08:49:20] [DEBUG] RUNNING: taskset -c 0-71 env OMP_PLACES=cores OMP_PROC_BIND=spread numactl --interleave=all ../build/cpu_param_sweep 262144 1024 1024 36
[2026-09-06 08:49:20] [DEBUG] RUNNING: taskset -c 0-71 env OMP_PLACES=cores OMP_PROC_BIND=spread numactl --interleave=all ../build/cpu_param_sweep 65536 1024 1024 4
[2026-09-06 08:49:21] [DEBUG] RUNNING: taskset -c 0-71 env OMP_PLACES=cores OMP_PROC_BIND=close numactl --interleave=all ../build/cpu_param_sweep 65536 1024 1024 2
[2026-09-06 08:49:22] [DEBUG] RUNNING: taskset -c 0-71 env OMP_PLACES=cores OMP_PROC_BIND=close numactl --interleave=all ../build/cpu_param_sweep 65536 1024 1024 72
[2026-09-06 08:49:22] [DEBUG] RUNNING: taskset -c 0-71 env OMP_PLACES=cores OMP_PROC_BIND=spread numactl --interleave=all ../build/cpu_param_sweep 65536 1024 1024 72
[2026-09-06 08:49:23] [DEBUG] RUNNING: taskset -c 0-71 env OMP_PLACES=cores OMP_PROC_BIND=spread numactl --interleave=all ../build/cpu_param_sweep 65536 1024 1024 36
[2026-09-06 08:49:23] [DEBUG] RUNNING: taskset -c 0-71 env OMP_PLACES=cores OMP_PROC_BIND=spread numactl --interleave=all ../build/cpu_param_sweep 262144 1024 1024 36
[2026-09-06 08:49:23] [DEBUG] RUNNING: taskset -c 0-71 env OMP_PLACES=cores OMP_PROC_BIND=close numactl --interleave=all ../build/cpu_param_sweep 262144 1024 1024 10
[2026-09-06 08:49:25] [DEBUG] RUNNING: taskset -c 0-71 env OMP_PLACES=cores OMP_PROC_BIND=spread numactl --interleave=all ../build/cpu_param_sweep 262144 1024 1024 72
[2026-09-06 08:49:25] [DEBUG] RUNNING: taskset -c 0-71 env OMP_PLACES=cores OMP_PROC_BIND=close numactl --interleave=all ../build/cpu_param_sweep 262144 1024 1024 16
[2026-09-06 08:49:26] [DEBUG] RUNNING: taskset -c 0-71 env OMP_PLACES=cores OMP_PROC_BIND=spread numactl --interleave=all ../build/cpu_param_sweep 262144 1024 1024 72
[2026-09-06 08:49:27] [DEBUG] RUNNING: taskset -c 0-71 env OMP_PLACES=cores OMP_PROC_BIND=spread numactl --interleave=all ../build/cpu_param_sweep 65536 1024 1024 54
[2026-09-06 08:49:27] [DEBUG] RUNNING: taskset -c 0-71 env OMP_PLACES=cores OMP_PROC_BIND=spread numactl --interleave=all ../build/cpu_param_sweep 262144 1024 1024 54
[2026-09-06 08:49:28] [DEBUG] RUNNING: taskset -c 0-71 env OMP_PLACES=cores OMP_PROC_BIND=spread numactl --interleave=all ../build/cpu_param_sweep 262144 1024 1024 2
[2026-09-06 08:49:32] [DEBUG] RUNNING: taskset -c 0-71 env OMP_PLACES=cores OMP_PROC_BIND=close numactl --interleave=all ../build/cpu_param_sweep 65536 1024 1024 20
[2026-09-06 08:49:32] [DEBUG] RUNNING: taskset -c 0-71 env OMP_PLACES=cores OMP_PROC_BIND=spread numactl --interleave=all ../build/cpu_param_sweep 65536 1024 1024 16
[2026-09-06 08:49:32] [DEBUG] RUNNING: taskset -c 0-71 env OMP_PLACES=cores OMP_PROC_BIND=close numactl --interleave=all ../build/cpu_param_sweep 262144 1024 1024 8
[2026-09-06 08:49:34] [DEBUG] RUNNING: taskset -c 0-71 env OMP_PLACES=cores OMP_PROC_BIND=close numactl --interleave=all ../build/cpu_param_sweep 262144 1024 1024 18
[2026-09-06 08:49:34] [DEBUG] RUNNING: taskset -c 0-71 env OMP_PLACES=cores OMP_PROC_BIND=close numactl --interleave=all ../build/cpu_param_sweep 65536 1024 1024 54
[2026-09-06 08:49:35] [DEBUG] RUNNING: taskset -c 0-71 env OMP_PLACES=cores OMP_PROC_BIND=spread numactl --interleave=all ../build/cpu_param_sweep 262144 1024 1024 20
[2026-09-06 08:49:35] [DEBUG] RUNNING: taskset -c 0-71 env OMP_PLACES=cores OMP_PROC_BIND=spread numactl --interleave=all ../build/cpu_param_sweep 65536 1024 1024 20
[2026-09-06 08:49:36] [DEBUG] RUNNING: taskset -c 0-71 env OMP_PLACES=cores OMP_PROC_BIND=close numactl --interleave=all ../build/cpu_param_sweep 65536 1024 1024 4
[2026-09-06 08:49:36] [DEBUG] RUNNING: taskset -c 0-71 env OMP_PLACES=cores OMP_PROC_BIND=close numactl --interleave=all ../build/cpu_param_sweep 65536 1024 1024 54
[2026-09-06 08:49:36] [DEBUG] RUNNING: taskset -c 0-71 env OMP_PLACES=cores OMP_PROC_BIND=close numactl --interleave=all ../build/cpu_param_sweep 65536 1024 1024 4
[2026-09-06 08:49:37] [DEBUG] RUNNING: taskset -c 0-71 env OMP_PLACES=cores OMP_PROC_BIND=spread numactl --interleave=all ../build/cpu_param_sweep 65536 1024 1024 2
[2026-09-06 08:49:38] [DEBUG] RUNNING: taskset -c 0-71 env OMP_PLACES=cores OMP_PROC_BIND=spread numactl --interleave=all ../build/cpu_param_sweep 262144 1024 1024 20
[2026-09-06 08:49:39] [DEBUG] RUNNING: taskset -c 0-71 env OMP_PLACES=cores OMP_PROC_BIND=spread numactl --interleave=all ../build/cpu_param_sweep 262144 1024 1024 8
[2026-09-06 08:49:40] [DEBUG] RUNNING: taskset -c 0-71 env OMP_PLACES=cores OMP_PROC_BIND=close numactl --interleave=all ../build/cpu_param_sweep 65536 1024 1024 72
[2026-09-06 08:49:40] [DEBUG] RUNNING: taskset -c 0-71 env OMP_PLACES=cores OMP_PROC_BIND=close numactl --interleave=all ../build/cpu_param_sweep 65536 1024 1024 54
[2026-09-06 08:49:40] [DEBUG] RUNNING: taskset -c 0-71 env OMP_PLACES=cores OMP_PROC_BIND=close numactl --interleave=all ../build/cpu_param_sweep 262144 1024 1024 1
[2026-09-06 08:49:50] [DEBUG] RUNNING: taskset -c 0-71 env OMP_PLACES=cores OMP_PROC_BIND=close numactl --interleave=all ../build/cpu_param_sweep 65536 1024 1024 36
[2026-09-06 08:49:50] [DEBUG] RUNNING: taskset -c 0-71 env OMP_PLACES=cores OMP_PROC_BIND=spread numactl --interleave=all ../build/cpu_param_sweep 262144 1024 1024 18
[2026-09-06 08:49:51] [DEBUG] RUNNING: taskset -c 0-71 env OMP_PLACES=cores OMP_PROC_BIND=close numactl --interleave=all ../build/cpu_param_sweep 65536 1024 1024 16
[2026-09-06 08:49:51] [DEBUG] RUNNING: taskset -c 0-71 env OMP_PLACES=cores OMP_PROC_BIND=close numactl --interleave=all ../build/cpu_param_sweep 65536 1024 1024 1
[2026-09-06 08:49:53] [DEBUG] RUNNING: taskset -c 0-71 env OMP_PLACES=cores OMP_PROC_BIND=close numactl --interleave=all ../build/cpu_param_sweep 65536 1024 1024 18
[2026-09-06 08:49:53] [DEBUG] RUNNING: taskset -c 0-71 env OMP_PLACES=cores OMP_PROC_BIND=close numactl --interleave=all ../build/cpu_param_sweep 262144 1024 1024 72
[2026-09-06 08:49:54] [DEBUG] RUNNING: taskset -c 0-71 env OMP_PLACES=cores OMP_PROC_BIND=spread numactl --interleave=all ../build/cpu_param_sweep 65536 1024 1024 10
[2026-09-06 08:49:54] [DEBUG] RUNNING: taskset -c 0-71 env OMP_PLACES=cores OMP_PROC_BIND=close numactl --interleave=all ../build/cpu_param_sweep 65536 1024 1024 8
[2026-09-06 08:49:54] [DEBUG] RUNNING: taskset -c 0-71 env OMP_PLACES=cores OMP_PROC_BIND=spread numactl --interleave=all ../build/cpu_param_sweep 65536 1024 1024 16
[2026-09-06 08:49:55] [DEBUG] RUNNING: taskset -c 0-71 env OMP_PLACES=cores OMP_PROC_BIND=spread numactl --interleave=all ../build/cpu_param_sweep 262144 1024 1024 8
[2026-09-06 08:49:56] [DEBUG] RUNNING: taskset -c 0-71 env OMP_PLACES=cores OMP_PROC_BIND=spread numactl --interleave=all ../build/cpu_param_sweep 65536 1024 1024 36
[2026-09-06 08:49:56] [DEBUG] RUNNING: taskset -c 0-71 env OMP_PLACES=cores OMP_PROC_BIND=spread numactl --interleave=all ../build/cpu_param_sweep 262144 1024 1024 4
[2026-09-06 08:49:58] [DEBUG] RUNNING: taskset -c 0-71 env OMP_PLACES=cores OMP_PROC_BIND=spread numactl --interleave=all ../build/cpu_param_sweep 262144 1024 1024 54
[2026-09-06 08:49:59] [DEBUG] RUNNING: taskset -c 0-71 env OMP_PLACES=cores OMP_PROC_BIND=spread numactl --interleave=all ../build/cpu_param_sweep 65536 1024 1024 18
[2026-09-06 08:49:59] [DEBUG] RUNNING: taskset -c 0-71 env OMP_PLACES=cores OMP_PROC_BIND=spread numactl --interleave=all ../build/cpu_param_sweep 65536 1024 1024 10
[2026-09-06 08:50:00] [DEBUG] RUNNING: taskset -c 0-71 env OMP_PLACES=cores OMP_PROC_BIND=close numactl --interleave=all ../build/cpu_param_sweep 262144 1024 1024 36
[2026-09-06 08:50:00] [DEBUG] RUNNING: taskset -c 0-71 env OMP_PLACES=cores OMP_PROC_BIND=spread numactl --interleave=all ../build/cpu_param_sweep 262144 1024 1024 4
[2026-09-06 08:50:03] [DEBUG] RUNNING: taskset -c 0-71 env OMP_PLACES=cores OMP_PROC_BIND=spread numactl --interleave=all ../build/cpu_param_sweep 65536 1024 1024 18
[2026-09-06 08:50:03] [DEBUG] RUNNING: taskset -c 0-71 env OMP_PLACES=cores OMP_PROC_BIND=spread numactl --interleave=all ../build/cpu_param_sweep 262144 1024 1024 16
[2026-09-06 08:50:03] [DEBUG] RUNNING: taskset -c 0-71 env OMP_PLACES=cores OMP_PROC_BIND=close numactl --interleave=all ../build/cpu_param_sweep 65536 1024 1024 10
[2026-09-06 08:50:04] [DEBUG] RUNNING: taskset -c 0-71 env OMP_PLACES=cores OMP_PROC_BIND=spread numactl --interleave=all ../build/cpu_param_sweep 65536 1024 1024 2
[2026-09-06 08:50:05] [DEBUG] RUNNING: taskset -c 0-71 env OMP_PLACES=cores OMP_PROC_BIND=spread numactl --interleave=all ../build/cpu_param_sweep 262144 1024 1024 1
[2026-09-06 08:50:14] [DEBUG] RUNNING: taskset -c 0-71 env OMP_PLACES=cores OMP_PROC_BIND=spread numactl --interleave=all ../build/cpu_param_sweep 65536 1024 1024 1
[2026-09-06 08:50:16] [DEBUG] RUNNING: taskset -c 0-71 env OMP_PLACES=cores OMP_PROC_BIND=close numactl --interleave=all ../build/cpu_param_sweep 262144 1024 1024 4
[2026-09-06 08:50:18] [DEBUG] RUNNING: taskset -c 0-71 env OMP_PLACES=cores OMP_PROC_BIND=close numactl --interleave=all ../build/cpu_param_sweep 262144 1024 1024 72
[2026-09-06 08:50:19] [DEBUG] RUNNING: taskset -c 0-71 env OMP_PLACES=cores OMP_PROC_BIND=spread numactl --interleave=all ../build/cpu_param_sweep 65536 1024 1024 20
[2026-09-06 08:50:19] [DEBUG] RUNNING: taskset -c 0-71 env OMP_PLACES=cores OMP_PROC_BIND=spread numactl --interleave=all ../build/cpu_param_sweep 262144 1024 1024 16
[2026-09-06 08:50:20] [DEBUG] RUNNING: taskset -c 0-71 env OMP_PLACES=cores OMP_PROC_BIND=close numactl --interleave=all ../build/cpu_param_sweep 65536 1024 1024 18
[2026-09-06 08:50:20] [DEBUG] RUNNING: taskset -c 0-71 env OMP_PLACES=cores OMP_PROC_BIND=close numactl --interleave=all ../build/cpu_param_sweep 65536 1024 1024 18
[2026-09-06 08:50:20] [DEBUG] RUNNING: taskset -c 0-71 env OMP_PLACES=cores OMP_PROC_BIND=close numactl --interleave=all ../build/cpu_param_sweep 262144 1024 1024 20
[2026-09-06 08:50:21] [DEBUG] RUNNING: taskset -c 0-71 env OMP_PLACES=cores OMP_PROC_BIND=close numactl --interleave=all ../build/cpu_param_sweep 262144 1024 1024 1
[2026-09-06 08:50:30] [DEBUG] RUNNING: taskset -c 0-71 env OMP_PLACES=cores OMP_PROC_BIND=close numactl --interleave=all ../build/cpu_param_sweep 65536 1024 1024 1
[2026-09-06 08:50:32] [DEBUG] RUNNING: taskset -c 0-71 env OMP_PLACES=cores OMP_PROC_BIND=close numactl --interleave=all ../build/cpu_param_sweep 65536 1024 1024 16
[2026-09-06 08:50:32] [DEBUG] RUNNING: taskset -c 0-71 env OMP_PLACES=cores OMP_PROC_BIND=spread numactl --interleave=all ../build/cpu_param_sweep 262144 1024 1024 1
[2026-09-06 08:50:41] [DEBUG] RUNNING: taskset -c 0-71 env OMP_PLACES=cores OMP_PROC_BIND=close numactl --interleave=all ../build/cpu_param_sweep 262144 1024 1024 54
[2026-09-06 08:50:42] [DEBUG] RUNNING: taskset -c 0-71 env OMP_PLACES=cores OMP_PROC_BIND=close numactl --interleave=all ../build/cpu_param_sweep 65536 1024 1024 2
[2026-09-06 08:50:43] [DEBUG] RUNNING: taskset -c 0-71 env OMP_PLACES=cores OMP_PROC_BIND=spread numactl --interleave=all ../build/cpu_param_sweep 262144 1024 1024 4
[2026-09-06 08:50:45] [DEBUG] RUNNING: taskset -c 0-71 env OMP_PLACES=cores OMP_PROC_BIND=spread numactl --interleave=all ../build/cpu_param_sweep 65536 1024 1024 8
[2026-09-06 08:50:45] [DEBUG] RUNNING: taskset -c 0-71 env OMP_PLACES=cores OMP_PROC_BIND=close numactl --interleave=all ../build/cpu_param_sweep 262144 1024 1024 2
[2026-09-06 08:50:50] [DEBUG] RUNNING: taskset -c 0-71 env OMP_PLACES=cores OMP_PROC_BIND=spread numactl --interleave=all ../build/cpu_param_sweep 262144 1024 1024 1
[2026-09-06 08:50:58] [DEBUG] RUNNING: taskset -c 0-71 env OMP_PLACES=cores OMP_PROC_BIND=spread numactl --interleave=all ../build/cpu_param_sweep 65536 1024 1024 1
[2026-09-06 08:51:01] [DEBUG] RUNNING: taskset -c 0-71 env OMP_PLACES=cores OMP_PROC_BIND=close numactl --interleave=all ../build/cpu_param_sweep 65536 1024 1024 8
[2026-09-06 08:51:01] [DEBUG] RUNNING: taskset -c 0-71 env OMP_PLACES=cores OMP_PROC_BIND=spread numactl --interleave=all ../build/cpu_param_sweep 262144 1024 1024 2
[2026-09-06 08:51:05] [DEBUG] RUNNING: taskset -c 0-71 env OMP_PLACES=cores OMP_PROC_BIND=close numactl --interleave=all ../build/cpu_param_sweep 262144 1024 1024 54
[2026-09-06 08:51:06] [DEBUG] RUNNING: taskset -c 0-71 env OMP_PLACES=cores OMP_PROC_BIND=close numactl --interleave=all ../build/cpu_param_sweep 65536 1024 1024 72
[2026-09-06 08:51:06] [DEBUG] RUNNING: taskset -c 0-71 env OMP_PLACES=cores OMP_PROC_BIND=close numactl --interleave=all ../build/cpu_param_sweep 65536 1024 1024 20
[2026-09-06 08:51:06] [DEBUG] RUNNING: taskset -c 0-71 env OMP_PLACES=cores OMP_PROC_BIND=close numactl --interleave=all ../build/cpu_param_sweep 262144 1024 1024 10
[2026-09-06 08:51:08] [DEBUG] RUNNING: taskset -c 0-71 env OMP_PLACES=cores OMP_PROC_BIND=close numactl --interleave=all ../build/cpu_param_sweep 262144 1024 1024 8
[2026-09-06 08:51:09] [DEBUG] RUNNING: taskset -c 0-71 env OMP_PLACES=cores OMP_PROC_BIND=spread numactl --interleave=all ../build/cpu_param_sweep 65536 1024 1024 16
[2026-09-06 08:51:09] [DEBUG] RUNNING: taskset -c 0-71 env OMP_PLACES=cores OMP_PROC_BIND=spread numactl --interleave=all ../build/cpu_param_sweep 65536 1024 1024 1
[2026-09-06 08:51:11] [DEBUG] RUNNING: taskset -c 0-71 env OMP_PLACES=cores OMP_PROC_BIND=spread numactl --interleave=all ../build/cpu_param_sweep 65536 1024 1024 8
[2026-09-06 08:51:12] [DEBUG] RUNNING: taskset -c 0-71 env OMP_PLACES=cores OMP_PROC_BIND=spread numactl --interleave=all ../build/cpu_param_sweep 65536 1024 1024 2
[2026-09-06 08:51:13] [DEBUG] RUNNING: taskset -c 0-71 env OMP_PLACES=cores OMP_PROC_BIND=spread numactl --interleave=all ../build/cpu_param_sweep 262144 1024 1024 18
[2026-09-06 08:51:14] [DEBUG] RUNNING: taskset -c 0-71 env OMP_PLACES=cores OMP_PROC_BIND=close numactl --interleave=all ../build/cpu_param_sweep 65536 1024 1024 4
[2026-09-06 08:51:14] [DEBUG] RUNNING: taskset -c 0-71 env OMP_PLACES=cores OMP_PROC_BIND=close numactl --interleave=all ../build/cpu_param_sweep 65536 1024 1024 1
[2026-09-06 08:51:16] [DEBUG] RUNNING: taskset -c 0-71 env OMP_PLACES=cores OMP_PROC_BIND=close numactl --interleave=all ../build/cpu_param_sweep 262144 1024 1024 16
[2026-09-06 08:51:17] [DEBUG] RUNNING: taskset -c 0-71 env OMP_PLACES=cores OMP_PROC_BIND=spread numactl --interleave=all ../build/cpu_param_sweep 65536 1024 1024 4
[2026-09-06 08:51:18] [DEBUG] RUNNING: taskset -c 0-71 env OMP_PLACES=cores OMP_PROC_BIND=close numactl --interleave=all ../build/cpu_param_sweep 262144 1024 1024 36
[2026-09-06 08:51:18] [DEBUG] RUNNING: taskset -c 0-71 env OMP_PLACES=cores OMP_PROC_BIND=spread numactl --interleave=all ../build/cpu_param_sweep 65536 1024 1024 4
[2026-09-06 08:51:19] [DEBUG] RUNNING: taskset -c 0-71 env OMP_PLACES=cores OMP_PROC_BIND=close numactl --interleave=all ../build/cpu_param_sweep 65536 1024 1024 2
[2026-09-06 08:51:20] [DEBUG] RUNNING: taskset -c 0-71 env OMP_PLACES=cores OMP_PROC_BIND=close numactl --interleave=all ../build/cpu_param_sweep 262144 1024 1024 4
[2026-09-06 08:51:22] [DEBUG] RUNNING: taskset -c 0-71 env OMP_PLACES=cores OMP_PROC_BIND=spread numactl --interleave=all ../build/cpu_param_sweep 262144 1024 1024 10
[2026-09-06 08:51:24] [DEBUG] RUNNING: taskset -c 0-71 env OMP_PLACES=cores OMP_PROC_BIND=spread numactl --interleave=all ../build/cpu_param_sweep 262144 1024 1024 10
[2026-09-06 08:51:25] [DEBUG] RUNNING: taskset -c 0-71 env OMP_PLACES=cores OMP_PROC_BIND=spread numactl --interleave=all ../build/cpu_param_sweep 65536 1024 1024 54
[2026-09-06 08:51:25] [DEBUG] RUNNING: taskset -c 0-71 env OMP_PLACES=cores OMP_PROC_BIND=spread numactl --interleave=all ../build/cpu_param_sweep 262144 1024 1024 72
[2026-09-06 08:51:26] [DEBUG] RUNNING: taskset -c 0-71 env OMP_PLACES=cores OMP_PROC_BIND=close numactl --interleave=all ../build/cpu_param_sweep 262144 1024 1024 18
[2026-09-06 08:51:26] [DEBUG] RUNNING: taskset -c 0-71 env OMP_PLACES=cores OMP_PROC_BIND=close numactl --interleave=all ../build/cpu_param_sweep 262144 1024 1024 18
[2026-09-06 08:51:27] [DEBUG] RUNNING: taskset -c 0-71 env OMP_PLACES=cores OMP_PROC_BIND=close numactl --interleave=all ../build/cpu_param_sweep 65536 1024 1024 16
[2026-09-06 08:51:27] [DEBUG] RUNNING: taskset -c 0-71 env OMP_PLACES=cores OMP_PROC_BIND=spread numactl --interleave=all ../build/cpu_param_sweep 65536 1024 1024 36
[2026-09-06 08:51:27] [DEBUG] RUNNING: taskset -c 0-71 env OMP_PLACES=cores OMP_PROC_BIND=spread numactl --interleave=all ../build/cpu_param_sweep 65536 1024 1024 72
[2026-09-06 08:51:28] [DEBUG] RUNNING: taskset -c 0-71 env OMP_PLACES=cores OMP_PROC_BIND=close numactl --interleave=all ../build/cpu_param_sweep 262144 1024 1024 2
[2026-09-06 08:51:32] [DEBUG] RUNNING: taskset -c 0-71 env OMP_PLACES=cores OMP_PROC_BIND=close numactl --interleave=all ../build/cpu_param_sweep 262144 1024 1024 10
[2026-09-06 08:51:33] [DEBUG] RUNNING: taskset -c 0-71 env OMP_PLACES=cores OMP_PROC_BIND=close numactl --interleave=all ../build/cpu_param_sweep 65536 1024 1024 8
[2026-09-06 08:51:34] [DEBUG] RUNNING: taskset -c 0-71 env OMP_PLACES=cores OMP_PROC_BIND=close numactl --interleave=all ../build/cpu_param_sweep 65536 1024 1024 10
[2026-09-06 08:51:34] [DEBUG] RUNNING: taskset -c 0-71 env OMP_PLACES=cores OMP_PROC_BIND=spread numactl --interleave=all ../build/cpu_param_sweep 65536 1024 1024 54
[2026-09-06 08:51:34] [DEBUG] RUNNING: taskset -c 0-71 env OMP_PLACES=cores OMP_PROC_BIND=close numactl --interleave=all ../build/cpu_param_sweep 262144 1024 1024 54
[2026-09-06 08:51:35] [DEBUG] RUNNING: taskset -c 0-71 env OMP_PLACES=cores OMP_PROC_BIND=spread numactl --interleave=all ../build/cpu_param_sweep 262144 1024 1024 54
[2026-09-06 08:51:35] [INFO] BUILDING: make -C ../ -f Makefile -B build/cpu_param_sweep GPU=NONE CC=clang OPT=-O3 APPLY_LTO=1 MARCH=native LIBPOPCNT=0 CPU_TILE=32 BITVECTOR_TILE=1024 BUFFER_SIZE=4096 OUTER_ROW_NUM=1 OUTER_COL_NUM=4 OUTER_VEC_BLK=1
[2026-09-06 08:51:43] [DEBUG] RUNNING: taskset -c 0-71 env OMP_PLACES=cores OMP_PROC_BIND=spread numactl --interleave=all ../build/cpu_param_sweep 65536 1024 1024 10
[2026-09-06 08:51:43] [DEBUG] RUNNING: taskset -c 0-71 env OMP_PLACES=cores OMP_PROC_BIND=close numactl --interleave=all ../build/cpu_param_sweep 262144 1024 1024 4
[2026-09-06 08:51:46] [DEBUG] RUNNING: taskset -c 0-71 env OMP_PLACES=cores OMP_PROC_BIND=close numactl --interleave=all ../build/cpu_param_sweep 65536 1024 1024 36
[2026-09-06 08:51:46] [DEBUG] RUNNING: taskset -c 0-71 env OMP_PLACES=cores OMP_PROC_BIND=close numactl --interleave=all ../build/cpu_param_sweep 262144 1024 1024 20
[2026-09-06 08:51:47] [DEBUG] RUNNING: taskset -c 0-71 env OMP_PLACES=cores OMP_PROC_BIND=close numactl --interleave=all ../build/cpu_param_sweep 262144 1024 1024 36
[2026-09-06 08:51:48] [DEBUG] RUNNING: taskset -c 0-71 env OMP_PLACES=cores OMP_PROC_BIND=close numactl --interleave=all ../build/cpu_param_sweep 262144 1024 1024 16
[2026-09-06 08:51:49] [DEBUG] RUNNING: taskset -c 0-71 env OMP_PLACES=cores OMP_PROC_BIND=spread numactl --interleave=all ../build/cpu_param_sweep 262144 1024 1024 20
[2026-09-06 08:51:51] [DEBUG] RUNNING: taskset -c 0-71 env OMP_PLACES=cores OMP_PROC_BIND=spread numactl --interleave=all ../build/cpu_param_sweep 65536 1024 1024 20
[2026-09-06 08:51:51] [DEBUG] RUNNING: taskset -c 0-71 env OMP_PLACES=cores OMP_PROC_BIND=close numactl --interleave=all ../build/cpu_param_sweep 65536 1024 1024 20
[2026-09-06 08:51:51] [DEBUG] RUNNING: taskset -c 0-71 env OMP_PLACES=cores OMP_PROC_BIND=spread numactl --interleave=all ../build/cpu_param_sweep 262144 1024 1024 16
[2026-09-06 08:51:52] [DEBUG] RUNNING: taskset -c 0-71 env OMP_PLACES=cores OMP_PROC_BIND=spread numactl --interleave=all ../build/cpu_param_sweep 262144 1024 1024 10
[2026-09-06 08:51:55] [DEBUG] RUNNING: taskset -c 0-71 env OMP_PLACES=cores OMP_PROC_BIND=spread numactl --interleave=all ../build/cpu_param_sweep 65536 1024 1024 8
[2026-09-06 08:51:55] [DEBUG] RUNNING: taskset -c 0-71 env OMP_PLACES=cores OMP_PROC_BIND=close numactl --interleave=all ../build/cpu_param_sweep 262144 1024 1024 20
[2026-09-06 08:51:57] [DEBUG] RUNNING: taskset -c 0-71 env OMP_PLACES=cores OMP_PROC_BIND=spread numactl --interleave=all ../build/cpu_param_sweep 262144 1024 1024 18
[2026-09-06 08:51:58] [DEBUG] RUNNING: taskset -c 0-71 env OMP_PLACES=cores OMP_PROC_BIND=spread numactl --interleave=all ../build/cpu_param_sweep 262144 1024 1024 2
[2026-09-06 08:52:06] [DEBUG] RUNNING: taskset -c 0-71 env OMP_PLACES=cores OMP_PROC_BIND=close numactl --interleave=all ../build/cpu_param_sweep 262144 1024 1024 2
[2026-09-06 08:52:15] [DEBUG] RUNNING: taskset -c 0-71 env OMP_PLACES=cores OMP_PROC_BIND=close numactl --interleave=all ../build/cpu_param_sweep 65536 1024 1024 10
[2026-09-06 08:52:15] [DEBUG] RUNNING: taskset -c 0-71 env OMP_PLACES=cores OMP_PROC_BIND=spread numactl --interleave=all ../build/cpu_param_sweep 65536 1024 1024 18
[2026-09-06 08:52:16] [DEBUG] RUNNING: taskset -c 0-71 env OMP_PLACES=cores OMP_PROC_BIND=close numactl --interleave=all ../build/cpu_param_sweep 262144 1024 1024 8
[2026-09-06 08:52:18] [DEBUG] RUNNING: taskset -c 0-71 env OMP_PLACES=cores OMP_PROC_BIND=close numactl --interleave=all ../build/cpu_param_sweep 262144 1024 1024 72
[2026-09-06 08:52:19] [DEBUG] RUNNING: taskset -c 0-71 env OMP_PLACES=cores OMP_PROC_BIND=close numactl --interleave=all ../build/cpu_param_sweep 65536 1024 1024 36
[2026-09-06 08:52:19] [DEBUG] RUNNING: taskset -c 0-71 env OMP_PLACES=cores OMP_PROC_BIND=spread numactl --interleave=all ../build/cpu_param_sweep 262144 1024 1024 8
[2026-09-06 08:52:22] [DEBUG] RUNNING: taskset -c 0-71 env OMP_PLACES=cores OMP_PROC_BIND=spread numactl --interleave=all ../build/cpu_param_sweep 65536 1024 1024 72
[2026-09-06 08:52:22] [DEBUG] RUNNING: taskset -c 0-71 env OMP_PLACES=cores OMP_PROC_BIND=spread numactl --interleave=all ../build/cpu_param_sweep 262144 1024 1024 36
[2026-09-06 08:52:23] [DEBUG] RUNNING: taskset -c 0-71 env OMP_PLACES=cores OMP_PROC_BIND=close numactl --interleave=all ../build/cpu_param_sweep 262144 1024 1024 1
[2026-09-06 08:52:40] [DEBUG] RUNNING: taskset -c 0-71 env OMP_PLACES=cores OMP_PROC_BIND=spread numactl --interleave=all ../build/cpu_param_sweep 262144 1024 1024 36
[2026-09-06 08:52:40] [DEBUG] RUNNING: taskset -c 0-71 env OMP_PLACES=cores OMP_PROC_BIND=spread numactl --interleave=all ../build/cpu_param_sweep 65536 1024 1024 4
[2026-09-06 08:52:42] [DEBUG] RUNNING: taskset -c 0-71 env OMP_PLACES=cores OMP_PROC_BIND=close numactl --interleave=all ../build/cpu_param_sweep 65536 1024 1024 2
[2026-09-06 08:52:44] [DEBUG] RUNNING: taskset -c 0-71 env OMP_PLACES=cores OMP_PROC_BIND=close numactl --interleave=all ../build/cpu_param_sweep 65536 1024 1024 72
[2026-09-06 08:52:44] [DEBUG] RUNNING: taskset -c 0-71 env OMP_PLACES=cores OMP_PROC_BIND=spread numactl --interleave=all ../build/cpu_param_sweep 65536 1024 1024 72
[2026-09-06 08:52:44] [DEBUG] RUNNING: taskset -c 0-71 env OMP_PLACES=cores OMP_PROC_BIND=spread numactl --interleave=all ../build/cpu_param_sweep 65536 1024 1024 36
[2026-09-06 08:52:45] [DEBUG] RUNNING: taskset -c 0-71 env OMP_PLACES=cores OMP_PROC_BIND=spread numactl --interleave=all ../build/cpu_param_sweep 262144 1024 1024 36
[2026-09-06 08:52:46] [DEBUG] RUNNING: taskset -c 0-71 env OMP_PLACES=cores OMP_PROC_BIND=close numactl --interleave=all ../build/cpu_param_sweep 262144 1024 1024 10
[2026-09-06 08:52:48] [DEBUG] RUNNING: taskset -c 0-71 env OMP_PLACES=cores OMP_PROC_BIND=spread numactl --interleave=all ../build/cpu_param_sweep 262144 1024 1024 72
[2026-09-06 08:52:49] [DEBUG] RUNNING: taskset -c 0-71 env OMP_PLACES=cores OMP_PROC_BIND=close numactl --interleave=all ../build/cpu_param_sweep 262144 1024 1024 16
[2026-09-06 08:52:51] [DEBUG] RUNNING: taskset -c 0-71 env OMP_PLACES=cores OMP_PROC_BIND=spread numactl --interleave=all ../build/cpu_param_sweep 262144 1024 1024 72
[2026-09-06 08:52:52] [DEBUG] RUNNING: taskset -c 0-71 env OMP_PLACES=cores OMP_PROC_BIND=spread numactl --interleave=all ../build/cpu_param_sweep 65536 1024 1024 54
[2026-09-06 08:52:52] [DEBUG] RUNNING: taskset -c 0-71 env OMP_PLACES=cores OMP_PROC_BIND=spread numactl --interleave=all ../build/cpu_param_sweep 262144 1024 1024 54
[2026-09-06 08:52:53] [DEBUG] RUNNING: taskset -c 0-71 env OMP_PLACES=cores OMP_PROC_BIND=spread numactl --interleave=all ../build/cpu_param_sweep 262144 1024 1024 2
[2026-09-06 08:53:02] [DEBUG] RUNNING: taskset -c 0-71 env OMP_PLACES=cores OMP_PROC_BIND=close numactl --interleave=all ../build/cpu_param_sweep 65536 1024 1024 20
[2026-09-06 08:53:02] [DEBUG] RUNNING: taskset -c 0-71 env OMP_PLACES=cores OMP_PROC_BIND=spread numactl --interleave=all ../build/cpu_param_sweep 65536 1024 1024 16
[2026-09-06 08:53:02] [DEBUG] RUNNING: taskset -c 0-71 env OMP_PLACES=cores OMP_PROC_BIND=close numactl --interleave=all ../build/cpu_param_sweep 262144 1024 1024 8
[2026-09-06 08:53:05] [DEBUG] RUNNING: taskset -c 0-71 env OMP_PLACES=cores OMP_PROC_BIND=close numactl --interleave=all ../build/cpu_param_sweep 262144 1024 1024 18
[2026-09-06 08:53:06] [DEBUG] RUNNING: taskset -c 0-71 env OMP_PLACES=cores OMP_PROC_BIND=close numactl --interleave=all ../build/cpu_param_sweep 65536 1024 1024 54
[2026-09-06 08:53:06] [DEBUG] RUNNING: taskset -c 0-71 env OMP_PLACES=cores OMP_PROC_BIND=spread numactl --interleave=all ../build/cpu_param_sweep 262144 1024 1024 20
[2026-09-06 08:53:08] [DEBUG] RUNNING: taskset -c 0-71 env OMP_PLACES=cores OMP_PROC_BIND=spread numactl --interleave=all ../build/cpu_param_sweep 65536 1024 1024 20
[2026-09-06 08:53:08] [DEBUG] RUNNING: taskset -c 0-71 env OMP_PLACES=cores OMP_PROC_BIND=close numactl --interleave=all ../build/cpu_param_sweep 65536 1024 1024 4
[2026-09-06 08:53:09] [DEBUG] RUNNING: taskset -c 0-71 env OMP_PLACES=cores OMP_PROC_BIND=close numactl --interleave=all ../build/cpu_param_sweep 65536 1024 1024 54
[2026-09-06 08:53:09] [DEBUG] RUNNING: taskset -c 0-71 env OMP_PLACES=cores OMP_PROC_BIND=close numactl --interleave=all ../build/cpu_param_sweep 65536 1024 1024 4
[2026-09-06 08:53:10] [DEBUG] RUNNING: taskset -c 0-71 env OMP_PLACES=cores OMP_PROC_BIND=spread numactl --interleave=all ../build/cpu_param_sweep 65536 1024 1024 2
[2026-09-06 08:53:13] [DEBUG] RUNNING: taskset -c 0-71 env OMP_PLACES=cores OMP_PROC_BIND=spread numactl --interleave=all ../build/cpu_param_sweep 262144 1024 1024 20
[2026-09-06 08:53:14] [DEBUG] RUNNING: taskset -c 0-71 env OMP_PLACES=cores OMP_PROC_BIND=spread numactl --interleave=all ../build/cpu_param_sweep 262144 1024 1024 8
[2026-09-06 08:53:16] [DEBUG] RUNNING: taskset -c 0-71 env OMP_PLACES=cores OMP_PROC_BIND=close numactl --interleave=all ../build/cpu_param_sweep 65536 1024 1024 72
[2026-09-06 08:53:17] [DEBUG] RUNNING: taskset -c 0-71 env OMP_PLACES=cores OMP_PROC_BIND=close numactl --interleave=all ../build/cpu_param_sweep 65536 1024 1024 54
[2026-09-06 08:53:17] [DEBUG] RUNNING: taskset -c 0-71 env OMP_PLACES=cores OMP_PROC_BIND=close numactl --interleave=all ../build/cpu_param_sweep 262144 1024 1024 1
[2026-09-06 08:53:34] [DEBUG] RUNNING: taskset -c 0-71 env OMP_PLACES=cores OMP_PROC_BIND=close numactl --interleave=all ../build/cpu_param_sweep 65536 1024 1024 36
[2026-09-06 08:53:34] [DEBUG] RUNNING: taskset -c 0-71 env OMP_PLACES=cores OMP_PROC_BIND=spread numactl --interleave=all ../build/cpu_param_sweep 262144 1024 1024 18
[2026-09-06 08:53:35] [DEBUG] RUNNING: taskset -c 0-71 env OMP_PLACES=cores OMP_PROC_BIND=close numactl --interleave=all ../build/cpu_param_sweep 65536 1024 1024 16
[2026-09-06 08:53:36] [DEBUG] RUNNING: taskset -c 0-71 env OMP_PLACES=cores OMP_PROC_BIND=close numactl --interleave=all ../build/cpu_param_sweep 65536 1024 1024 1
[2026-09-06 08:53:40] [DEBUG] RUNNING: taskset -c 0-71 env OMP_PLACES=cores OMP_PROC_BIND=close numactl --interleave=all ../build/cpu_param_sweep 65536 1024 1024 18
[2026-09-06 08:53:40] [DEBUG] RUNNING: taskset -c 0-71 env OMP_PLACES=cores OMP_PROC_BIND=close numactl --interleave=all ../build/cpu_param_sweep 262144 1024 1024 72
[2026-09-06 08:53:41] [DEBUG] RUNNING: taskset -c 0-71 env OMP_PLACES=cores OMP_PROC_BIND=spread numactl --interleave=all ../build/cpu_param_sweep 65536 1024 1024 10
[2026-09-06 08:53:42] [DEBUG] RUNNING: taskset -c 0-71 env OMP_PLACES=cores OMP_PROC_BIND=close numactl --interleave=all ../build/cpu_param_sweep 65536 1024 1024 8
[2026-09-06 08:53:42] [DEBUG] RUNNING: taskset -c 0-71 env OMP_PLACES=cores OMP_PROC_BIND=spread numactl --interleave=all ../build/cpu_param_sweep 65536 1024 1024 16
[2026-09-06 08:53:43] [DEBUG] RUNNING: taskset -c 0-71 env OMP_PLACES=cores OMP_PROC_BIND=spread numactl --interleave=all ../build/cpu_param_sweep 262144 1024 1024 8
[2026-09-06 08:53:45] [DEBUG] RUNNING: taskset -c 0-71 env OMP_PLACES=cores OMP_PROC_BIND=spread numactl --interleave=all ../build/cpu_param_sweep 65536 1024 1024 36
[2026-09-06 08:53:45] [DEBUG] RUNNING: taskset -c 0-71 env OMP_PLACES=cores OMP_PROC_BIND=spread numactl --interleave=all ../build/cpu_param_sweep 262144 1024 1024 4
[2026-09-06 08:53:50] [DEBUG] RUNNING: taskset -c 0-71 env OMP_PLACES=cores OMP_PROC_BIND=spread numactl --interleave=all ../build/cpu_param_sweep 262144 1024 1024 54
[2026-09-06 08:53:51] [DEBUG] RUNNING: taskset -c 0-71 env OMP_PLACES=cores OMP_PROC_BIND=spread numactl --interleave=all ../build/cpu_param_sweep 65536 1024 1024 18
[2026-09-06 08:53:51] [DEBUG] RUNNING: taskset -c 0-71 env OMP_PLACES=cores OMP_PROC_BIND=spread numactl --interleave=all ../build/cpu_param_sweep 65536 1024 1024 10
[2026-09-06 08:53:52] [DEBUG] RUNNING: taskset -c 0-71 env OMP_PLACES=cores OMP_PROC_BIND=close numactl --interleave=all ../build/cpu_param_sweep 262144 1024 1024 36
[2026-09-06 08:53:53] [DEBUG] RUNNING: taskset -c 0-71 env OMP_PLACES=cores OMP_PROC_BIND=spread numactl --interleave=all ../build/cpu_param_sweep 262144 1024 1024 4
[2026-09-06 08:53:57] [DEBUG] RUNNING: taskset -c 0-71 env OMP_PLACES=cores OMP_PROC_BIND=spread numactl --interleave=all ../build/cpu_param_sweep 65536 1024 1024 18
[2026-09-06 08:53:57] [DEBUG] RUNNING: taskset -c 0-71 env OMP_PLACES=cores OMP_PROC_BIND=spread numactl --interleave=all ../build/cpu_param_sweep 262144 1024 1024 16
[2026-09-06 08:53:59] [DEBUG] RUNNING: taskset -c 0-71 env OMP_PLACES=cores OMP_PROC_BIND=close numactl --interleave=all ../build/cpu_param_sweep 65536 1024 1024 10
[2026-09-06 08:53:59] [DEBUG] RUNNING: taskset -c 0-71 env OMP_PLACES=cores OMP_PROC_BIND=spread numactl --interleave=all ../build/cpu_param_sweep 65536 1024 1024 2
[2026-09-06 08:54:01] [DEBUG] RUNNING: taskset -c 0-71 env OMP_PLACES=cores OMP_PROC_BIND=spread numactl --interleave=all ../build/cpu_param_sweep 262144 1024 1024 1
[2026-09-06 08:54:18] [DEBUG] RUNNING: taskset -c 0-71 env OMP_PLACES=cores OMP_PROC_BIND=spread numactl --interleave=all ../build/cpu_param_sweep 65536 1024 1024 1
[2026-09-06 08:54:23] [DEBUG] RUNNING: taskset -c 0-71 env OMP_PLACES=cores OMP_PROC_BIND=close numactl --interleave=all ../build/cpu_param_sweep 262144 1024 1024 4
[2026-09-06 08:54:27] [DEBUG] RUNNING: taskset -c 0-71 env OMP_PLACES=cores OMP_PROC_BIND=close numactl --interleave=all ../build/cpu_param_sweep 262144 1024 1024 72
[2026-09-06 08:54:28] [DEBUG] RUNNING: taskset -c 0-71 env OMP_PLACES=cores OMP_PROC_BIND=spread numactl --interleave=all ../build/cpu_param_sweep 65536 1024 1024 20
[2026-09-06 08:54:28] [DEBUG] RUNNING: taskset -c 0-71 env OMP_PLACES=cores OMP_PROC_BIND=spread numactl --interleave=all ../build/cpu_param_sweep 262144 1024 1024 16
[2026-09-06 08:54:30] [DEBUG] RUNNING: taskset -c 0-71 env OMP_PLACES=cores OMP_PROC_BIND=close numactl --interleave=all ../build/cpu_param_sweep 65536 1024 1024 18
[2026-09-06 08:54:30] [DEBUG] RUNNING: taskset -c 0-71 env OMP_PLACES=cores OMP_PROC_BIND=close numactl --interleave=all ../build/cpu_param_sweep 65536 1024 1024 18
[2026-09-06 08:54:30] [DEBUG] RUNNING: taskset -c 0-71 env OMP_PLACES=cores OMP_PROC_BIND=close numactl --interleave=all ../build/cpu_param_sweep 262144 1024 1024 20
[2026-09-06 08:54:32] [DEBUG] RUNNING: taskset -c 0-71 env OMP_PLACES=cores OMP_PROC_BIND=close numactl --interleave=all ../build/cpu_param_sweep 262144 1024 1024 1
[2026-09-06 08:54:49] [DEBUG] RUNNING: taskset -c 0-71 env OMP_PLACES=cores OMP_PROC_BIND=close numactl --interleave=all ../build/cpu_param_sweep 65536 1024 1024 1
[2026-09-06 08:54:53] [DEBUG] RUNNING: taskset -c 0-71 env OMP_PLACES=cores OMP_PROC_BIND=close numactl --interleave=all ../build/cpu_param_sweep 65536 1024 1024 16
[2026-09-06 08:54:53] [DEBUG] RUNNING: taskset -c 0-71 env OMP_PLACES=cores OMP_PROC_BIND=spread numactl --interleave=all ../build/cpu_param_sweep 262144 1024 1024 1
[2026-09-06 08:55:10] [DEBUG] RUNNING: taskset -c 0-71 env OMP_PLACES=cores OMP_PROC_BIND=close numactl --interleave=all ../build/cpu_param_sweep 262144 1024 1024 54
[2026-09-06 08:55:11] [DEBUG] RUNNING: taskset -c 0-71 env OMP_PLACES=cores OMP_PROC_BIND=close numactl --interleave=all ../build/cpu_param_sweep 65536 1024 1024 2
[2026-09-06 08:55:14] [DEBUG] RUNNING: taskset -c 0-71 env OMP_PLACES=cores OMP_PROC_BIND=spread numactl --interleave=all ../build/cpu_param_sweep 262144 1024 1024 4
[2026-09-06 08:55:18] [DEBUG] RUNNING: taskset -c 0-71 env OMP_PLACES=cores OMP_PROC_BIND=spread numactl --interleave=all ../build/cpu_param_sweep 65536 1024 1024 8
[2026-09-06 08:55:19] [DEBUG] RUNNING: taskset -c 0-71 env OMP_PLACES=cores OMP_PROC_BIND=close numactl --interleave=all ../build/cpu_param_sweep 262144 1024 1024 2
[2026-09-06 08:55:27] [DEBUG] RUNNING: taskset -c 0-71 env OMP_PLACES=cores OMP_PROC_BIND=spread numactl --interleave=all ../build/cpu_param_sweep 262144 1024 1024 1
[2026-09-06 08:55:44] [DEBUG] RUNNING: taskset -c 0-71 env OMP_PLACES=cores OMP_PROC_BIND=spread numactl --interleave=all ../build/cpu_param_sweep 65536 1024 1024 1
[2026-09-06 08:55:48] [DEBUG] RUNNING: taskset -c 0-71 env OMP_PLACES=cores OMP_PROC_BIND=close numactl --interleave=all ../build/cpu_param_sweep 65536 1024 1024 8
[2026-09-06 08:55:49] [DEBUG] RUNNING: taskset -c 0-71 env OMP_PLACES=cores OMP_PROC_BIND=spread numactl --interleave=all ../build/cpu_param_sweep 262144 1024 1024 2
[2026-09-06 08:55:58] [DEBUG] RUNNING: taskset -c 0-71 env OMP_PLACES=cores OMP_PROC_BIND=close numactl --interleave=all ../build/cpu_param_sweep 262144 1024 1024 54
[2026-09-06 08:55:59] [DEBUG] RUNNING: taskset -c 0-71 env OMP_PLACES=cores OMP_PROC_BIND=close numactl --interleave=all ../build/cpu_param_sweep 65536 1024 1024 72
[2026-09-06 08:55:59] [DEBUG] RUNNING: taskset -c 0-71 env OMP_PLACES=cores OMP_PROC_BIND=close numactl --interleave=all ../build/cpu_param_sweep 65536 1024 1024 20
[2026-09-06 08:56:00] [DEBUG] RUNNING: taskset -c 0-71 env OMP_PLACES=cores OMP_PROC_BIND=close numactl --interleave=all ../build/cpu_param_sweep 262144 1024 1024 10
[2026-09-06 08:56:02] [DEBUG] RUNNING: taskset -c 0-71 env OMP_PLACES=cores OMP_PROC_BIND=close numactl --interleave=all ../build/cpu_param_sweep 262144 1024 1024 8
[2026-09-06 08:56:04] [DEBUG] RUNNING: taskset -c 0-71 env OMP_PLACES=cores OMP_PROC_BIND=spread numactl --interleave=all ../build/cpu_param_sweep 65536 1024 1024 16
[2026-09-06 08:56:04] [DEBUG] RUNNING: taskset -c 0-71 env OMP_PLACES=cores OMP_PROC_BIND=spread numactl --interleave=all ../build/cpu_param_sweep 65536 1024 1024 1
[2026-09-06 08:56:09] [DEBUG] RUNNING: taskset -c 0-71 env OMP_PLACES=cores OMP_PROC_BIND=spread numactl --interleave=all ../build/cpu_param_sweep 65536 1024 1024 8
[2026-09-06 08:56:09] [DEBUG] RUNNING: taskset -c 0-71 env OMP_PLACES=cores OMP_PROC_BIND=spread numactl --interleave=all ../build/cpu_param_sweep 65536 1024 1024 2
[2026-09-06 08:56:12] [DEBUG] RUNNING: taskset -c 0-71 env OMP_PLACES=cores OMP_PROC_BIND=spread numactl --interleave=all ../build/cpu_param_sweep 262144 1024 1024 18
[2026-09-06 08:56:13] [DEBUG] RUNNING: taskset -c 0-71 env OMP_PLACES=cores OMP_PROC_BIND=close numactl --interleave=all ../build/cpu_param_sweep 65536 1024 1024 4
[2026-09-06 08:56:14] [DEBUG] RUNNING: taskset -c 0-71 env OMP_PLACES=cores OMP_PROC_BIND=close numactl --interleave=all ../build/cpu_param_sweep 65536 1024 1024 1
[2026-09-06 08:56:18] [DEBUG] RUNNING: taskset -c 0-71 env OMP_PLACES=cores OMP_PROC_BIND=close numactl --interleave=all ../build/cpu_param_sweep 262144 1024 1024 16
[2026-09-06 08:56:20] [DEBUG] RUNNING: taskset -c 0-71 env OMP_PLACES=cores OMP_PROC_BIND=spread numactl --interleave=all ../build/cpu_param_sweep 65536 1024 1024 4
[2026-09-06 08:56:21] [DEBUG] RUNNING: taskset -c 0-71 env OMP_PLACES=cores OMP_PROC_BIND=close numactl --interleave=all ../build/cpu_param_sweep 262144 1024 1024 36
[2026-09-06 08:56:22] [DEBUG] RUNNING: taskset -c 0-71 env OMP_PLACES=cores OMP_PROC_BIND=spread numactl --interleave=all ../build/cpu_param_sweep 65536 1024 1024 4
[2026-09-06 08:56:23] [DEBUG] RUNNING: taskset -c 0-71 env OMP_PLACES=cores OMP_PROC_BIND=close numactl --interleave=all ../build/cpu_param_sweep 65536 1024 1024 2
[2026-09-06 08:56:25] [DEBUG] RUNNING: taskset -c 0-71 env OMP_PLACES=cores OMP_PROC_BIND=close numactl --interleave=all ../build/cpu_param_sweep 262144 1024 1024 4
[2026-09-06 08:56:29] [DEBUG] RUNNING: taskset -c 0-71 env OMP_PLACES=cores OMP_PROC_BIND=spread numactl --interleave=all ../build/cpu_param_sweep 262144 1024 1024 10
[2026-09-06 08:56:32] [DEBUG] RUNNING: taskset -c 0-71 env OMP_PLACES=cores OMP_PROC_BIND=spread numactl --interleave=all ../build/cpu_param_sweep 262144 1024 1024 10
[2026-09-06 08:56:34] [DEBUG] RUNNING: taskset -c 0-71 env OMP_PLACES=cores OMP_PROC_BIND=spread numactl --interleave=all ../build/cpu_param_sweep 65536 1024 1024 54
[2026-09-06 08:56:34] [DEBUG] RUNNING: taskset -c 0-71 env OMP_PLACES=cores OMP_PROC_BIND=spread numactl --interleave=all ../build/cpu_param_sweep 262144 1024 1024 72
[2026-09-06 08:56:35] [DEBUG] RUNNING: taskset -c 0-71 env OMP_PLACES=cores OMP_PROC_BIND=close numactl --interleave=all ../build/cpu_param_sweep 262144 1024 1024 18
[2026-09-06 08:56:37] [DEBUG] RUNNING: taskset -c 0-71 env OMP_PLACES=cores OMP_PROC_BIND=close numactl --interleave=all ../build/cpu_param_sweep 262144 1024 1024 18
[2026-09-06 08:56:38] [DEBUG] RUNNING: taskset -c 0-71 env OMP_PLACES=cores OMP_PROC_BIND=close numactl --interleave=all ../build/cpu_param_sweep 65536 1024 1024 16
[2026-09-06 08:56:38] [DEBUG] RUNNING: taskset -c 0-71 env OMP_PLACES=cores OMP_PROC_BIND=spread numactl --interleave=all ../build/cpu_param_sweep 65536 1024 1024 36
[2026-09-06 08:56:38] [DEBUG] RUNNING: taskset -c 0-71 env OMP_PLACES=cores OMP_PROC_BIND=spread numactl --interleave=all ../build/cpu_param_sweep 65536 1024 1024 72
[2026-09-06 08:56:39] [DEBUG] RUNNING: taskset -c 0-71 env OMP_PLACES=cores OMP_PROC_BIND=close numactl --interleave=all ../build/cpu_param_sweep 262144 1024 1024 2
[2026-09-06 08:56:47] [DEBUG] RUNNING: taskset -c 0-71 env OMP_PLACES=cores OMP_PROC_BIND=close numactl --interleave=all ../build/cpu_param_sweep 262144 1024 1024 10
[2026-09-06 08:56:50] [DEBUG] RUNNING: taskset -c 0-71 env OMP_PLACES=cores OMP_PROC_BIND=close numactl --interleave=all ../build/cpu_param_sweep 65536 1024 1024 8
[2026-09-06 08:56:50] [DEBUG] RUNNING: taskset -c 0-71 env OMP_PLACES=cores OMP_PROC_BIND=close numactl --interleave=all ../build/cpu_param_sweep 65536 1024 1024 10
[2026-09-06 08:56:51] [DEBUG] RUNNING: taskset -c 0-71 env OMP_PLACES=cores OMP_PROC_BIND=spread numactl --interleave=all ../build/cpu_param_sweep 65536 1024 1024 54
[2026-09-06 08:56:51] [DEBUG] RUNNING: taskset -c 0-71 env OMP_PLACES=cores OMP_PROC_BIND=close numactl --interleave=all ../build/cpu_param_sweep 262144 1024 1024 54
[2026-09-06 08:56:52] [DEBUG] RUNNING: taskset -c 0-71 env OMP_PLACES=cores OMP_PROC_BIND=spread numactl --interleave=all ../build/cpu_param_sweep 262144 1024 1024 54
[2026-09-06 08:56:53] [INFO] BUILDING: make -C ../ -f Makefile -B build/cpu_param_sweep GPU=NONE CC=gcc OPT=-O3 APPLY_LTO=1 MARCH=native LIBPOPCNT=1 CPU_TILE=32 BITVECTOR_TILE=1024 BUFFER_SIZE=4096 OUTER_ROW_NUM=1 OUTER_COL_NUM=1 OUTER_VEC_BLK=4
[2026-09-06 08:56:58] [DEBUG] RUNNING: taskset -c 0-71 env OMP_PLACES=cores OMP_PROC_BIND=spread numactl --interleave=all ../build/cpu_param_sweep 65536 1024 1024 10
[2026-09-06 08:56:58] [DEBUG] RUNNING: taskset -c 0-71 env OMP_PLACES=cores OMP_PROC_BIND=close numactl --interleave=all ../build/cpu_param_sweep 262144 1024 1024 4
[2026-09-06 08:57:02] [DEBUG] RUNNING: taskset -c 0-71 env OMP_PLACES=cores OMP_PROC_BIND=close numactl --interleave=all ../build/cpu_param_sweep 65536 1024 1024 36
[2026-09-06 08:57:02] [DEBUG] RUNNING: taskset -c 0-71 env OMP_PLACES=cores OMP_PROC_BIND=close numactl --interleave=all ../build/cpu_param_sweep 262144 1024 1024 20
[2026-09-06 08:57:04] [DEBUG] RUNNING: taskset -c 0-71 env OMP_PLACES=cores OMP_PROC_BIND=close numactl --interleave=all ../build/cpu_param_sweep 262144 1024 1024 36
[2026-09-06 08:57:04] [DEBUG] RUNNING: taskset -c 0-71 env OMP_PLACES=cores OMP_PROC_BIND=close numactl --interleave=all ../build/cpu_param_sweep 262144 1024 1024 16
[2026-09-06 08:57:06] [DEBUG] RUNNING: taskset -c 0-71 env OMP_PLACES=cores OMP_PROC_BIND=spread numactl --interleave=all ../build/cpu_param_sweep 262144 1024 1024 20
[2026-09-06 08:57:07] [DEBUG] RUNNING: taskset -c 0-71 env OMP_PLACES=cores OMP_PROC_BIND=spread numactl --interleave=all ../build/cpu_param_sweep 65536 1024 1024 20
[2026-09-06 08:57:07] [DEBUG] RUNNING: taskset -c 0-71 env OMP_PLACES=cores OMP_PROC_BIND=close numactl --interleave=all ../build/cpu_param_sweep 65536 1024 1024 20
[2026-09-06 08:57:07] [DEBUG] RUNNING: taskset -c 0-71 env OMP_PLACES=cores OMP_PROC_BIND=spread numactl --interleave=all ../build/cpu_param_sweep 262144 1024 1024 16
[2026-09-06 08:57:08] [DEBUG] RUNNING: taskset -c 0-71 env OMP_PLACES=cores OMP_PROC_BIND=spread numactl --interleave=all ../build/cpu_param_sweep 262144 1024 1024 10
[2026-09-06 08:57:11] [DEBUG] RUNNING: taskset -c 0-71 env OMP_PLACES=cores OMP_PROC_BIND=spread numactl --interleave=all ../build/cpu_param_sweep 65536 1024 1024 8
[2026-09-06 08:57:11] [DEBUG] RUNNING: taskset -c 0-71 env OMP_PLACES=cores OMP_PROC_BIND=close numactl --interleave=all ../build/cpu_param_sweep 262144 1024 1024 20
[2026-09-06 08:57:12] [DEBUG] RUNNING: taskset -c 0-71 env OMP_PLACES=cores OMP_PROC_BIND=spread numactl --interleave=all ../build/cpu_param_sweep 262144 1024 1024 18
[2026-09-06 08:57:13] [DEBUG] RUNNING: taskset -c 0-71 env OMP_PLACES=cores OMP_PROC_BIND=spread numactl --interleave=all ../build/cpu_param_sweep 262144 1024 1024 2
[2026-09-06 08:57:21] [DEBUG] RUNNING: taskset -c 0-71 env OMP_PLACES=cores OMP_PROC_BIND=close numactl --interleave=all ../build/cpu_param_sweep 262144 1024 1024 2
[2026-09-06 08:57:29] [DEBUG] RUNNING: taskset -c 0-71 env OMP_PLACES=cores OMP_PROC_BIND=close numactl --interleave=all ../build/cpu_param_sweep 65536 1024 1024 10
[2026-09-06 08:57:30] [DEBUG] RUNNING: taskset -c 0-71 env OMP_PLACES=cores OMP_PROC_BIND=spread numactl --interleave=all ../build/cpu_param_sweep 65536 1024 1024 18
[2026-09-06 08:57:30] [DEBUG] RUNNING: taskset -c 0-71 env OMP_PLACES=cores OMP_PROC_BIND=close numactl --interleave=all ../build/cpu_param_sweep 262144 1024 1024 8
[2026-09-06 08:57:32] [DEBUG] RUNNING: taskset -c 0-71 env OMP_PLACES=cores OMP_PROC_BIND=close numactl --interleave=all ../build/cpu_param_sweep 262144 1024 1024 72
[2026-09-06 08:57:33] [DEBUG] RUNNING: taskset -c 0-71 env OMP_PLACES=cores OMP_PROC_BIND=close numactl --interleave=all ../build/cpu_param_sweep 65536 1024 1024 36
[2026-09-06 08:57:33] [DEBUG] RUNNING: taskset -c 0-71 env OMP_PLACES=cores OMP_PROC_BIND=spread numactl --interleave=all ../build/cpu_param_sweep 262144 1024 1024 8
[2026-09-06 08:57:36] [DEBUG] RUNNING: taskset -c 0-71 env OMP_PLACES=cores OMP_PROC_BIND=spread numactl --interleave=all ../build/cpu_param_sweep 65536 1024 1024 72
[2026-09-06 08:57:36] [DEBUG] RUNNING: taskset -c 0-71 env OMP_PLACES=cores OMP_PROC_BIND=spread numactl --interleave=all ../build/cpu_param_sweep 262144 1024 1024 36
[2026-09-06 08:57:37] [DEBUG] RUNNING: taskset -c 0-71 env OMP_PLACES=cores OMP_PROC_BIND=close numactl --interleave=all ../build/cpu_param_sweep 262144 1024 1024 1
[2026-09-06 08:57:52] [DEBUG] RUNNING: taskset -c 0-71 env OMP_PLACES=cores OMP_PROC_BIND=spread numactl --interleave=all ../build/cpu_param_sweep 262144 1024 1024 36
[2026-09-06 08:57:53] [DEBUG] RUNNING: taskset -c 0-71 env OMP_PLACES=cores OMP_PROC_BIND=spread numactl --interleave=all ../build/cpu_param_sweep 65536 1024 1024 4
[2026-09-06 08:57:54] [DEBUG] RUNNING: taskset -c 0-71 env OMP_PLACES=cores OMP_PROC_BIND=close numactl --interleave=all ../build/cpu_param_sweep 65536 1024 1024 2
[2026-09-06 08:57:56] [DEBUG] RUNNING: taskset -c 0-71 env OMP_PLACES=cores OMP_PROC_BIND=close numactl --interleave=all ../build/cpu_param_sweep 65536 1024 1024 72
[2026-09-06 08:57:56] [DEBUG] RUNNING: taskset -c 0-71 env OMP_PLACES=cores OMP_PROC_BIND=spread numactl --interleave=all ../build/cpu_param_sweep 65536 1024 1024 72
[2026-09-06 08:57:56] [DEBUG] RUNNING: taskset -c 0-71 env OMP_PLACES=cores OMP_PROC_BIND=spread numactl --interleave=all ../build/cpu_param_sweep 65536 1024 1024 36
[2026-09-06 08:57:56] [DEBUG] RUNNING: taskset -c 0-71 env OMP_PLACES=cores OMP_PROC_BIND=spread numactl --interleave=all ../build/cpu_param_sweep 262144 1024 1024 36
[2026-09-06 08:57:57] [DEBUG] RUNNING: taskset -c 0-71 env OMP_PLACES=cores OMP_PROC_BIND=close numactl --interleave=all ../build/cpu_param_sweep 262144 1024 1024 10
[2026-09-06 08:57:59] [DEBUG] RUNNING: taskset -c 0-71 env OMP_PLACES=cores OMP_PROC_BIND=spread numactl --interleave=all ../build/cpu_param_sweep 262144 1024 1024 72
[2026-09-06 08:58:00] [DEBUG] RUNNING: taskset -c 0-71 env OMP_PLACES=cores OMP_PROC_BIND=close numactl --interleave=all ../build/cpu_param_sweep 262144 1024 1024 16
[2026-09-06 08:58:01] [DEBUG] RUNNING: taskset -c 0-71 env OMP_PLACES=cores OMP_PROC_BIND=spread numactl --interleave=all ../build/cpu_param_sweep 262144 1024 1024 72
[2026-09-06 08:58:03] [DEBUG] RUNNING: taskset -c 0-71 env OMP_PLACES=cores OMP_PROC_BIND=spread numactl --interleave=all ../build/cpu_param_sweep 65536 1024 1024 54
[2026-09-06 08:58:03] [DEBUG] RUNNING: taskset -c 0-71 env OMP_PLACES=cores OMP_PROC_BIND=spread numactl --interleave=all ../build/cpu_param_sweep 262144 1024 1024 54
[2026-09-06 08:58:04] [DEBUG] RUNNING: taskset -c 0-71 env OMP_PLACES=cores OMP_PROC_BIND=spread numactl --interleave=all ../build/cpu_param_sweep 262144 1024 1024 2
[2026-09-06 08:58:12] [DEBUG] RUNNING: taskset -c 0-71 env OMP_PLACES=cores OMP_PROC_BIND=close numactl --interleave=all ../build/cpu_param_sweep 65536 1024 1024 20
[2026-09-06 08:58:12] [DEBUG] RUNNING: taskset -c 0-71 env OMP_PLACES=cores OMP_PROC_BIND=spread numactl --interleave=all ../build/cpu_param_sweep 65536 1024 1024 16
[2026-09-06 08:58:12] [DEBUG] RUNNING: taskset -c 0-71 env OMP_PLACES=cores OMP_PROC_BIND=close numactl --interleave=all ../build/cpu_param_sweep 262144 1024 1024 8
[2026-09-06 08:58:14] [DEBUG] RUNNING: taskset -c 0-71 env OMP_PLACES=cores OMP_PROC_BIND=close numactl --interleave=all ../build/cpu_param_sweep 262144 1024 1024 18
[2026-09-06 08:58:16] [DEBUG] RUNNING: taskset -c 0-71 env OMP_PLACES=cores OMP_PROC_BIND=close numactl --interleave=all ../build/cpu_param_sweep 65536 1024 1024 54
[2026-09-06 08:58:16] [DEBUG] RUNNING: taskset -c 0-71 env OMP_PLACES=cores OMP_PROC_BIND=spread numactl --interleave=all ../build/cpu_param_sweep 262144 1024 1024 20
[2026-09-06 08:58:17] [DEBUG] RUNNING: taskset -c 0-71 env OMP_PLACES=cores OMP_PROC_BIND=spread numactl --interleave=all ../build/cpu_param_sweep 65536 1024 1024 20
[2026-09-06 08:58:17] [DEBUG] RUNNING: taskset -c 0-71 env OMP_PLACES=cores OMP_PROC_BIND=close numactl --interleave=all ../build/cpu_param_sweep 65536 1024 1024 4
[2026-09-06 08:58:18] [DEBUG] RUNNING: taskset -c 0-71 env OMP_PLACES=cores OMP_PROC_BIND=close numactl --interleave=all ../build/cpu_param_sweep 65536 1024 1024 54
[2026-09-06 08:58:19] [DEBUG] RUNNING: taskset -c 0-71 env OMP_PLACES=cores OMP_PROC_BIND=close numactl --interleave=all ../build/cpu_param_sweep 65536 1024 1024 4
[2026-09-06 08:58:19] [DEBUG] RUNNING: taskset -c 0-71 env OMP_PLACES=cores OMP_PROC_BIND=spread numactl --interleave=all ../build/cpu_param_sweep 65536 1024 1024 2
[2026-09-06 08:58:21] [DEBUG] RUNNING: taskset -c 0-71 env OMP_PLACES=cores OMP_PROC_BIND=spread numactl --interleave=all ../build/cpu_param_sweep 262144 1024 1024 20
[2026-09-06 08:58:22] [DEBUG] RUNNING: taskset -c 0-71 env OMP_PLACES=cores OMP_PROC_BIND=spread numactl --interleave=all ../build/cpu_param_sweep 262144 1024 1024 8
[2026-09-06 08:58:25] [DEBUG] RUNNING: taskset -c 0-71 env OMP_PLACES=cores OMP_PROC_BIND=close numactl --interleave=all ../build/cpu_param_sweep 65536 1024 1024 72
[2026-09-06 08:58:25] [DEBUG] RUNNING: taskset -c 0-71 env OMP_PLACES=cores OMP_PROC_BIND=close numactl --interleave=all ../build/cpu_param_sweep 65536 1024 1024 54
[2026-09-06 08:58:25] [DEBUG] RUNNING: taskset -c 0-71 env OMP_PLACES=cores OMP_PROC_BIND=close numactl --interleave=all ../build/cpu_param_sweep 262144 1024 1024 1
[2026-09-06 08:58:41] [DEBUG] RUNNING: taskset -c 0-71 env OMP_PLACES=cores OMP_PROC_BIND=close numactl --interleave=all ../build/cpu_param_sweep 65536 1024 1024 36
[2026-09-06 08:58:41] [DEBUG] RUNNING: taskset -c 0-71 env OMP_PLACES=cores OMP_PROC_BIND=spread numactl --interleave=all ../build/cpu_param_sweep 262144 1024 1024 18
[2026-09-06 08:58:42] [DEBUG] RUNNING: taskset -c 0-71 env OMP_PLACES=cores OMP_PROC_BIND=close numactl --interleave=all ../build/cpu_param_sweep 65536 1024 1024 16
[2026-09-06 08:58:42] [DEBUG] RUNNING: taskset -c 0-71 env OMP_PLACES=cores OMP_PROC_BIND=close numactl --interleave=all ../build/cpu_param_sweep 65536 1024 1024 1
[2026-09-06 08:58:46] [DEBUG] RUNNING: taskset -c 0-71 env OMP_PLACES=cores OMP_PROC_BIND=close numactl --interleave=all ../build/cpu_param_sweep 65536 1024 1024 18
[2026-09-06 08:58:46] [DEBUG] RUNNING: taskset -c 0-71 env OMP_PLACES=cores OMP_PROC_BIND=close numactl --interleave=all ../build/cpu_param_sweep 262144 1024 1024 72
[2026-09-06 08:58:47] [DEBUG] RUNNING: taskset -c 0-71 env OMP_PLACES=cores OMP_PROC_BIND=spread numactl --interleave=all ../build/cpu_param_sweep 65536 1024 1024 10
[2026-09-06 08:58:48] [DEBUG] RUNNING: taskset -c 0-71 env OMP_PLACES=cores OMP_PROC_BIND=close numactl --interleave=all ../build/cpu_param_sweep 65536 1024 1024 8
[2026-09-06 08:58:48] [DEBUG] RUNNING: taskset -c 0-71 env OMP_PLACES=cores OMP_PROC_BIND=spread numactl --interleave=all ../build/cpu_param_sweep 65536 1024 1024 16
[2026-09-06 08:58:48] [DEBUG] RUNNING: taskset -c 0-71 env OMP_PLACES=cores OMP_PROC_BIND=spread numactl --interleave=all ../build/cpu_param_sweep 262144 1024 1024 8
[2026-09-06 08:58:51] [DEBUG] RUNNING: taskset -c 0-71 env OMP_PLACES=cores OMP_PROC_BIND=spread numactl --interleave=all ../build/cpu_param_sweep 65536 1024 1024 36
[2026-09-06 08:58:51] [DEBUG] RUNNING: taskset -c 0-71 env OMP_PLACES=cores OMP_PROC_BIND=spread numactl --interleave=all ../build/cpu_param_sweep 262144 1024 1024 4
[2026-09-06 08:58:55] [DEBUG] RUNNING: taskset -c 0-71 env OMP_PLACES=cores OMP_PROC_BIND=spread numactl --interleave=all ../build/cpu_param_sweep 262144 1024 1024 54
[2026-09-06 08:58:56] [DEBUG] RUNNING: taskset -c 0-71 env OMP_PLACES=cores OMP_PROC_BIND=spread numactl --interleave=all ../build/cpu_param_sweep 65536 1024 1024 18
[2026-09-06 08:58:57] [DEBUG] RUNNING: taskset -c 0-71 env OMP_PLACES=cores OMP_PROC_BIND=spread numactl --interleave=all ../build/cpu_param_sweep 65536 1024 1024 10
[2026-09-06 08:58:57] [DEBUG] RUNNING: taskset -c 0-71 env OMP_PLACES=cores OMP_PROC_BIND=close numactl --interleave=all ../build/cpu_param_sweep 262144 1024 1024 36
[2026-09-06 08:58:58] [DEBUG] RUNNING: taskset -c 0-71 env OMP_PLACES=cores OMP_PROC_BIND=spread numactl --interleave=all ../build/cpu_param_sweep 262144 1024 1024 4
[2026-09-06 08:59:02] [DEBUG] RUNNING: taskset -c 0-71 env OMP_PLACES=cores OMP_PROC_BIND=spread numactl --interleave=all ../build/cpu_param_sweep 65536 1024 1024 18
[2026-09-06 08:59:02] [DEBUG] RUNNING: taskset -c 0-71 env OMP_PLACES=cores OMP_PROC_BIND=spread numactl --interleave=all ../build/cpu_param_sweep 262144 1024 1024 16
[2026-09-06 08:59:03] [DEBUG] RUNNING: taskset -c 0-71 env OMP_PLACES=cores OMP_PROC_BIND=close numactl --interleave=all ../build/cpu_param_sweep 65536 1024 1024 10
[2026-09-06 08:59:04] [DEBUG] RUNNING: taskset -c 0-71 env OMP_PLACES=cores OMP_PROC_BIND=spread numactl --interleave=all ../build/cpu_param_sweep 65536 1024 1024 2
[2026-09-06 08:59:06] [DEBUG] RUNNING: taskset -c 0-71 env OMP_PLACES=cores OMP_PROC_BIND=spread numactl --interleave=all ../build/cpu_param_sweep 262144 1024 1024 1
[2026-09-06 08:59:21] [DEBUG] RUNNING: taskset -c 0-71 env OMP_PLACES=cores OMP_PROC_BIND=spread numactl --interleave=all ../build/cpu_param_sweep 65536 1024 1024 1
[2026-09-06 08:59:24] [DEBUG] RUNNING: taskset -c 0-71 env OMP_PLACES=cores OMP_PROC_BIND=close numactl --interleave=all ../build/cpu_param_sweep 262144 1024 1024 4
[2026-09-06 08:59:29] [DEBUG] RUNNING: taskset -c 0-71 env OMP_PLACES=cores OMP_PROC_BIND=close numactl --interleave=all ../build/cpu_param_sweep 262144 1024 1024 72
[2026-09-06 08:59:30] [DEBUG] RUNNING: taskset -c 0-71 env OMP_PLACES=cores OMP_PROC_BIND=spread numactl --interleave=all ../build/cpu_param_sweep 65536 1024 1024 20
[2026-09-06 08:59:30] [DEBUG] RUNNING: taskset -c 0-71 env OMP_PLACES=cores OMP_PROC_BIND=spread numactl --interleave=all ../build/cpu_param_sweep 262144 1024 1024 16
[2026-09-06 08:59:31] [DEBUG] RUNNING: taskset -c 0-71 env OMP_PLACES=cores OMP_PROC_BIND=close numactl --interleave=all ../build/cpu_param_sweep 65536 1024 1024 18
[2026-09-06 08:59:31] [DEBUG] RUNNING: taskset -c 0-71 env OMP_PLACES=cores OMP_PROC_BIND=close numactl --interleave=all ../build/cpu_param_sweep 65536 1024 1024 18
[2026-09-06 08:59:32] [DEBUG] RUNNING: taskset -c 0-71 env OMP_PLACES=cores OMP_PROC_BIND=close numactl --interleave=all ../build/cpu_param_sweep 262144 1024 1024 20
[2026-09-06 08:59:33] [DEBUG] RUNNING: taskset -c 0-71 env OMP_PLACES=cores OMP_PROC_BIND=close numactl --interleave=all ../build/cpu_param_sweep 262144 1024 1024 1
[2026-09-06 08:59:49] [DEBUG] RUNNING: taskset -c 0-71 env OMP_PLACES=cores OMP_PROC_BIND=close numactl --interleave=all ../build/cpu_param_sweep 65536 1024 1024 1
[2026-09-06 08:59:51] [DEBUG] RUNNING: taskset -c 0-71 env OMP_PLACES=cores OMP_PROC_BIND=close numactl --interleave=all ../build/cpu_param_sweep 65536 1024 1024 16
[2026-09-06 08:59:52] [DEBUG] RUNNING: taskset -c 0-71 env OMP_PLACES=cores OMP_PROC_BIND=spread numactl --interleave=all ../build/cpu_param_sweep 262144 1024 1024 1
[2026-09-06 09:00:00] [DEBUG] RUNNING: taskset -c 0-71 env OMP_PLACES=cores OMP_PROC_BIND=close numactl --interleave=all ../build/cpu_param_sweep 262144 1024 1024 54
[2026-09-06 09:00:05] [DEBUG] RUNNING: taskset -c 0-71 env OMP_PLACES=cores OMP_PROC_BIND=close numactl --interleave=all ../build/cpu_param_sweep 65536 1024 1024 2
[2026-09-06 09:00:07] [DEBUG] RUNNING: taskset -c 0-71 env OMP_PLACES=cores OMP_PROC_BIND=spread numactl --interleave=all ../build/cpu_param_sweep 262144 1024 1024 4
[2026-09-06 09:00:12] [DEBUG] RUNNING: taskset -c 0-71 env OMP_PLACES=cores OMP_PROC_BIND=spread numactl --interleave=all ../build/cpu_param_sweep 65536 1024 1024 8
[2026-09-06 09:00:13] [DEBUG] RUNNING: taskset -c 0-71 env OMP_PLACES=cores OMP_PROC_BIND=close numactl --interleave=all ../build/cpu_param_sweep 262144 1024 1024 2
[2026-09-06 09:00:20] [DEBUG] RUNNING: taskset -c 0-71 env OMP_PLACES=cores OMP_PROC_BIND=spread numactl --interleave=all ../build/cpu_param_sweep 262144 1024 1024 1
[2026-09-06 09:00:28] [DEBUG] RUNNING: taskset -c 0-71 env OMP_PLACES=cores OMP_PROC_BIND=spread numactl --interleave=all ../build/cpu_param_sweep 65536 1024 1024 1
[2026-09-06 09:00:30] [DEBUG] RUNNING: taskset -c 0-71 env OMP_PLACES=cores OMP_PROC_BIND=close numactl --interleave=all ../build/cpu_param_sweep 65536 1024 1024 8
[2026-09-06 09:00:32] [DEBUG] RUNNING: taskset -c 0-71 env OMP_PLACES=cores OMP_PROC_BIND=spread numactl --interleave=all ../build/cpu_param_sweep 262144 1024 1024 2
[2026-09-06 09:00:38] [DEBUG] RUNNING: taskset -c 0-71 env OMP_PLACES=cores OMP_PROC_BIND=close numactl --interleave=all ../build/cpu_param_sweep 262144 1024 1024 54
[2026-09-06 09:00:43] [DEBUG] RUNNING: taskset -c 0-71 env OMP_PLACES=cores OMP_PROC_BIND=close numactl --interleave=all ../build/cpu_param_sweep 65536 1024 1024 72
[2026-09-06 09:00:44] [DEBUG] RUNNING: taskset -c 0-71 env OMP_PLACES=cores OMP_PROC_BIND=close numactl --interleave=all ../build/cpu_param_sweep 65536 1024 1024 20
[2026-09-06 09:00:46] [DEBUG] RUNNING: taskset -c 0-71 env OMP_PLACES=cores OMP_PROC_BIND=close numactl --interleave=all ../build/cpu_param_sweep 262144 1024 1024 10
[2026-09-06 09:00:51] [DEBUG] RUNNING: taskset -c 0-71 env OMP_PLACES=cores OMP_PROC_BIND=close numactl --interleave=all ../build/cpu_param_sweep 262144 1024 1024 8
[2026-09-06 09:00:56] [DEBUG] RUNNING: taskset -c 0-71 env OMP_PLACES=cores OMP_PROC_BIND=spread numactl --interleave=all ../build/cpu_param_sweep 65536 1024 1024 16
[2026-09-06 09:00:57] [DEBUG] RUNNING: taskset -c 0-71 env OMP_PLACES=cores OMP_PROC_BIND=spread numactl --interleave=all ../build/cpu_param_sweep 65536 1024 1024 1
[2026-09-06 09:00:59] [DEBUG] RUNNING: taskset -c 0-71 env OMP_PLACES=cores OMP_PROC_BIND=spread numactl --interleave=all ../build/cpu_param_sweep 65536 1024 1024 8
[2026-09-06 09:01:00] [DEBUG] RUNNING: taskset -c 0-71 env OMP_PLACES=cores OMP_PROC_BIND=spread numactl --interleave=all ../build/cpu_param_sweep 65536 1024 1024 2
[2026-09-06 09:01:02] [DEBUG] RUNNING: taskset -c 0-71 env OMP_PLACES=cores OMP_PROC_BIND=spread numactl --interleave=all ../build/cpu_param_sweep 262144 1024 1024 18
[2026-09-06 09:01:07] [DEBUG] RUNNING: taskset -c 0-71 env OMP_PLACES=cores OMP_PROC_BIND=close numactl --interleave=all ../build/cpu_param_sweep 65536 1024 1024 4
[2026-09-06 09:01:08] [DEBUG] RUNNING: taskset -c 0-71 env OMP_PLACES=cores OMP_PROC_BIND=close numactl --interleave=all ../build/cpu_param_sweep 65536 1024 1024 1
[2026-09-06 09:01:10] [DEBUG] RUNNING: taskset -c 0-71 env OMP_PLACES=cores OMP_PROC_BIND=close numactl --interleave=all ../build/cpu_param_sweep 262144 1024 1024 16
[2026-09-06 09:01:15] [DEBUG] RUNNING: taskset -c 0-71 env OMP_PLACES=cores OMP_PROC_BIND=spread numactl --interleave=all ../build/cpu_param_sweep 65536 1024 1024 4
[2026-09-06 09:01:16] [DEBUG] RUNNING: taskset -c 0-71 env OMP_PLACES=cores OMP_PROC_BIND=close numactl --interleave=all ../build/cpu_param_sweep 262144 1024 1024 36
[2026-09-06 09:01:21] [DEBUG] RUNNING: taskset -c 0-71 env OMP_PLACES=cores OMP_PROC_BIND=spread numactl --interleave=all ../build/cpu_param_sweep 65536 1024 1024 4
[2026-09-06 09:01:23] [DEBUG] RUNNING: taskset -c 0-71 env OMP_PLACES=cores OMP_PROC_BIND=close numactl --interleave=all ../build/cpu_param_sweep 65536 1024 1024 2
[2026-09-06 09:01:24] [DEBUG] RUNNING: taskset -c 0-71 env OMP_PLACES=cores OMP_PROC_BIND=close numactl --interleave=all ../build/cpu_param_sweep 262144 1024 1024 4
[2026-09-06 09:01:29] [DEBUG] RUNNING: taskset -c 0-71 env OMP_PLACES=cores OMP_PROC_BIND=spread numactl --interleave=all ../build/cpu_param_sweep 262144 1024 1024 10
[2026-09-06 09:01:34] [DEBUG] RUNNING: taskset -c 0-71 env OMP_PLACES=cores OMP_PROC_BIND=spread numactl --interleave=all ../build/cpu_param_sweep 262144 1024 1024 10
[2026-09-06 09:01:39] [DEBUG] RUNNING: taskset -c 0-71 env OMP_PLACES=cores OMP_PROC_BIND=spread numactl --interleave=all ../build/cpu_param_sweep 65536 1024 1024 54
[2026-09-06 09:01:41] [DEBUG] RUNNING: taskset -c 0-71 env OMP_PLACES=cores OMP_PROC_BIND=spread numactl --interleave=all ../build/cpu_param_sweep 262144 1024 1024 72
[2026-09-06 09:01:46] [DEBUG] RUNNING: taskset -c 0-71 env OMP_PLACES=cores OMP_PROC_BIND=close numactl --interleave=all ../build/cpu_param_sweep 262144 1024 1024 18
[2026-09-06 09:01:50] [DEBUG] RUNNING: taskset -c 0-71 env OMP_PLACES=cores OMP_PROC_BIND=close numactl --interleave=all ../build/cpu_param_sweep 262144 1024 1024 18
[2026-09-06 09:01:55] [DEBUG] RUNNING: taskset -c 0-71 env OMP_PLACES=cores OMP_PROC_BIND=close numactl --interleave=all ../build/cpu_param_sweep 65536 1024 1024 16
[2026-09-06 09:01:56] [DEBUG] RUNNING: taskset -c 0-71 env OMP_PLACES=cores OMP_PROC_BIND=spread numactl --interleave=all ../build/cpu_param_sweep 65536 1024 1024 36
[2026-09-06 09:01:58] [DEBUG] RUNNING: taskset -c 0-71 env OMP_PLACES=cores OMP_PROC_BIND=spread numactl --interleave=all ../build/cpu_param_sweep 65536 1024 1024 72
[2026-09-06 09:01:59] [DEBUG] RUNNING: taskset -c 0-71 env OMP_PLACES=cores OMP_PROC_BIND=close numactl --interleave=all ../build/cpu_param_sweep 262144 1024 1024 2
[2026-09-06 09:02:06] [DEBUG] RUNNING: taskset -c 0-71 env OMP_PLACES=cores OMP_PROC_BIND=close numactl --interleave=all ../build/cpu_param_sweep 262144 1024 1024 10
[2026-09-06 09:02:11] [DEBUG] RUNNING: taskset -c 0-71 env OMP_PLACES=cores OMP_PROC_BIND=close numactl --interleave=all ../build/cpu_param_sweep 65536 1024 1024 8
[2026-09-06 09:02:12] [DEBUG] RUNNING: taskset -c 0-71 env OMP_PLACES=cores OMP_PROC_BIND=close numactl --interleave=all ../build/cpu_param_sweep 65536 1024 1024 10
[2026-09-06 09:02:14] [DEBUG] RUNNING: taskset -c 0-71 env OMP_PLACES=cores OMP_PROC_BIND=spread numactl --interleave=all ../build/cpu_param_sweep 65536 1024 1024 54
[2026-09-06 09:02:15] [DEBUG] RUNNING: taskset -c 0-71 env OMP_PLACES=cores OMP_PROC_BIND=close numactl --interleave=all ../build/cpu_param_sweep 262144 1024 1024 54
[2026-09-06 09:02:20] [DEBUG] RUNNING: taskset -c 0-71 env OMP_PLACES=cores OMP_PROC_BIND=spread numactl --interleave=all ../build/cpu_param_sweep 262144 1024 1024 54
[2026-09-06 09:02:25] [INFO] BUILDING: make -C ../ -f Makefile -B build/cpu_param_sweep GPU=NONE CC=clang OPT=-O3 APPLY_LTO=1 MARCH=native LIBPOPCNT=1 CPU_TILE=32 BITVECTOR_TILE=1024 BUFFER_SIZE=4096 OUTER_ROW_NUM=2 OUTER_COL_NUM=4 OUTER_VEC_BLK=2
[2026-09-06 09:02:36] [DEBUG] RUNNING: taskset -c 0-71 env OMP_PLACES=cores OMP_PROC_BIND=spread numactl --interleave=all ../build/cpu_param_sweep 65536 1024 1024 10
[2026-09-06 09:02:37] [DEBUG] RUNNING: taskset -c 0-71 env OMP_PLACES=cores OMP_PROC_BIND=close numactl --interleave=all ../build/cpu_param_sweep 262144 1024 1024 4
[2026-09-06 09:02:40] [DEBUG] RUNNING: taskset -c 0-71 env OMP_PLACES=cores OMP_PROC_BIND=close numactl --interleave=all ../build/cpu_param_sweep 65536 1024 1024 36
[2026-09-06 09:02:40] [DEBUG] RUNNING: taskset -c 0-71 env OMP_PLACES=cores OMP_PROC_BIND=close numactl --interleave=all ../build/cpu_param_sweep 262144 1024 1024 20
[2026-09-06 09:02:41] [DEBUG] RUNNING: taskset -c 0-71 env OMP_PLACES=cores OMP_PROC_BIND=close numactl --interleave=all ../build/cpu_param_sweep 262144 1024 1024 36
[2026-09-06 09:02:41] [DEBUG] RUNNING: taskset -c 0-71 env OMP_PLACES=cores OMP_PROC_BIND=close numactl --interleave=all ../build/cpu_param_sweep 262144 1024 1024 16
[2026-09-06 09:02:42] [DEBUG] RUNNING: taskset -c 0-71 env OMP_PLACES=cores OMP_PROC_BIND=spread numactl --interleave=all ../build/cpu_param_sweep 262144 1024 1024 20
[2026-09-06 09:02:43] [DEBUG] RUNNING: taskset -c 0-71 env OMP_PLACES=cores OMP_PROC_BIND=spread numactl --interleave=all ../build/cpu_param_sweep 65536 1024 1024 20
[2026-09-06 09:02:43] [DEBUG] RUNNING: taskset -c 0-71 env OMP_PLACES=cores OMP_PROC_BIND=close numactl --interleave=all ../build/cpu_param_sweep 65536 1024 1024 20
[2026-09-06 09:02:44] [DEBUG] RUNNING: taskset -c 0-71 env OMP_PLACES=cores OMP_PROC_BIND=spread numactl --interleave=all ../build/cpu_param_sweep 262144 1024 1024 16
[2026-09-06 09:02:44] [DEBUG] RUNNING: taskset -c 0-71 env OMP_PLACES=cores OMP_PROC_BIND=spread numactl --interleave=all ../build/cpu_param_sweep 262144 1024 1024 10
[2026-09-06 09:02:46] [DEBUG] RUNNING: taskset -c 0-71 env OMP_PLACES=cores OMP_PROC_BIND=spread numactl --interleave=all ../build/cpu_param_sweep 65536 1024 1024 8
[2026-09-06 09:02:46] [DEBUG] RUNNING: taskset -c 0-71 env OMP_PLACES=cores OMP_PROC_BIND=close numactl --interleave=all ../build/cpu_param_sweep 262144 1024 1024 20
[2026-09-06 09:02:47] [DEBUG] RUNNING: taskset -c 0-71 env OMP_PLACES=cores OMP_PROC_BIND=spread numactl --interleave=all ../build/cpu_param_sweep 262144 1024 1024 18
[2026-09-06 09:02:48] [DEBUG] RUNNING: taskset -c 0-71 env OMP_PLACES=cores OMP_PROC_BIND=spread numactl --interleave=all ../build/cpu_param_sweep 262144 1024 1024 2
[2026-09-06 09:02:54] [DEBUG] RUNNING: taskset -c 0-71 env OMP_PLACES=cores OMP_PROC_BIND=close numactl --interleave=all ../build/cpu_param_sweep 262144 1024 1024 2
[2026-09-06 09:03:00] [DEBUG] RUNNING: taskset -c 0-71 env OMP_PLACES=cores OMP_PROC_BIND=close numactl --interleave=all ../build/cpu_param_sweep 65536 1024 1024 10
[2026-09-06 09:03:00] [DEBUG] RUNNING: taskset -c 0-71 env OMP_PLACES=cores OMP_PROC_BIND=spread numactl --interleave=all ../build/cpu_param_sweep 65536 1024 1024 18
[2026-09-06 09:03:01] [DEBUG] RUNNING: taskset -c 0-71 env OMP_PLACES=cores OMP_PROC_BIND=close numactl --interleave=all ../build/cpu_param_sweep 262144 1024 1024 8
[2026-09-06 09:03:02] [DEBUG] RUNNING: taskset -c 0-71 env OMP_PLACES=cores OMP_PROC_BIND=close numactl --interleave=all ../build/cpu_param_sweep 262144 1024 1024 72
[2026-09-06 09:03:03] [DEBUG] RUNNING: taskset -c 0-71 env OMP_PLACES=cores OMP_PROC_BIND=close numactl --interleave=all ../build/cpu_param_sweep 65536 1024 1024 36
[2026-09-06 09:03:03] [DEBUG] RUNNING: taskset -c 0-71 env OMP_PLACES=cores OMP_PROC_BIND=spread numactl --interleave=all ../build/cpu_param_sweep 262144 1024 1024 8
[2026-09-06 09:03:05] [DEBUG] RUNNING: taskset -c 0-71 env OMP_PLACES=cores OMP_PROC_BIND=spread numactl --interleave=all ../build/cpu_param_sweep 65536 1024 1024 72
[2026-09-06 09:03:05] [DEBUG] RUNNING: taskset -c 0-71 env OMP_PLACES=cores OMP_PROC_BIND=spread numactl --interleave=all ../build/cpu_param_sweep 262144 1024 1024 36
[2026-09-06 09:03:06] [DEBUG] RUNNING: taskset -c 0-71 env OMP_PLACES=cores OMP_PROC_BIND=close numactl --interleave=all ../build/cpu_param_sweep 262144 1024 1024 1
[2026-09-06 09:03:17] [DEBUG] RUNNING: taskset -c 0-71 env OMP_PLACES=cores OMP_PROC_BIND=spread numactl --interleave=all ../build/cpu_param_sweep 262144 1024 1024 36
[2026-09-06 09:03:18] [DEBUG] RUNNING: taskset -c 0-71 env OMP_PLACES=cores OMP_PROC_BIND=spread numactl --interleave=all ../build/cpu_param_sweep 65536 1024 1024 4
[2026-09-06 09:03:18] [DEBUG] RUNNING: taskset -c 0-71 env OMP_PLACES=cores OMP_PROC_BIND=close numactl --interleave=all ../build/cpu_param_sweep 65536 1024 1024 2
[2026-09-06 09:03:20] [DEBUG] RUNNING: taskset -c 0-71 env OMP_PLACES=cores OMP_PROC_BIND=close numactl --interleave=all ../build/cpu_param_sweep 65536 1024 1024 72
[2026-09-06 09:03:20] [DEBUG] RUNNING: taskset -c 0-71 env OMP_PLACES=cores OMP_PROC_BIND=spread numactl --interleave=all ../build/cpu_param_sweep 65536 1024 1024 72
[2026-09-06 09:03:20] [DEBUG] RUNNING: taskset -c 0-71 env OMP_PLACES=cores OMP_PROC_BIND=spread numactl --interleave=all ../build/cpu_param_sweep 65536 1024 1024 36
[2026-09-06 09:03:20] [DEBUG] RUNNING: taskset -c 0-71 env OMP_PLACES=cores OMP_PROC_BIND=spread numactl --interleave=all ../build/cpu_param_sweep 262144 1024 1024 36
[2026-09-06 09:03:21] [DEBUG] RUNNING: taskset -c 0-71 env OMP_PLACES=cores OMP_PROC_BIND=close numactl --interleave=all ../build/cpu_param_sweep 262144 1024 1024 10
[2026-09-06 09:03:22] [DEBUG] RUNNING: taskset -c 0-71 env OMP_PLACES=cores OMP_PROC_BIND=spread numactl --interleave=all ../build/cpu_param_sweep 262144 1024 1024 72
[2026-09-06 09:03:23] [DEBUG] RUNNING: taskset -c 0-71 env OMP_PLACES=cores OMP_PROC_BIND=close numactl --interleave=all ../build/cpu_param_sweep 262144 1024 1024 16
[2026-09-06 09:03:24] [DEBUG] RUNNING: taskset -c 0-71 env OMP_PLACES=cores OMP_PROC_BIND=spread numactl --interleave=all ../build/cpu_param_sweep 262144 1024 1024 72
[2026-09-06 09:03:25] [DEBUG] RUNNING: taskset -c 0-71 env OMP_PLACES=cores OMP_PROC_BIND=spread numactl --interleave=all ../build/cpu_param_sweep 65536 1024 1024 54
[2026-09-06 09:03:25] [DEBUG] RUNNING: taskset -c 0-71 env OMP_PLACES=cores OMP_PROC_BIND=spread numactl --interleave=all ../build/cpu_param_sweep 262144 1024 1024 54
[2026-09-06 09:03:26] [DEBUG] RUNNING: taskset -c 0-71 env OMP_PLACES=cores OMP_PROC_BIND=spread numactl --interleave=all ../build/cpu_param_sweep 262144 1024 1024 2
[2026-09-06 09:03:32] [DEBUG] RUNNING: taskset -c 0-71 env OMP_PLACES=cores OMP_PROC_BIND=close numactl --interleave=all ../build/cpu_param_sweep 65536 1024 1024 20
[2026-09-06 09:03:32] [DEBUG] RUNNING: taskset -c 0-71 env OMP_PLACES=cores OMP_PROC_BIND=spread numactl --interleave=all ../build/cpu_param_sweep 65536 1024 1024 16
[2026-09-06 09:03:33] [DEBUG] RUNNING: taskset -c 0-71 env OMP_PLACES=cores OMP_PROC_BIND=close numactl --interleave=all ../build/cpu_param_sweep 262144 1024 1024 8
[2026-09-06 09:03:34] [DEBUG] RUNNING: taskset -c 0-71 env OMP_PLACES=cores OMP_PROC_BIND=close numactl --interleave=all ../build/cpu_param_sweep 262144 1024 1024 18
[2026-09-06 09:03:35] [DEBUG] RUNNING: taskset -c 0-71 env OMP_PLACES=cores OMP_PROC_BIND=close numactl --interleave=all ../build/cpu_param_sweep 65536 1024 1024 54
[2026-09-06 09:03:35] [DEBUG] RUNNING: taskset -c 0-71 env OMP_PLACES=cores OMP_PROC_BIND=spread numactl --interleave=all ../build/cpu_param_sweep 262144 1024 1024 20
[2026-09-06 09:03:36] [DEBUG] RUNNING: taskset -c 0-71 env OMP_PLACES=cores OMP_PROC_BIND=spread numactl --interleave=all ../build/cpu_param_sweep 65536 1024 1024 20
[2026-09-06 09:03:36] [DEBUG] RUNNING: taskset -c 0-71 env OMP_PLACES=cores OMP_PROC_BIND=close numactl --interleave=all ../build/cpu_param_sweep 65536 1024 1024 4
[2026-09-06 09:03:37] [DEBUG] RUNNING: taskset -c 0-71 env OMP_PLACES=cores OMP_PROC_BIND=close numactl --interleave=all ../build/cpu_param_sweep 65536 1024 1024 54
[2026-09-06 09:03:37] [DEBUG] RUNNING: taskset -c 0-71 env OMP_PLACES=cores OMP_PROC_BIND=close numactl --interleave=all ../build/cpu_param_sweep 65536 1024 1024 4
[2026-09-06 09:03:38] [DEBUG] RUNNING: taskset -c 0-71 env OMP_PLACES=cores OMP_PROC_BIND=spread numactl --interleave=all ../build/cpu_param_sweep 65536 1024 1024 2
[2026-09-06 09:03:39] [DEBUG] RUNNING: taskset -c 0-71 env OMP_PLACES=cores OMP_PROC_BIND=spread numactl --interleave=all ../build/cpu_param_sweep 262144 1024 1024 20
[2026-09-06 09:03:40] [DEBUG] RUNNING: taskset -c 0-71 env OMP_PLACES=cores OMP_PROC_BIND=spread numactl --interleave=all ../build/cpu_param_sweep 262144 1024 1024 8
[2026-09-06 09:03:42] [DEBUG] RUNNING: taskset -c 0-71 env OMP_PLACES=cores OMP_PROC_BIND=close numactl --interleave=all ../build/cpu_param_sweep 65536 1024 1024 72
[2026-09-06 09:03:42] [DEBUG] RUNNING: taskset -c 0-71 env OMP_PLACES=cores OMP_PROC_BIND=close numactl --interleave=all ../build/cpu_param_sweep 65536 1024 1024 54
[2026-09-06 09:03:42] [DEBUG] RUNNING: taskset -c 0-71 env OMP_PLACES=cores OMP_PROC_BIND=close numactl --interleave=all ../build/cpu_param_sweep 262144 1024 1024 1
[2026-09-06 09:03:54] [DEBUG] RUNNING: taskset -c 0-71 env OMP_PLACES=cores OMP_PROC_BIND=close numactl --interleave=all ../build/cpu_param_sweep 65536 1024 1024 36
[2026-09-06 09:03:54] [DEBUG] RUNNING: taskset -c 0-71 env OMP_PLACES=cores OMP_PROC_BIND=spread numactl --interleave=all ../build/cpu_param_sweep 262144 1024 1024 18
[2026-09-06 09:03:55] [DEBUG] RUNNING: taskset -c 0-71 env OMP_PLACES=cores OMP_PROC_BIND=close numactl --interleave=all ../build/cpu_param_sweep 65536 1024 1024 16
[2026-09-06 09:03:55] [DEBUG] RUNNING: taskset -c 0-71 env OMP_PLACES=cores OMP_PROC_BIND=close numactl --interleave=all ../build/cpu_param_sweep 65536 1024 1024 1
[2026-09-06 09:03:57] [DEBUG] RUNNING: taskset -c 0-71 env OMP_PLACES=cores OMP_PROC_BIND=close numactl --interleave=all ../build/cpu_param_sweep 65536 1024 1024 18
[2026-09-06 09:03:58] [DEBUG] RUNNING: taskset -c 0-71 env OMP_PLACES=cores OMP_PROC_BIND=close numactl --interleave=all ../build/cpu_param_sweep 262144 1024 1024 72
[2026-09-06 09:03:59] [DEBUG] RUNNING: taskset -c 0-71 env OMP_PLACES=cores OMP_PROC_BIND=spread numactl --interleave=all ../build/cpu_param_sweep 65536 1024 1024 10
[2026-09-06 09:03:59] [DEBUG] RUNNING: taskset -c 0-71 env OMP_PLACES=cores OMP_PROC_BIND=close numactl --interleave=all ../build/cpu_param_sweep 65536 1024 1024 8
[2026-09-06 09:03:59] [DEBUG] RUNNING: taskset -c 0-71 env OMP_PLACES=cores OMP_PROC_BIND=spread numactl --interleave=all ../build/cpu_param_sweep 65536 1024 1024 16
[2026-09-06 09:03:59] [DEBUG] RUNNING: taskset -c 0-71 env OMP_PLACES=cores OMP_PROC_BIND=spread numactl --interleave=all ../build/cpu_param_sweep 262144 1024 1024 8
[2026-09-06 09:04:01] [DEBUG] RUNNING: taskset -c 0-71 env OMP_PLACES=cores OMP_PROC_BIND=spread numactl --interleave=all ../build/cpu_param_sweep 65536 1024 1024 36
[2026-09-06 09:04:01] [DEBUG] RUNNING: taskset -c 0-71 env OMP_PLACES=cores OMP_PROC_BIND=spread numactl --interleave=all ../build/cpu_param_sweep 262144 1024 1024 4
[2026-09-06 09:04:04] [DEBUG] RUNNING: taskset -c 0-71 env OMP_PLACES=cores OMP_PROC_BIND=spread numactl --interleave=all ../build/cpu_param_sweep 262144 1024 1024 54
[2026-09-06 09:04:05] [DEBUG] RUNNING: taskset -c 0-71 env OMP_PLACES=cores OMP_PROC_BIND=spread numactl --interleave=all ../build/cpu_param_sweep 65536 1024 1024 18
[2026-09-06 09:04:05] [DEBUG] RUNNING: taskset -c 0-71 env OMP_PLACES=cores OMP_PROC_BIND=spread numactl --interleave=all ../build/cpu_param_sweep 65536 1024 1024 10
[2026-09-06 09:04:06] [DEBUG] RUNNING: taskset -c 0-71 env OMP_PLACES=cores OMP_PROC_BIND=close numactl --interleave=all ../build/cpu_param_sweep 262144 1024 1024 36
[2026-09-06 09:04:06] [DEBUG] RUNNING: taskset -c 0-71 env OMP_PLACES=cores OMP_PROC_BIND=spread numactl --interleave=all ../build/cpu_param_sweep 262144 1024 1024 4
[2026-09-06 09:04:09] [DEBUG] RUNNING: taskset -c 0-71 env OMP_PLACES=cores OMP_PROC_BIND=spread numactl --interleave=all ../build/cpu_param_sweep 65536 1024 1024 18
[2026-09-06 09:04:09] [DEBUG] RUNNING: taskset -c 0-71 env OMP_PLACES=cores OMP_PROC_BIND=spread numactl --interleave=all ../build/cpu_param_sweep 262144 1024 1024 16
[2026-09-06 09:04:10] [DEBUG] RUNNING: taskset -c 0-71 env OMP_PLACES=cores OMP_PROC_BIND=close numactl --interleave=all ../build/cpu_param_sweep 65536 1024 1024 10
[2026-09-06 09:04:11] [DEBUG] RUNNING: taskset -c 0-71 env OMP_PLACES=cores OMP_PROC_BIND=spread numactl --interleave=all ../build/cpu_param_sweep 65536 1024 1024 2
[2026-09-06 09:04:12] [DEBUG] RUNNING: taskset -c 0-71 env OMP_PLACES=cores OMP_PROC_BIND=spread numactl --interleave=all ../build/cpu_param_sweep 262144 1024 1024 1
[2026-09-06 09:04:24] [DEBUG] RUNNING: taskset -c 0-71 env OMP_PLACES=cores OMP_PROC_BIND=spread numactl --interleave=all ../build/cpu_param_sweep 65536 1024 1024 1
[2026-09-06 09:04:26] [DEBUG] RUNNING: taskset -c 0-71 env OMP_PLACES=cores OMP_PROC_BIND=close numactl --interleave=all ../build/cpu_param_sweep 262144 1024 1024 4
[2026-09-06 09:04:29] [DEBUG] RUNNING: taskset -c 0-71 env OMP_PLACES=cores OMP_PROC_BIND=close numactl --interleave=all ../build/cpu_param_sweep 262144 1024 1024 72
[2026-09-06 09:04:30] [DEBUG] RUNNING: taskset -c 0-71 env OMP_PLACES=cores OMP_PROC_BIND=spread numactl --interleave=all ../build/cpu_param_sweep 65536 1024 1024 20
[2026-09-06 09:04:30] [DEBUG] RUNNING: taskset -c 0-71 env OMP_PLACES=cores OMP_PROC_BIND=spread numactl --interleave=all ../build/cpu_param_sweep 262144 1024 1024 16
[2026-09-06 09:04:31] [DEBUG] RUNNING: taskset -c 0-71 env OMP_PLACES=cores OMP_PROC_BIND=close numactl --interleave=all ../build/cpu_param_sweep 65536 1024 1024 18
[2026-09-06 09:04:31] [DEBUG] RUNNING: taskset -c 0-71 env OMP_PLACES=cores OMP_PROC_BIND=close numactl --interleave=all ../build/cpu_param_sweep 65536 1024 1024 18
[2026-09-06 09:04:32] [DEBUG] RUNNING: taskset -c 0-71 env OMP_PLACES=cores OMP_PROC_BIND=close numactl --interleave=all ../build/cpu_param_sweep 262144 1024 1024 20
[2026-09-06 09:04:32] [DEBUG] RUNNING: taskset -c 0-71 env OMP_PLACES=cores OMP_PROC_BIND=close numactl --interleave=all ../build/cpu_param_sweep 262144 1024 1024 1
[2026-09-06 09:04:44] [DEBUG] RUNNING: taskset -c 0-71 env OMP_PLACES=cores OMP_PROC_BIND=close numactl --interleave=all ../build/cpu_param_sweep 65536 1024 1024 1
[2026-09-06 09:04:47] [DEBUG] RUNNING: taskset -c 0-71 env OMP_PLACES=cores OMP_PROC_BIND=close numactl --interleave=all ../build/cpu_param_sweep 65536 1024 1024 16
[2026-09-06 09:04:47] [DEBUG] RUNNING: taskset -c 0-71 env OMP_PLACES=cores OMP_PROC_BIND=spread numactl --interleave=all ../build/cpu_param_sweep 262144 1024 1024 1
