Detected Processor: Intel Core i9-7900X CPU @ 3.30GHz
Output CSV initialized at: /home/chrisarg/software-dev/Bit/scripts/../benchmark_CPU_params/cpu_sweep_Intel_Core_i9_7900X_CPU_3_30GHz_AVX512_20260823_085536.csv
COMPILING: make -C /home/chrisarg/software-dev/Bit/scripts/.. -f Makefile -B build/openmp_bit_nogpu GPU=NONE LIBPOPCNT=1 CPU_TILE=32 BITVECTOR_TILE=1024 BUFFER_SIZE=128 OUTER_ROW_NUM=2 OUTER_COL_NUM=1 OUTER_VEC_BLK=3
EXECUTING: numactl --interleave=all /home/chrisarg/software-dev/Bit/scripts/../build/openmp_bit_nogpu 262144 1024 1024 20
COMPILING: make -C /home/chrisarg/software-dev/Bit/scripts/.. -f Makefile -B build/openmp_bit_nogpu GPU=NONE LIBPOPCNT=0 CPU_TILE=64 BITVECTOR_TILE=1024 BUFFER_SIZE=512 OUTER_ROW_NUM=5 OUTER_COL_NUM=1 OUTER_VEC_BLK=2
EXECUTING: numactl --interleave=all /home/chrisarg/software-dev/Bit/scripts/../build/openmp_bit_nogpu 262144 1024 1024 20
COMPILING: make -C /home/chrisarg/software-dev/Bit/scripts/.. -f Makefile -B build/openmp_bit_nogpu GPU=NONE LIBPOPCNT=0 CPU_TILE=16 BITVECTOR_TILE=512 BUFFER_SIZE=1024 OUTER_ROW_NUM=2 OUTER_COL_NUM=6 OUTER_VEC_BLK=3
EXECUTING: numactl --interleave=all /home/chrisarg/software-dev/Bit/scripts/../build/openmp_bit_nogpu 65536 1024 1024 20
COMPILING: make -C /home/chrisarg/software-dev/Bit/scripts/.. -f Makefile -B build/openmp_bit_nogpu GPU=NONE LIBPOPCNT=1 CPU_TILE=16 BITVECTOR_TILE=512 BUFFER_SIZE=4096 OUTER_ROW_NUM=4 OUTER_COL_NUM=4 OUTER_VEC_BLK=1
EXECUTING: numactl --interleave=all /home/chrisarg/software-dev/Bit/scripts/../build/openmp_bit_nogpu 262144 1024 1024 20
COMPILING: make -C /home/chrisarg/software-dev/Bit/scripts/.. -f Makefile -B build/openmp_bit_nogpu GPU=NONE LIBPOPCNT=1 CPU_TILE=16 BITVECTOR_TILE=512 BUFFER_SIZE=4096 OUTER_ROW_NUM=6 OUTER_COL_NUM=4 OUTER_VEC_BLK=1
EXECUTING: numactl --interleave=all /home/chrisarg/software-dev/Bit/scripts/../build/openmp_bit_nogpu 65536 1024 1024 20
COMPILING: make -C /home/chrisarg/software-dev/Bit/scripts/.. -f Makefile -B build/openmp_bit_nogpu GPU=NONE LIBPOPCNT=0 CPU_TILE=16 BITVECTOR_TILE=2048 BUFFER_SIZE=256 OUTER_ROW_NUM=6 OUTER_COL_NUM=6 OUTER_VEC_BLK=4
EXECUTING: numactl --interleave=all /home/chrisarg/software-dev/Bit/scripts/../build/openmp_bit_nogpu 65536 1024 1024 20
COMPILING: make -C /home/chrisarg/software-dev/Bit/scripts/.. -f Makefile -B build/openmp_bit_nogpu GPU=NONE LIBPOPCNT=0 CPU_TILE=64 BITVECTOR_TILE=1024 BUFFER_SIZE=1024 OUTER_ROW_NUM=2 OUTER_COL_NUM=3 OUTER_VEC_BLK=3
EXECUTING: numactl --interleave=all /home/chrisarg/software-dev/Bit/scripts/../build/openmp_bit_nogpu 262144 1024 1024 20
COMPILING: make -C /home/chrisarg/software-dev/Bit/scripts/.. -f Makefile -B build/openmp_bit_nogpu GPU=NONE LIBPOPCNT=0 CPU_TILE=64 BITVECTOR_TILE=1024 BUFFER_SIZE=128 OUTER_ROW_NUM=2 OUTER_COL_NUM=3 OUTER_VEC_BLK=2
EXECUTING: numactl --interleave=all /home/chrisarg/software-dev/Bit/scripts/../build/openmp_bit_nogpu 65536 1024 1024 20
COMPILING: make -C /home/chrisarg/software-dev/Bit/scripts/.. -f Makefile -B build/openmp_bit_nogpu GPU=NONE LIBPOPCNT=0 CPU_TILE=64 BITVECTOR_TILE=512 BUFFER_SIZE=4096 OUTER_ROW_NUM=2 OUTER_COL_NUM=4 OUTER_VEC_BLK=3
EXECUTING: numactl --interleave=all /home/chrisarg/software-dev/Bit/scripts/../build/openmp_bit_nogpu 262144 1024 1024 20
COMPILING: make -C /home/chrisarg/software-dev/Bit/scripts/.. -f Makefile -B build/openmp_bit_nogpu GPU=NONE LIBPOPCNT=1 CPU_TILE=32 BITVECTOR_TILE=2048 BUFFER_SIZE=128 OUTER_ROW_NUM=4 OUTER_COL_NUM=2 OUTER_VEC_BLK=6
EXECUTING: numactl --interleave=all /home/chrisarg/software-dev/Bit/scripts/../build/openmp_bit_nogpu 65536 1024 1024 20
COMPILING: make -C /home/chrisarg/software-dev/Bit/scripts/.. -f Makefile -B build/openmp_bit_nogpu GPU=NONE LIBPOPCNT=1 CPU_TILE=16 BITVECTOR_TILE=1024 BUFFER_SIZE=512 OUTER_ROW_NUM=4 OUTER_COL_NUM=4 OUTER_VEC_BLK=1
EXECUTING: numactl --interleave=all /home/chrisarg/software-dev/Bit/scripts/../build/openmp_bit_nogpu 262144 1024 1024 20
COMPILING: make -C /home/chrisarg/software-dev/Bit/scripts/.. -f Makefile -B build/openmp_bit_nogpu GPU=NONE LIBPOPCNT=1 CPU_TILE=64 BITVECTOR_TILE=2048 BUFFER_SIZE=1024 OUTER_ROW_NUM=1 OUTER_COL_NUM=6 OUTER_VEC_BLK=1
EXECUTING: numactl --interleave=all /home/chrisarg/software-dev/Bit/scripts/../build/openmp_bit_nogpu 65536 1024 1024 20
COMPILING: make -C /home/chrisarg/software-dev/Bit/scripts/.. -f Makefile -B build/openmp_bit_nogpu GPU=NONE LIBPOPCNT=1 CPU_TILE=32 BITVECTOR_TILE=512 BUFFER_SIZE=512 OUTER_ROW_NUM=1 OUTER_COL_NUM=6 OUTER_VEC_BLK=1
EXECUTING: numactl --interleave=all /home/chrisarg/software-dev/Bit/scripts/../build/openmp_bit_nogpu 65536 1024 1024 20
COMPILING: make -C /home/chrisarg/software-dev/Bit/scripts/.. -f Makefile -B build/openmp_bit_nogpu GPU=NONE LIBPOPCNT=1 CPU_TILE=16 BITVECTOR_TILE=1024 BUFFER_SIZE=128 OUTER_ROW_NUM=3 OUTER_COL_NUM=1 OUTER_VEC_BLK=1
EXECUTING: numactl --interleave=all /home/chrisarg/software-dev/Bit/scripts/../build/openmp_bit_nogpu 65536 1024 1024 20
COMPILING: make -C /home/chrisarg/software-dev/Bit/scripts/.. -f Makefile -B build/openmp_bit_nogpu GPU=NONE LIBPOPCNT=0 CPU_TILE=16 BITVECTOR_TILE=1024 BUFFER_SIZE=1024 OUTER_ROW_NUM=4 OUTER_COL_NUM=4 OUTER_VEC_BLK=1
EXECUTING: numactl --interleave=all /home/chrisarg/software-dev/Bit/scripts/../build/openmp_bit_nogpu 262144 1024 1024 20
COMPILING: make -C /home/chrisarg/software-dev/Bit/scripts/.. -f Makefile -B build/openmp_bit_nogpu GPU=NONE LIBPOPCNT=1 CPU_TILE=64 BITVECTOR_TILE=1024 BUFFER_SIZE=4096 OUTER_ROW_NUM=3 OUTER_COL_NUM=6 OUTER_VEC_BLK=3
EXECUTING: numactl --interleave=all /home/chrisarg/software-dev/Bit/scripts/../build/openmp_bit_nogpu 65536 1024 1024 20
COMPILING: make -C /home/chrisarg/software-dev/Bit/scripts/.. -f Makefile -B build/openmp_bit_nogpu GPU=NONE LIBPOPCNT=1 CPU_TILE=64 BITVECTOR_TILE=1024 BUFFER_SIZE=256 OUTER_ROW_NUM=3 OUTER_COL_NUM=1 OUTER_VEC_BLK=4
EXECUTING: numactl --interleave=all /home/chrisarg/software-dev/Bit/scripts/../build/openmp_bit_nogpu 262144 1024 1024 20
COMPILING: make -C /home/chrisarg/software-dev/Bit/scripts/.. -f Makefile -B build/openmp_bit_nogpu GPU=NONE LIBPOPCNT=0 CPU_TILE=32 BITVECTOR_TILE=2048 BUFFER_SIZE=4096 OUTER_ROW_NUM=2 OUTER_COL_NUM=2 OUTER_VEC_BLK=2
EXECUTING: numactl --interleave=all /home/chrisarg/software-dev/Bit/scripts/../build/openmp_bit_nogpu 65536 1024 1024 20
COMPILING: make -C /home/chrisarg/software-dev/Bit/scripts/.. -f Makefile -B build/openmp_bit_nogpu GPU=NONE LIBPOPCNT=0 CPU_TILE=32 BITVECTOR_TILE=2048 BUFFER_SIZE=128 OUTER_ROW_NUM=6 OUTER_COL_NUM=2 OUTER_VEC_BLK=4
EXECUTING: numactl --interleave=all /home/chrisarg/software-dev/Bit/scripts/../build/openmp_bit_nogpu 65536 1024 1024 20
COMPILING: make -C /home/chrisarg/software-dev/Bit/scripts/.. -f Makefile -B build/openmp_bit_nogpu GPU=NONE LIBPOPCNT=0 CPU_TILE=64 BITVECTOR_TILE=2048 BUFFER_SIZE=1024 OUTER_ROW_NUM=1 OUTER_COL_NUM=1 OUTER_VEC_BLK=6
EXECUTING: numactl --interleave=all /home/chrisarg/software-dev/Bit/scripts/../build/openmp_bit_nogpu 262144 1024 1024 20
COMPILING: make -C /home/chrisarg/software-dev/Bit/scripts/.. -f Makefile -B build/openmp_bit_nogpu GPU=NONE LIBPOPCNT=0 CPU_TILE=16 BITVECTOR_TILE=2048 BUFFER_SIZE=128 OUTER_ROW_NUM=6 OUTER_COL_NUM=2 OUTER_VEC_BLK=4
EXECUTING: numactl --interleave=all /home/chrisarg/software-dev/Bit/scripts/../build/openmp_bit_nogpu 65536 1024 1024 20
COMPILING: make -C /home/chrisarg/software-dev/Bit/scripts/.. -f Makefile -B build/openmp_bit_nogpu GPU=NONE LIBPOPCNT=1 CPU_TILE=32 BITVECTOR_TILE=512 BUFFER_SIZE=4096 OUTER_ROW_NUM=4 OUTER_COL_NUM=2 OUTER_VEC_BLK=4
EXECUTING: numactl --interleave=all /home/chrisarg/software-dev/Bit/scripts/../build/openmp_bit_nogpu 262144 1024 1024 20
COMPILING: make -C /home/chrisarg/software-dev/Bit/scripts/.. -f Makefile -B build/openmp_bit_nogpu GPU=NONE LIBPOPCNT=0 CPU_TILE=32 BITVECTOR_TILE=2048 BUFFER_SIZE=256 OUTER_ROW_NUM=1 OUTER_COL_NUM=3 OUTER_VEC_BLK=3
EXECUTING: numactl --interleave=all /home/chrisarg/software-dev/Bit/scripts/../build/openmp_bit_nogpu 65536 1024 1024 20
COMPILING: make -C /home/chrisarg/software-dev/Bit/scripts/.. -f Makefile -B build/openmp_bit_nogpu GPU=NONE LIBPOPCNT=0 CPU_TILE=32 BITVECTOR_TILE=512 BUFFER_SIZE=1024 OUTER_ROW_NUM=4 OUTER_COL_NUM=6 OUTER_VEC_BLK=6
EXECUTING: numactl --interleave=all /home/chrisarg/software-dev/Bit/scripts/../build/openmp_bit_nogpu 262144 1024 1024 20
COMPILING: make -C /home/chrisarg/software-dev/Bit/scripts/.. -f Makefile -B build/openmp_bit_nogpu GPU=NONE LIBPOPCNT=0 CPU_TILE=16 BITVECTOR_TILE=512 BUFFER_SIZE=512 OUTER_ROW_NUM=1 OUTER_COL_NUM=4 OUTER_VEC_BLK=3
EXECUTING: numactl --interleave=all /home/chrisarg/software-dev/Bit/scripts/../build/openmp_bit_nogpu 262144 1024 1024 20
COMPILING: make -C /home/chrisarg/software-dev/Bit/scripts/.. -f Makefile -B build/openmp_bit_nogpu GPU=NONE LIBPOPCNT=1 CPU_TILE=32 BITVECTOR_TILE=512 BUFFER_SIZE=4096 OUTER_ROW_NUM=2 OUTER_COL_NUM=5 OUTER_VEC_BLK=8
EXECUTING: numactl --interleave=all /home/chrisarg/software-dev/Bit/scripts/../build/openmp_bit_nogpu 65536 1024 1024 20
COMPILING: make -C /home/chrisarg/software-dev/Bit/scripts/.. -f Makefile -B build/openmp_bit_nogpu GPU=NONE LIBPOPCNT=1 CPU_TILE=32 BITVECTOR_TILE=2048 BUFFER_SIZE=512 OUTER_ROW_NUM=2 OUTER_COL_NUM=2 OUTER_VEC_BLK=2
EXECUTING: numactl --interleave=all /home/chrisarg/software-dev/Bit/scripts/../build/openmp_bit_nogpu 262144 1024 1024 20
COMPILING: make -C /home/chrisarg/software-dev/Bit/scripts/.. -f Makefile -B build/openmp_bit_nogpu GPU=NONE LIBPOPCNT=1 CPU_TILE=32 BITVECTOR_TILE=2048 BUFFER_SIZE=128 OUTER_ROW_NUM=3 OUTER_COL_NUM=5 OUTER_VEC_BLK=6
EXECUTING: numactl --interleave=all /home/chrisarg/software-dev/Bit/scripts/../build/openmp_bit_nogpu 262144 1024 1024 20
COMPILING: make -C /home/chrisarg/software-dev/Bit/scripts/.. -f Makefile -B build/openmp_bit_nogpu GPU=NONE LIBPOPCNT=1 CPU_TILE=16 BITVECTOR_TILE=512 BUFFER_SIZE=4096 OUTER_ROW_NUM=5 OUTER_COL_NUM=2 OUTER_VEC_BLK=4
EXECUTING: numactl --interleave=all /home/chrisarg/software-dev/Bit/scripts/../build/openmp_bit_nogpu 65536 1024 1024 20
COMPILING: make -C /home/chrisarg/software-dev/Bit/scripts/.. -f Makefile -B build/openmp_bit_nogpu GPU=NONE LIBPOPCNT=0 CPU_TILE=64 BITVECTOR_TILE=2048 BUFFER_SIZE=512 OUTER_ROW_NUM=6 OUTER_COL_NUM=3 OUTER_VEC_BLK=6
EXECUTING: numactl --interleave=all /home/chrisarg/software-dev/Bit/scripts/../build/openmp_bit_nogpu 262144 1024 1024 20
COMPILING: make -C /home/chrisarg/software-dev/Bit/scripts/.. -f Makefile -B build/openmp_bit_nogpu GPU=NONE LIBPOPCNT=0 CPU_TILE=16 BITVECTOR_TILE=2048 BUFFER_SIZE=512 OUTER_ROW_NUM=4 OUTER_COL_NUM=5 OUTER_VEC_BLK=2
EXECUTING: numactl --interleave=all /home/chrisarg/software-dev/Bit/scripts/../build/openmp_bit_nogpu 262144 1024 1024 20
COMPILING: make -C /home/chrisarg/software-dev/Bit/scripts/.. -f Makefile -B build/openmp_bit_nogpu GPU=NONE LIBPOPCNT=0 CPU_TILE=16 BITVECTOR_TILE=512 BUFFER_SIZE=4096 OUTER_ROW_NUM=4 OUTER_COL_NUM=3 OUTER_VEC_BLK=1
EXECUTING: numactl --interleave=all /home/chrisarg/software-dev/Bit/scripts/../build/openmp_bit_nogpu 262144 1024 1024 20
COMPILING: make -C /home/chrisarg/software-dev/Bit/scripts/.. -f Makefile -B build/openmp_bit_nogpu GPU=NONE LIBPOPCNT=1 CPU_TILE=16 BITVECTOR_TILE=2048 BUFFER_SIZE=4096 OUTER_ROW_NUM=3 OUTER_COL_NUM=3 OUTER_VEC_BLK=6
EXECUTING: numactl --interleave=all /home/chrisarg/software-dev/Bit/scripts/../build/openmp_bit_nogpu 65536 1024 1024 20
COMPILING: make -C /home/chrisarg/software-dev/Bit/scripts/.. -f Makefile -B build/openmp_bit_nogpu GPU=NONE LIBPOPCNT=0 CPU_TILE=16 BITVECTOR_TILE=512 BUFFER_SIZE=4096 OUTER_ROW_NUM=2 OUTER_COL_NUM=6 OUTER_VEC_BLK=8
EXECUTING: numactl --interleave=all /home/chrisarg/software-dev/Bit/scripts/../build/openmp_bit_nogpu 262144 1024 1024 20
COMPILING: make -C /home/chrisarg/software-dev/Bit/scripts/.. -f Makefile -B build/openmp_bit_nogpu GPU=NONE LIBPOPCNT=0 CPU_TILE=32 BITVECTOR_TILE=1024 BUFFER_SIZE=256 OUTER_ROW_NUM=6 OUTER_COL_NUM=6 OUTER_VEC_BLK=3
EXECUTING: numactl --interleave=all /home/chrisarg/software-dev/Bit/scripts/../build/openmp_bit_nogpu 262144 1024 1024 20
COMPILING: make -C /home/chrisarg/software-dev/Bit/scripts/.. -f Makefile -B build/openmp_bit_nogpu GPU=NONE LIBPOPCNT=1 CPU_TILE=64 BITVECTOR_TILE=2048 BUFFER_SIZE=1024 OUTER_ROW_NUM=1 OUTER_COL_NUM=3 OUTER_VEC_BLK=4
EXECUTING: numactl --interleave=all /home/chrisarg/software-dev/Bit/scripts/../build/openmp_bit_nogpu 65536 1024 1024 20
COMPILING: make -C /home/chrisarg/software-dev/Bit/scripts/.. -f Makefile -B build/openmp_bit_nogpu GPU=NONE LIBPOPCNT=0 CPU_TILE=16 BITVECTOR_TILE=1024 BUFFER_SIZE=512 OUTER_ROW_NUM=2 OUTER_COL_NUM=2 OUTER_VEC_BLK=4
EXECUTING: numactl --interleave=all /home/chrisarg/software-dev/Bit/scripts/../build/openmp_bit_nogpu 262144 1024 1024 20
COMPILING: make -C /home/chrisarg/software-dev/Bit/scripts/.. -f Makefile -B build/openmp_bit_nogpu GPU=NONE LIBPOPCNT=1 CPU_TILE=16 BITVECTOR_TILE=2048 BUFFER_SIZE=256 OUTER_ROW_NUM=4 OUTER_COL_NUM=2 OUTER_VEC_BLK=8
EXECUTING: numactl --interleave=all /home/chrisarg/software-dev/Bit/scripts/../build/openmp_bit_nogpu 262144 1024 1024 20
COMPILING: make -C /home/chrisarg/software-dev/Bit/scripts/.. -f Makefile -B build/openmp_bit_nogpu GPU=NONE LIBPOPCNT=1 CPU_TILE=32 BITVECTOR_TILE=512 BUFFER_SIZE=4096 OUTER_ROW_NUM=6 OUTER_COL_NUM=3 OUTER_VEC_BLK=2
EXECUTING: numactl --interleave=all /home/chrisarg/software-dev/Bit/scripts/../build/openmp_bit_nogpu 262144 1024 1024 20
COMPILING: make -C /home/chrisarg/software-dev/Bit/scripts/.. -f Makefile -B build/openmp_bit_nogpu GPU=NONE LIBPOPCNT=0 CPU_TILE=32 BITVECTOR_TILE=2048 BUFFER_SIZE=1024 OUTER_ROW_NUM=2 OUTER_COL_NUM=5 OUTER_VEC_BLK=4
EXECUTING: numactl --interleave=all /home/chrisarg/software-dev/Bit/scripts/../build/openmp_bit_nogpu 262144 1024 1024 20
COMPILING: make -C /home/chrisarg/software-dev/Bit/scripts/.. -f Makefile -B build/openmp_bit_nogpu GPU=NONE LIBPOPCNT=1 CPU_TILE=64 BITVECTOR_TILE=512 BUFFER_SIZE=128 OUTER_ROW_NUM=3 OUTER_COL_NUM=3 OUTER_VEC_BLK=2
EXECUTING: numactl --interleave=all /home/chrisarg/software-dev/Bit/scripts/../build/openmp_bit_nogpu 65536 1024 1024 20
COMPILING: make -C /home/chrisarg/software-dev/Bit/scripts/.. -f Makefile -B build/openmp_bit_nogpu GPU=NONE LIBPOPCNT=1 CPU_TILE=32 BITVECTOR_TILE=512 BUFFER_SIZE=1024 OUTER_ROW_NUM=1 OUTER_COL_NUM=5 OUTER_VEC_BLK=8
EXECUTING: numactl --interleave=all /home/chrisarg/software-dev/Bit/scripts/../build/openmp_bit_nogpu 65536 1024 1024 20
COMPILING: make -C /home/chrisarg/software-dev/Bit/scripts/.. -f Makefile -B build/openmp_bit_nogpu GPU=NONE LIBPOPCNT=1 CPU_TILE=16 BITVECTOR_TILE=512 BUFFER_SIZE=512 OUTER_ROW_NUM=1 OUTER_COL_NUM=4 OUTER_VEC_BLK=4
EXECUTING: numactl --interleave=all /home/chrisarg/software-dev/Bit/scripts/../build/openmp_bit_nogpu 65536 1024 1024 20
COMPILING: make -C /home/chrisarg/software-dev/Bit/scripts/.. -f Makefile -B build/openmp_bit_nogpu GPU=NONE LIBPOPCNT=0 CPU_TILE=64 BITVECTOR_TILE=1024 BUFFER_SIZE=1024 OUTER_ROW_NUM=4 OUTER_COL_NUM=6 OUTER_VEC_BLK=1
EXECUTING: numactl --interleave=all /home/chrisarg/software-dev/Bit/scripts/../build/openmp_bit_nogpu 65536 1024 1024 20
COMPILING: make -C /home/chrisarg/software-dev/Bit/scripts/.. -f Makefile -B build/openmp_bit_nogpu GPU=NONE LIBPOPCNT=0 CPU_TILE=32 BITVECTOR_TILE=1024 BUFFER_SIZE=1024 OUTER_ROW_NUM=6 OUTER_COL_NUM=3 OUTER_VEC_BLK=2
EXECUTING: numactl --interleave=all /home/chrisarg/software-dev/Bit/scripts/../build/openmp_bit_nogpu 262144 1024 1024 20
COMPILING: make -C /home/chrisarg/software-dev/Bit/scripts/.. -f Makefile -B build/openmp_bit_nogpu GPU=NONE LIBPOPCNT=0 CPU_TILE=16 BITVECTOR_TILE=1024 BUFFER_SIZE=512 OUTER_ROW_NUM=6 OUTER_COL_NUM=5 OUTER_VEC_BLK=4
EXECUTING: numactl --interleave=all /home/chrisarg/software-dev/Bit/scripts/../build/openmp_bit_nogpu 262144 1024 1024 20
COMPILING: make -C /home/chrisarg/software-dev/Bit/scripts/.. -f Makefile -B build/openmp_bit_nogpu GPU=NONE LIBPOPCNT=1 CPU_TILE=64 BITVECTOR_TILE=1024 BUFFER_SIZE=256 OUTER_ROW_NUM=4 OUTER_COL_NUM=5 OUTER_VEC_BLK=8
EXECUTING: numactl --interleave=all /home/chrisarg/software-dev/Bit/scripts/../build/openmp_bit_nogpu 262144 1024 1024 20
COMPILING: make -C /home/chrisarg/software-dev/Bit/scripts/.. -f Makefile -B build/openmp_bit_nogpu GPU=NONE LIBPOPCNT=1 CPU_TILE=16 BITVECTOR_TILE=1024 BUFFER_SIZE=1024 OUTER_ROW_NUM=3 OUTER_COL_NUM=3 OUTER_VEC_BLK=2
EXECUTING: numactl --interleave=all /home/chrisarg/software-dev/Bit/scripts/../build/openmp_bit_nogpu 262144 1024 1024 20
COMPILING: make -C /home/chrisarg/software-dev/Bit/scripts/.. -f Makefile -B build/openmp_bit_nogpu GPU=NONE LIBPOPCNT=0 CPU_TILE=16 BITVECTOR_TILE=1024 BUFFER_SIZE=128 OUTER_ROW_NUM=2 OUTER_COL_NUM=1 OUTER_VEC_BLK=8
EXECUTING: numactl --interleave=all /home/chrisarg/software-dev/Bit/scripts/../build/openmp_bit_nogpu 262144 1024 1024 20
COMPILING: make -C /home/chrisarg/software-dev/Bit/scripts/.. -f Makefile -B build/openmp_bit_nogpu GPU=NONE LIBPOPCNT=0 CPU_TILE=32 BITVECTOR_TILE=1024 BUFFER_SIZE=512 OUTER_ROW_NUM=4 OUTER_COL_NUM=4 OUTER_VEC_BLK=3
EXECUTING: numactl --interleave=all /home/chrisarg/software-dev/Bit/scripts/../build/openmp_bit_nogpu 65536 1024 1024 20
COMPILING: make -C /home/chrisarg/software-dev/Bit/scripts/.. -f Makefile -B build/openmp_bit_nogpu GPU=NONE LIBPOPCNT=0 CPU_TILE=16 BITVECTOR_TILE=2048 BUFFER_SIZE=4096 OUTER_ROW_NUM=3 OUTER_COL_NUM=5 OUTER_VEC_BLK=1
EXECUTING: numactl --interleave=all /home/chrisarg/software-dev/Bit/scripts/../build/openmp_bit_nogpu 65536 1024 1024 20
COMPILING: make -C /home/chrisarg/software-dev/Bit/scripts/.. -f Makefile -B build/openmp_bit_nogpu GPU=NONE LIBPOPCNT=1 CPU_TILE=32 BITVECTOR_TILE=2048 BUFFER_SIZE=1024 OUTER_ROW_NUM=3 OUTER_COL_NUM=2 OUTER_VEC_BLK=4
EXECUTING: numactl --interleave=all /home/chrisarg/software-dev/Bit/scripts/../build/openmp_bit_nogpu 65536 1024 1024 20
COMPILING: make -C /home/chrisarg/software-dev/Bit/scripts/.. -f Makefile -B build/openmp_bit_nogpu GPU=NONE LIBPOPCNT=1 CPU_TILE=32 BITVECTOR_TILE=1024 BUFFER_SIZE=512 OUTER_ROW_NUM=4 OUTER_COL_NUM=3 OUTER_VEC_BLK=2
EXECUTING: numactl --interleave=all /home/chrisarg/software-dev/Bit/scripts/../build/openmp_bit_nogpu 65536 1024 1024 20
COMPILING: make -C /home/chrisarg/software-dev/Bit/scripts/.. -f Makefile -B build/openmp_bit_nogpu GPU=NONE LIBPOPCNT=0 CPU_TILE=64 BITVECTOR_TILE=2048 BUFFER_SIZE=1024 OUTER_ROW_NUM=5 OUTER_COL_NUM=3 OUTER_VEC_BLK=3
EXECUTING: numactl --interleave=all /home/chrisarg/software-dev/Bit/scripts/../build/openmp_bit_nogpu 65536 1024 1024 20
COMPILING: make -C /home/chrisarg/software-dev/Bit/scripts/.. -f Makefile -B build/openmp_bit_nogpu GPU=NONE LIBPOPCNT=1 CPU_TILE=16 BITVECTOR_TILE=512 BUFFER_SIZE=256 OUTER_ROW_NUM=2 OUTER_COL_NUM=4 OUTER_VEC_BLK=4
EXECUTING: numactl --interleave=all /home/chrisarg/software-dev/Bit/scripts/../build/openmp_bit_nogpu 262144 1024 1024 20
COMPILING: make -C /home/chrisarg/software-dev/Bit/scripts/.. -f Makefile -B build/openmp_bit_nogpu GPU=NONE LIBPOPCNT=1 CPU_TILE=16 BITVECTOR_TILE=2048 BUFFER_SIZE=1024 OUTER_ROW_NUM=4 OUTER_COL_NUM=5 OUTER_VEC_BLK=3
EXECUTING: numactl --interleave=all /home/chrisarg/software-dev/Bit/scripts/../build/openmp_bit_nogpu 262144 1024 1024 20
COMPILING: make -C /home/chrisarg/software-dev/Bit/scripts/.. -f Makefile -B build/openmp_bit_nogpu GPU=NONE LIBPOPCNT=1 CPU_TILE=32 BITVECTOR_TILE=2048 BUFFER_SIZE=512 OUTER_ROW_NUM=1 OUTER_COL_NUM=6 OUTER_VEC_BLK=2
EXECUTING: numactl --interleave=all /home/chrisarg/software-dev/Bit/scripts/../build/openmp_bit_nogpu 65536 1024 1024 20
COMPILING: make -C /home/chrisarg/software-dev/Bit/scripts/.. -f Makefile -B build/openmp_bit_nogpu GPU=NONE LIBPOPCNT=0 CPU_TILE=16 BITVECTOR_TILE=1024 BUFFER_SIZE=1024 OUTER_ROW_NUM=3 OUTER_COL_NUM=1 OUTER_VEC_BLK=4
EXECUTING: numactl --interleave=all /home/chrisarg/software-dev/Bit/scripts/../build/openmp_bit_nogpu 262144 1024 1024 20
COMPILING: make -C /home/chrisarg/software-dev/Bit/scripts/.. -f Makefile -B build/openmp_bit_nogpu GPU=NONE LIBPOPCNT=0 CPU_TILE=64 BITVECTOR_TILE=2048 BUFFER_SIZE=128 OUTER_ROW_NUM=1 OUTER_COL_NUM=2 OUTER_VEC_BLK=1
EXECUTING: numactl --interleave=all /home/chrisarg/software-dev/Bit/scripts/../build/openmp_bit_nogpu 65536 1024 1024 20
COMPILING: make -C /home/chrisarg/software-dev/Bit/scripts/.. -f Makefile -B build/openmp_bit_nogpu GPU=NONE LIBPOPCNT=0 CPU_TILE=32 BITVECTOR_TILE=1024 BUFFER_SIZE=4096 OUTER_ROW_NUM=6 OUTER_COL_NUM=1 OUTER_VEC_BLK=6
EXECUTING: numactl --interleave=all /home/chrisarg/software-dev/Bit/scripts/../build/openmp_bit_nogpu 65536 1024 1024 20
COMPILING: make -C /home/chrisarg/software-dev/Bit/scripts/.. -f Makefile -B build/openmp_bit_nogpu GPU=NONE LIBPOPCNT=0 CPU_TILE=64 BITVECTOR_TILE=2048 BUFFER_SIZE=128 OUTER_ROW_NUM=3 OUTER_COL_NUM=4 OUTER_VEC_BLK=3
EXECUTING: numactl --interleave=all /home/chrisarg/software-dev/Bit/scripts/../build/openmp_bit_nogpu 65536 1024 1024 20
COMPILING: make -C /home/chrisarg/software-dev/Bit/scripts/.. -f Makefile -B build/openmp_bit_nogpu GPU=NONE LIBPOPCNT=0 CPU_TILE=64 BITVECTOR_TILE=512 BUFFER_SIZE=512 OUTER_ROW_NUM=5 OUTER_COL_NUM=4 OUTER_VEC_BLK=4
EXECUTING: numactl --interleave=all /home/chrisarg/software-dev/Bit/scripts/../build/openmp_bit_nogpu 262144 1024 1024 20
COMPILING: make -C /home/chrisarg/software-dev/Bit/scripts/.. -f Makefile -B build/openmp_bit_nogpu GPU=NONE LIBPOPCNT=1 CPU_TILE=32 BITVECTOR_TILE=1024 BUFFER_SIZE=256 OUTER_ROW_NUM=1 OUTER_COL_NUM=5 OUTER_VEC_BLK=8
EXECUTING: numactl --interleave=all /home/chrisarg/software-dev/Bit/scripts/../build/openmp_bit_nogpu 262144 1024 1024 20
COMPILING: make -C /home/chrisarg/software-dev/Bit/scripts/.. -f Makefile -B build/openmp_bit_nogpu GPU=NONE LIBPOPCNT=0 CPU_TILE=32 BITVECTOR_TILE=1024 BUFFER_SIZE=4096 OUTER_ROW_NUM=1 OUTER_COL_NUM=1 OUTER_VEC_BLK=6
EXECUTING: numactl --interleave=all /home/chrisarg/software-dev/Bit/scripts/../build/openmp_bit_nogpu 262144 1024 1024 20
COMPILING: make -C /home/chrisarg/software-dev/Bit/scripts/.. -f Makefile -B build/openmp_bit_nogpu GPU=NONE LIBPOPCNT=0 CPU_TILE=32 BITVECTOR_TILE=2048 BUFFER_SIZE=256 OUTER_ROW_NUM=4 OUTER_COL_NUM=4 OUTER_VEC_BLK=6
EXECUTING: numactl --interleave=all /home/chrisarg/software-dev/Bit/scripts/../build/openmp_bit_nogpu 262144 1024 1024 20
COMPILING: make -C /home/chrisarg/software-dev/Bit/scripts/.. -f Makefile -B build/openmp_bit_nogpu GPU=NONE LIBPOPCNT=1 CPU_TILE=16 BITVECTOR_TILE=512 BUFFER_SIZE=256 OUTER_ROW_NUM=4 OUTER_COL_NUM=3 OUTER_VEC_BLK=2
EXECUTING: numactl --interleave=all /home/chrisarg/software-dev/Bit/scripts/../build/openmp_bit_nogpu 262144 1024 1024 20
COMPILING: make -C /home/chrisarg/software-dev/Bit/scripts/.. -f Makefile -B build/openmp_bit_nogpu GPU=NONE LIBPOPCNT=1 CPU_TILE=32 BITVECTOR_TILE=1024 BUFFER_SIZE=4096 OUTER_ROW_NUM=3 OUTER_COL_NUM=1 OUTER_VEC_BLK=2
EXECUTING: numactl --interleave=all /home/chrisarg/software-dev/Bit/scripts/../build/openmp_bit_nogpu 262144 1024 1024 20
COMPILING: make -C /home/chrisarg/software-dev/Bit/scripts/.. -f Makefile -B build/openmp_bit_nogpu GPU=NONE LIBPOPCNT=1 CPU_TILE=16 BITVECTOR_TILE=512 BUFFER_SIZE=1024 OUTER_ROW_NUM=5 OUTER_COL_NUM=3 OUTER_VEC_BLK=6
EXECUTING: numactl --interleave=all /home/chrisarg/software-dev/Bit/scripts/../build/openmp_bit_nogpu 262144 1024 1024 20
COMPILING: make -C /home/chrisarg/software-dev/Bit/scripts/.. -f Makefile -B build/openmp_bit_nogpu GPU=NONE LIBPOPCNT=1 CPU_TILE=16 BITVECTOR_TILE=1024 BUFFER_SIZE=512 OUTER_ROW_NUM=2 OUTER_COL_NUM=4 OUTER_VEC_BLK=1
EXECUTING: numactl --interleave=all /home/chrisarg/software-dev/Bit/scripts/../build/openmp_bit_nogpu 262144 1024 1024 20
COMPILING: make -C /home/chrisarg/software-dev/Bit/scripts/.. -f Makefile -B build/openmp_bit_nogpu GPU=NONE LIBPOPCNT=0 CPU_TILE=32 BITVECTOR_TILE=1024 BUFFER_SIZE=128 OUTER_ROW_NUM=5 OUTER_COL_NUM=5 OUTER_VEC_BLK=8
EXECUTING: numactl --interleave=all /home/chrisarg/software-dev/Bit/scripts/../build/openmp_bit_nogpu 65536 1024 1024 20
COMPILING: make -C /home/chrisarg/software-dev/Bit/scripts/.. -f Makefile -B build/openmp_bit_nogpu GPU=NONE LIBPOPCNT=1 CPU_TILE=32 BITVECTOR_TILE=512 BUFFER_SIZE=256 OUTER_ROW_NUM=1 OUTER_COL_NUM=6 OUTER_VEC_BLK=3
EXECUTING: numactl --interleave=all /home/chrisarg/software-dev/Bit/scripts/../build/openmp_bit_nogpu 65536 1024 1024 20
COMPILING: make -C /home/chrisarg/software-dev/Bit/scripts/.. -f Makefile -B build/openmp_bit_nogpu GPU=NONE LIBPOPCNT=0 CPU_TILE=16 BITVECTOR_TILE=1024 BUFFER_SIZE=1024 OUTER_ROW_NUM=2 OUTER_COL_NUM=4 OUTER_VEC_BLK=4
EXECUTING: numactl --interleave=all /home/chrisarg/software-dev/Bit/scripts/../build/openmp_bit_nogpu 262144 1024 1024 20
COMPILING: make -C /home/chrisarg/software-dev/Bit/scripts/.. -f Makefile -B build/openmp_bit_nogpu GPU=NONE LIBPOPCNT=0 CPU_TILE=16 BITVECTOR_TILE=512 BUFFER_SIZE=512 OUTER_ROW_NUM=2 OUTER_COL_NUM=3 OUTER_VEC_BLK=2
EXECUTING: numactl --interleave=all /home/chrisarg/software-dev/Bit/scripts/../build/openmp_bit_nogpu 65536 1024 1024 20
COMPILING: make -C /home/chrisarg/software-dev/Bit/scripts/.. -f Makefile -B build/openmp_bit_nogpu GPU=NONE LIBPOPCNT=1 CPU_TILE=64 BITVECTOR_TILE=1024 BUFFER_SIZE=1024 OUTER_ROW_NUM=2 OUTER_COL_NUM=1 OUTER_VEC_BLK=3
EXECUTING: numactl --interleave=all /home/chrisarg/software-dev/Bit/scripts/../build/openmp_bit_nogpu 262144 1024 1024 20
COMPILING: make -C /home/chrisarg/software-dev/Bit/scripts/.. -f Makefile -B build/openmp_bit_nogpu GPU=NONE LIBPOPCNT=1 CPU_TILE=32 BITVECTOR_TILE=1024 BUFFER_SIZE=256 OUTER_ROW_NUM=4 OUTER_COL_NUM=2 OUTER_VEC_BLK=6
EXECUTING: numactl --interleave=all /home/chrisarg/software-dev/Bit/scripts/../build/openmp_bit_nogpu 262144 1024 1024 20
COMPILING: make -C /home/chrisarg/software-dev/Bit/scripts/.. -f Makefile -B build/openmp_bit_nogpu GPU=NONE LIBPOPCNT=0 CPU_TILE=64 BITVECTOR_TILE=512 BUFFER_SIZE=4096 OUTER_ROW_NUM=5 OUTER_COL_NUM=3 OUTER_VEC_BLK=6
EXECUTING: numactl --interleave=all /home/chrisarg/software-dev/Bit/scripts/../build/openmp_bit_nogpu 262144 1024 1024 20
COMPILING: make -C /home/chrisarg/software-dev/Bit/scripts/.. -f Makefile -B build/openmp_bit_nogpu GPU=NONE LIBPOPCNT=1 CPU_TILE=32 BITVECTOR_TILE=512 BUFFER_SIZE=512 OUTER_ROW_NUM=2 OUTER_COL_NUM=1 OUTER_VEC_BLK=2
EXECUTING: numactl --interleave=all /home/chrisarg/software-dev/Bit/scripts/../build/openmp_bit_nogpu 262144 1024 1024 20
COMPILING: make -C /home/chrisarg/software-dev/Bit/scripts/.. -f Makefile -B build/openmp_bit_nogpu GPU=NONE LIBPOPCNT=1 CPU_TILE=64 BITVECTOR_TILE=512 BUFFER_SIZE=512 OUTER_ROW_NUM=2 OUTER_COL_NUM=5 OUTER_VEC_BLK=3
EXECUTING: numactl --interleave=all /home/chrisarg/software-dev/Bit/scripts/../build/openmp_bit_nogpu 65536 1024 1024 20
COMPILING: make -C /home/chrisarg/software-dev/Bit/scripts/.. -f Makefile -B build/openmp_bit_nogpu GPU=NONE LIBPOPCNT=1 CPU_TILE=32 BITVECTOR_TILE=1024 BUFFER_SIZE=1024 OUTER_ROW_NUM=6 OUTER_COL_NUM=2 OUTER_VEC_BLK=2
EXECUTING: numactl --interleave=all /home/chrisarg/software-dev/Bit/scripts/../build/openmp_bit_nogpu 262144 1024 1024 20
COMPILING: make -C /home/chrisarg/software-dev/Bit/scripts/.. -f Makefile -B build/openmp_bit_nogpu GPU=NONE LIBPOPCNT=1 CPU_TILE=16 BITVECTOR_TILE=1024 BUFFER_SIZE=256 OUTER_ROW_NUM=3 OUTER_COL_NUM=6 OUTER_VEC_BLK=4
EXECUTING: numactl --interleave=all /home/chrisarg/software-dev/Bit/scripts/../build/openmp_bit_nogpu 262144 1024 1024 20
COMPILING: make -C /home/chrisarg/software-dev/Bit/scripts/.. -f Makefile -B build/openmp_bit_nogpu GPU=NONE LIBPOPCNT=0 CPU_TILE=32 BITVECTOR_TILE=1024 BUFFER_SIZE=1024 OUTER_ROW_NUM=1 OUTER_COL_NUM=6 OUTER_VEC_BLK=8
EXECUTING: numactl --interleave=all /home/chrisarg/software-dev/Bit/scripts/../build/openmp_bit_nogpu 262144 1024 1024 20
COMPILING: make -C /home/chrisarg/software-dev/Bit/scripts/.. -f Makefile -B build/openmp_bit_nogpu GPU=NONE LIBPOPCNT=0 CPU_TILE=32 BITVECTOR_TILE=1024 BUFFER_SIZE=128 OUTER_ROW_NUM=3 OUTER_COL_NUM=3 OUTER_VEC_BLK=1
EXECUTING: numactl --interleave=all /home/chrisarg/software-dev/Bit/scripts/../build/openmp_bit_nogpu 65536 1024 1024 20
COMPILING: make -C /home/chrisarg/software-dev/Bit/scripts/.. -f Makefile -B build/openmp_bit_nogpu GPU=NONE LIBPOPCNT=1 CPU_TILE=64 BITVECTOR_TILE=512 BUFFER_SIZE=1024 OUTER_ROW_NUM=3 OUTER_COL_NUM=1 OUTER_VEC_BLK=8
EXECUTING: numactl --interleave=all /home/chrisarg/software-dev/Bit/scripts/../build/openmp_bit_nogpu 262144 1024 1024 20
COMPILING: make -C /home/chrisarg/software-dev/Bit/scripts/.. -f Makefile -B build/openmp_bit_nogpu GPU=NONE LIBPOPCNT=1 CPU_TILE=32 BITVECTOR_TILE=1024 BUFFER_SIZE=512 OUTER_ROW_NUM=6 OUTER_COL_NUM=5 OUTER_VEC_BLK=1
EXECUTING: numactl --interleave=all /home/chrisarg/software-dev/Bit/scripts/../build/openmp_bit_nogpu 262144 1024 1024 20
COMPILING: make -C /home/chrisarg/software-dev/Bit/scripts/.. -f Makefile -B build/openmp_bit_nogpu GPU=NONE LIBPOPCNT=0 CPU_TILE=16 BITVECTOR_TILE=2048 BUFFER_SIZE=128 OUTER_ROW_NUM=5 OUTER_COL_NUM=5 OUTER_VEC_BLK=1
EXECUTING: numactl --interleave=all /home/chrisarg/software-dev/Bit/scripts/../build/openmp_bit_nogpu 262144 1024 1024 20
COMPILING: make -C /home/chrisarg/software-dev/Bit/scripts/.. -f Makefile -B build/openmp_bit_nogpu GPU=NONE LIBPOPCNT=0 CPU_TILE=64 BITVECTOR_TILE=1024 BUFFER_SIZE=4096 OUTER_ROW_NUM=4 OUTER_COL_NUM=4 OUTER_VEC_BLK=3
EXECUTING: numactl --interleave=all /home/chrisarg/software-dev/Bit/scripts/../build/openmp_bit_nogpu 65536 1024 1024 20
COMPILING: make -C /home/chrisarg/software-dev/Bit/scripts/.. -f Makefile -B build/openmp_bit_nogpu GPU=NONE LIBPOPCNT=1 CPU_TILE=32 BITVECTOR_TILE=512 BUFFER_SIZE=128 OUTER_ROW_NUM=2 OUTER_COL_NUM=4 OUTER_VEC_BLK=1
EXECUTING: numactl --interleave=all /home/chrisarg/software-dev/Bit/scripts/../build/openmp_bit_nogpu 65536 1024 1024 20
COMPILING: make -C /home/chrisarg/software-dev/Bit/scripts/.. -f Makefile -B build/openmp_bit_nogpu GPU=NONE LIBPOPCNT=1 CPU_TILE=32 BITVECTOR_TILE=2048 BUFFER_SIZE=128 OUTER_ROW_NUM=2 OUTER_COL_NUM=3 OUTER_VEC_BLK=8
EXECUTING: numactl --interleave=all /home/chrisarg/software-dev/Bit/scripts/../build/openmp_bit_nogpu 65536 1024 1024 20
COMPILING: make -C /home/chrisarg/software-dev/Bit/scripts/.. -f Makefile -B build/openmp_bit_nogpu GPU=NONE LIBPOPCNT=0 CPU_TILE=16 BITVECTOR_TILE=2048 BUFFER_SIZE=128 OUTER_ROW_NUM=5 OUTER_COL_NUM=2 OUTER_VEC_BLK=1
EXECUTING: numactl --interleave=all /home/chrisarg/software-dev/Bit/scripts/../build/openmp_bit_nogpu 262144 1024 1024 20
COMPILING: make -C /home/chrisarg/software-dev/Bit/scripts/.. -f Makefile -B build/openmp_bit_nogpu GPU=NONE LIBPOPCNT=1 CPU_TILE=64 BITVECTOR_TILE=2048 BUFFER_SIZE=1024 OUTER_ROW_NUM=2 OUTER_COL_NUM=3 OUTER_VEC_BLK=8
EXECUTING: numactl --interleave=all /home/chrisarg/software-dev/Bit/scripts/../build/openmp_bit_nogpu 65536 1024 1024 20
COMPILING: make -C /home/chrisarg/software-dev/Bit/scripts/.. -f Makefile -B build/openmp_bit_nogpu GPU=NONE LIBPOPCNT=0 CPU_TILE=16 BITVECTOR_TILE=512 BUFFER_SIZE=1024 OUTER_ROW_NUM=4 OUTER_COL_NUM=3 OUTER_VEC_BLK=3
EXECUTING: numactl --interleave=all /home/chrisarg/software-dev/Bit/scripts/../build/openmp_bit_nogpu 262144 1024 1024 20
COMPILING: make -C /home/chrisarg/software-dev/Bit/scripts/.. -f Makefile -B build/openmp_bit_nogpu GPU=NONE LIBPOPCNT=0 CPU_TILE=16 BITVECTOR_TILE=2048 BUFFER_SIZE=4096 OUTER_ROW_NUM=4 OUTER_COL_NUM=2 OUTER_VEC_BLK=4
EXECUTING: numactl --interleave=all /home/chrisarg/software-dev/Bit/scripts/../build/openmp_bit_nogpu 262144 1024 1024 20
COMPILING: make -C /home/chrisarg/software-dev/Bit/scripts/.. -f Makefile -B build/openmp_bit_nogpu GPU=NONE LIBPOPCNT=1 CPU_TILE=64 BITVECTOR_TILE=512 BUFFER_SIZE=128 OUTER_ROW_NUM=6 OUTER_COL_NUM=5 OUTER_VEC_BLK=4
EXECUTING: numactl --interleave=all /home/chrisarg/software-dev/Bit/scripts/../build/openmp_bit_nogpu 65536 1024 1024 20
COMPILING: make -C /home/chrisarg/software-dev/Bit/scripts/.. -f Makefile -B build/openmp_bit_nogpu GPU=NONE LIBPOPCNT=0 CPU_TILE=16 BITVECTOR_TILE=2048 BUFFER_SIZE=4096 OUTER_ROW_NUM=3 OUTER_COL_NUM=3 OUTER_VEC_BLK=2
EXECUTING: numactl --interleave=all /home/chrisarg/software-dev/Bit/scripts/../build/openmp_bit_nogpu 262144 1024 1024 20
COMPILING: make -C /home/chrisarg/software-dev/Bit/scripts/.. -f Makefile -B build/openmp_bit_nogpu GPU=NONE LIBPOPCNT=1 CPU_TILE=16 BITVECTOR_TILE=1024 BUFFER_SIZE=4096 OUTER_ROW_NUM=4 OUTER_COL_NUM=6 OUTER_VEC_BLK=4
EXECUTING: numactl --interleave=all /home/chrisarg/software-dev/Bit/scripts/../build/openmp_bit_nogpu 262144 1024 1024 20
COMPILING: make -C /home/chrisarg/software-dev/Bit/scripts/.. -f Makefile -B build/openmp_bit_nogpu GPU=NONE LIBPOPCNT=0 CPU_TILE=16 BITVECTOR_TILE=1024 BUFFER_SIZE=4096 OUTER_ROW_NUM=1 OUTER_COL_NUM=2 OUTER_VEC_BLK=8
EXECUTING: numactl --interleave=all /home/chrisarg/software-dev/Bit/scripts/../build/openmp_bit_nogpu 65536 1024 1024 20
COMPILING: make -C /home/chrisarg/software-dev/Bit/scripts/.. -f Makefile -B build/openmp_bit_nogpu GPU=NONE LIBPOPCNT=1 CPU_TILE=64 BITVECTOR_TILE=1024 BUFFER_SIZE=128 OUTER_ROW_NUM=1 OUTER_COL_NUM=6 OUTER_VEC_BLK=1
EXECUTING: numactl --interleave=all /home/chrisarg/software-dev/Bit/scripts/../build/openmp_bit_nogpu 262144 1024 1024 20
COMPILING: make -C /home/chrisarg/software-dev/Bit/scripts/.. -f Makefile -B build/openmp_bit_nogpu GPU=NONE LIBPOPCNT=1 CPU_TILE=64 BITVECTOR_TILE=512 BUFFER_SIZE=1024 OUTER_ROW_NUM=1 OUTER_COL_NUM=6 OUTER_VEC_BLK=1
EXECUTING: numactl --interleave=all /home/chrisarg/software-dev/Bit/scripts/../build/openmp_bit_nogpu 65536 1024 1024 20
COMPILING: make -C /home/chrisarg/software-dev/Bit/scripts/.. -f Makefile -B build/openmp_bit_nogpu GPU=NONE LIBPOPCNT=1 CPU_TILE=32 BITVECTOR_TILE=512 BUFFER_SIZE=128 OUTER_ROW_NUM=4 OUTER_COL_NUM=4 OUTER_VEC_BLK=8
EXECUTING: numactl --interleave=all /home/chrisarg/software-dev/Bit/scripts/../build/openmp_bit_nogpu 262144 1024 1024 20
COMPILING: make -C /home/chrisarg/software-dev/Bit/scripts/.. -f Makefile -B build/openmp_bit_nogpu GPU=NONE LIBPOPCNT=0 CPU_TILE=64 BITVECTOR_TILE=1024 BUFFER_SIZE=512 OUTER_ROW_NUM=1 OUTER_COL_NUM=5 OUTER_VEC_BLK=4
EXECUTING: numactl --interleave=all /home/chrisarg/software-dev/Bit/scripts/../build/openmp_bit_nogpu 262144 1024 1024 20
COMPILING: make -C /home/chrisarg/software-dev/Bit/scripts/.. -f Makefile -B build/openmp_bit_nogpu GPU=NONE LIBPOPCNT=1 CPU_TILE=64 BITVECTOR_TILE=2048 BUFFER_SIZE=512 OUTER_ROW_NUM=6 OUTER_COL_NUM=2 OUTER_VEC_BLK=4
EXECUTING: numactl --interleave=all /home/chrisarg/software-dev/Bit/scripts/../build/openmp_bit_nogpu 65536 1024 1024 20
COMPILING: make -C /home/chrisarg/software-dev/Bit/scripts/.. -f Makefile -B build/openmp_bit_nogpu GPU=NONE LIBPOPCNT=0 CPU_TILE=64 BITVECTOR_TILE=512 BUFFER_SIZE=128 OUTER_ROW_NUM=5 OUTER_COL_NUM=2 OUTER_VEC_BLK=8
EXECUTING: numactl --interleave=all /home/chrisarg/software-dev/Bit/scripts/../build/openmp_bit_nogpu 262144 1024 1024 20
COMPILING: make -C /home/chrisarg/software-dev/Bit/scripts/.. -f Makefile -B build/openmp_bit_nogpu GPU=NONE LIBPOPCNT=1 CPU_TILE=32 BITVECTOR_TILE=512 BUFFER_SIZE=4096 OUTER_ROW_NUM=1 OUTER_COL_NUM=4 OUTER_VEC_BLK=2
EXECUTING: numactl --interleave=all /home/chrisarg/software-dev/Bit/scripts/../build/openmp_bit_nogpu 65536 1024 1024 20
COMPILING: make -C /home/chrisarg/software-dev/Bit/scripts/.. -f Makefile -B build/openmp_bit_nogpu GPU=NONE LIBPOPCNT=1 CPU_TILE=16 BITVECTOR_TILE=2048 BUFFER_SIZE=4096 OUTER_ROW_NUM=1 OUTER_COL_NUM=3 OUTER_VEC_BLK=3
EXECUTING: numactl --interleave=all /home/chrisarg/software-dev/Bit/scripts/../build/openmp_bit_nogpu 65536 1024 1024 20
COMPILING: make -C /home/chrisarg/software-dev/Bit/scripts/.. -f Makefile -B build/openmp_bit_nogpu GPU=NONE LIBPOPCNT=1 CPU_TILE=64 BITVECTOR_TILE=512 BUFFER_SIZE=256 OUTER_ROW_NUM=5 OUTER_COL_NUM=6 OUTER_VEC_BLK=4
EXECUTING: numactl --interleave=all /home/chrisarg/software-dev/Bit/scripts/../build/openmp_bit_nogpu 262144 1024 1024 20
COMPILING: make -C /home/chrisarg/software-dev/Bit/scripts/.. -f Makefile -B build/openmp_bit_nogpu GPU=NONE LIBPOPCNT=1 CPU_TILE=16 BITVECTOR_TILE=1024 BUFFER_SIZE=512 OUTER_ROW_NUM=2 OUTER_COL_NUM=3 OUTER_VEC_BLK=6
EXECUTING: numactl --interleave=all /home/chrisarg/software-dev/Bit/scripts/../build/openmp_bit_nogpu 65536 1024 1024 20
COMPILING: make -C /home/chrisarg/software-dev/Bit/scripts/.. -f Makefile -B build/openmp_bit_nogpu GPU=NONE LIBPOPCNT=0 CPU_TILE=32 BITVECTOR_TILE=1024 BUFFER_SIZE=512 OUTER_ROW_NUM=3 OUTER_COL_NUM=4 OUTER_VEC_BLK=8
EXECUTING: numactl --interleave=all /home/chrisarg/software-dev/Bit/scripts/../build/openmp_bit_nogpu 262144 1024 1024 20
COMPILING: make -C /home/chrisarg/software-dev/Bit/scripts/.. -f Makefile -B build/openmp_bit_nogpu GPU=NONE LIBPOPCNT=1 CPU_TILE=64 BITVECTOR_TILE=1024 BUFFER_SIZE=4096 OUTER_ROW_NUM=3 OUTER_COL_NUM=3 OUTER_VEC_BLK=8
EXECUTING: numactl --interleave=all /home/chrisarg/software-dev/Bit/scripts/../build/openmp_bit_nogpu 65536 1024 1024 20
COMPILING: make -C /home/chrisarg/software-dev/Bit/scripts/.. -f Makefile -B build/openmp_bit_nogpu GPU=NONE LIBPOPCNT=1 CPU_TILE=16 BITVECTOR_TILE=512 BUFFER_SIZE=4096 OUTER_ROW_NUM=5 OUTER_COL_NUM=5 OUTER_VEC_BLK=6
EXECUTING: numactl --interleave=all /home/chrisarg/software-dev/Bit/scripts/../build/openmp_bit_nogpu 262144 1024 1024 20
COMPILING: make -C /home/chrisarg/software-dev/Bit/scripts/.. -f Makefile -B build/openmp_bit_nogpu GPU=NONE LIBPOPCNT=1 CPU_TILE=32 BITVECTOR_TILE=512 BUFFER_SIZE=4096 OUTER_ROW_NUM=5 OUTER_COL_NUM=6 OUTER_VEC_BLK=8
EXECUTING: numactl --interleave=all /home/chrisarg/software-dev/Bit/scripts/../build/openmp_bit_nogpu 262144 1024 1024 20
COMPILING: make -C /home/chrisarg/software-dev/Bit/scripts/.. -f Makefile -B build/openmp_bit_nogpu GPU=NONE LIBPOPCNT=0 CPU_TILE=64 BITVECTOR_TILE=2048 BUFFER_SIZE=256 OUTER_ROW_NUM=2 OUTER_COL_NUM=5 OUTER_VEC_BLK=1
EXECUTING: numactl --interleave=all /home/chrisarg/software-dev/Bit/scripts/../build/openmp_bit_nogpu 262144 1024 1024 20
COMPILING: make -C /home/chrisarg/software-dev/Bit/scripts/.. -f Makefile -B build/openmp_bit_nogpu GPU=NONE LIBPOPCNT=0 CPU_TILE=64 BITVECTOR_TILE=512 BUFFER_SIZE=1024 OUTER_ROW_NUM=6 OUTER_COL_NUM=1 OUTER_VEC_BLK=1
EXECUTING: numactl --interleave=all /home/chrisarg/software-dev/Bit/scripts/../build/openmp_bit_nogpu 65536 1024 1024 20
COMPILING: make -C /home/chrisarg/software-dev/Bit/scripts/.. -f Makefile -B build/openmp_bit_nogpu GPU=NONE LIBPOPCNT=0 CPU_TILE=32 BITVECTOR_TILE=2048 BUFFER_SIZE=1024 OUTER_ROW_NUM=1 OUTER_COL_NUM=6 OUTER_VEC_BLK=3
EXECUTING: numactl --interleave=all /home/chrisarg/software-dev/Bit/scripts/../build/openmp_bit_nogpu 262144 1024 1024 20
COMPILING: make -C /home/chrisarg/software-dev/Bit/scripts/.. -f Makefile -B build/openmp_bit_nogpu GPU=NONE LIBPOPCNT=1 CPU_TILE=32 BITVECTOR_TILE=2048 BUFFER_SIZE=512 OUTER_ROW_NUM=2 OUTER_COL_NUM=2 OUTER_VEC_BLK=3
EXECUTING: numactl --interleave=all /home/chrisarg/software-dev/Bit/scripts/../build/openmp_bit_nogpu 262144 1024 1024 20
COMPILING: make -C /home/chrisarg/software-dev/Bit/scripts/.. -f Makefile -B build/openmp_bit_nogpu GPU=NONE LIBPOPCNT=0 CPU_TILE=64 BITVECTOR_TILE=512 BUFFER_SIZE=256 OUTER_ROW_NUM=2 OUTER_COL_NUM=1 OUTER_VEC_BLK=2
EXECUTING: numactl --interleave=all /home/chrisarg/software-dev/Bit/scripts/../build/openmp_bit_nogpu 65536 1024 1024 20
COMPILING: make -C /home/chrisarg/software-dev/Bit/scripts/.. -f Makefile -B build/openmp_bit_nogpu GPU=NONE LIBPOPCNT=0 CPU_TILE=32 BITVECTOR_TILE=1024 BUFFER_SIZE=128 OUTER_ROW_NUM=5 OUTER_COL_NUM=2 OUTER_VEC_BLK=6
EXECUTING: numactl --interleave=all /home/chrisarg/software-dev/Bit/scripts/../build/openmp_bit_nogpu 262144 1024 1024 20
COMPILING: make -C /home/chrisarg/software-dev/Bit/scripts/.. -f Makefile -B build/openmp_bit_nogpu GPU=NONE LIBPOPCNT=0 CPU_TILE=64 BITVECTOR_TILE=1024 BUFFER_SIZE=128 OUTER_ROW_NUM=1 OUTER_COL_NUM=2 OUTER_VEC_BLK=3
EXECUTING: numactl --interleave=all /home/chrisarg/software-dev/Bit/scripts/../build/openmp_bit_nogpu 65536 1024 1024 20
COMPILING: make -C /home/chrisarg/software-dev/Bit/scripts/.. -f Makefile -B build/openmp_bit_nogpu GPU=NONE LIBPOPCNT=1 CPU_TILE=16 BITVECTOR_TILE=1024 BUFFER_SIZE=1024 OUTER_ROW_NUM=6 OUTER_COL_NUM=4 OUTER_VEC_BLK=1
EXECUTING: numactl --interleave=all /home/chrisarg/software-dev/Bit/scripts/../build/openmp_bit_nogpu 65536 1024 1024 20
COMPILING: make -C /home/chrisarg/software-dev/Bit/scripts/.. -f Makefile -B build/openmp_bit_nogpu GPU=NONE LIBPOPCNT=0 CPU_TILE=32 BITVECTOR_TILE=512 BUFFER_SIZE=1024 OUTER_ROW_NUM=2 OUTER_COL_NUM=5 OUTER_VEC_BLK=2
EXECUTING: numactl --interleave=all /home/chrisarg/software-dev/Bit/scripts/../build/openmp_bit_nogpu 262144 1024 1024 20
COMPILING: make -C /home/chrisarg/software-dev/Bit/scripts/.. -f Makefile -B build/openmp_bit_nogpu GPU=NONE LIBPOPCNT=0 CPU_TILE=16 BITVECTOR_TILE=512 BUFFER_SIZE=1024 OUTER_ROW_NUM=4 OUTER_COL_NUM=5 OUTER_VEC_BLK=2
EXECUTING: numactl --interleave=all /home/chrisarg/software-dev/Bit/scripts/../build/openmp_bit_nogpu 65536 1024 1024 20
COMPILING: make -C /home/chrisarg/software-dev/Bit/scripts/.. -f Makefile -B build/openmp_bit_nogpu GPU=NONE LIBPOPCNT=0 CPU_TILE=64 BITVECTOR_TILE=512 BUFFER_SIZE=4096 OUTER_ROW_NUM=3 OUTER_COL_NUM=4 OUTER_VEC_BLK=4
EXECUTING: numactl --interleave=all /home/chrisarg/software-dev/Bit/scripts/../build/openmp_bit_nogpu 262144 1024 1024 20
COMPILING: make -C /home/chrisarg/software-dev/Bit/scripts/.. -f Makefile -B build/openmp_bit_nogpu GPU=NONE LIBPOPCNT=0 CPU_TILE=16 BITVECTOR_TILE=512 BUFFER_SIZE=1024 OUTER_ROW_NUM=1 OUTER_COL_NUM=4 OUTER_VEC_BLK=6
EXECUTING: numactl --interleave=all /home/chrisarg/software-dev/Bit/scripts/../build/openmp_bit_nogpu 65536 1024 1024 20
COMPILING: make -C /home/chrisarg/software-dev/Bit/scripts/.. -f Makefile -B build/openmp_bit_nogpu GPU=NONE LIBPOPCNT=0 CPU_TILE=32 BITVECTOR_TILE=1024 BUFFER_SIZE=128 OUTER_ROW_NUM=1 OUTER_COL_NUM=5 OUTER_VEC_BLK=1
EXECUTING: numactl --interleave=all /home/chrisarg/software-dev/Bit/scripts/../build/openmp_bit_nogpu 262144 1024 1024 20
COMPILING: make -C /home/chrisarg/software-dev/Bit/scripts/.. -f Makefile -B build/openmp_bit_nogpu GPU=NONE LIBPOPCNT=0 CPU_TILE=64 BITVECTOR_TILE=1024 BUFFER_SIZE=512 OUTER_ROW_NUM=3 OUTER_COL_NUM=3 OUTER_VEC_BLK=6
EXECUTING: numactl --interleave=all /home/chrisarg/software-dev/Bit/scripts/../build/openmp_bit_nogpu 65536 1024 1024 20
COMPILING: make -C /home/chrisarg/software-dev/Bit/scripts/.. -f Makefile -B build/openmp_bit_nogpu GPU=NONE LIBPOPCNT=1 CPU_TILE=32 BITVECTOR_TILE=512 BUFFER_SIZE=1024 OUTER_ROW_NUM=2 OUTER_COL_NUM=4 OUTER_VEC_BLK=1
EXECUTING: numactl --interleave=all /home/chrisarg/software-dev/Bit/scripts/../build/openmp_bit_nogpu 262144 1024 1024 20
COMPILING: make -C /home/chrisarg/software-dev/Bit/scripts/.. -f Makefile -B build/openmp_bit_nogpu GPU=NONE LIBPOPCNT=1 CPU_TILE=16 BITVECTOR_TILE=2048 BUFFER_SIZE=512 OUTER_ROW_NUM=2 OUTER_COL_NUM=2 OUTER_VEC_BLK=3
EXECUTING: numactl --interleave=all /home/chrisarg/software-dev/Bit/scripts/../build/openmp_bit_nogpu 262144 1024 1024 20
COMPILING: make -C /home/chrisarg/software-dev/Bit/scripts/.. -f Makefile -B build/openmp_bit_nogpu GPU=NONE LIBPOPCNT=1 CPU_TILE=32 BITVECTOR_TILE=512 BUFFER_SIZE=128 OUTER_ROW_NUM=2 OUTER_COL_NUM=3 OUTER_VEC_BLK=4
EXECUTING: numactl --interleave=all /home/chrisarg/software-dev/Bit/scripts/../build/openmp_bit_nogpu 262144 1024 1024 20
COMPILING: make -C /home/chrisarg/software-dev/Bit/scripts/.. -f Makefile -B build/openmp_bit_nogpu GPU=NONE LIBPOPCNT=0 CPU_TILE=64 BITVECTOR_TILE=1024 BUFFER_SIZE=256 OUTER_ROW_NUM=3 OUTER_COL_NUM=4 OUTER_VEC_BLK=1
EXECUTING: numactl --interleave=all /home/chrisarg/software-dev/Bit/scripts/../build/openmp_bit_nogpu 65536 1024 1024 20
COMPILING: make -C /home/chrisarg/software-dev/Bit/scripts/.. -f Makefile -B build/openmp_bit_nogpu GPU=NONE LIBPOPCNT=1 CPU_TILE=64 BITVECTOR_TILE=1024 BUFFER_SIZE=256 OUTER_ROW_NUM=5 OUTER_COL_NUM=5 OUTER_VEC_BLK=4
EXECUTING: numactl --interleave=all /home/chrisarg/software-dev/Bit/scripts/../build/openmp_bit_nogpu 262144 1024 1024 20
COMPILING: make -C /home/chrisarg/software-dev/Bit/scripts/.. -f Makefile -B build/openmp_bit_nogpu GPU=NONE LIBPOPCNT=0 CPU_TILE=64 BITVECTOR_TILE=512 BUFFER_SIZE=256 OUTER_ROW_NUM=5 OUTER_COL_NUM=1 OUTER_VEC_BLK=1
EXECUTING: numactl --interleave=all /home/chrisarg/software-dev/Bit/scripts/../build/openmp_bit_nogpu 65536 1024 1024 20
COMPILING: make -C /home/chrisarg/software-dev/Bit/scripts/.. -f Makefile -B build/openmp_bit_nogpu GPU=NONE LIBPOPCNT=1 CPU_TILE=32 BITVECTOR_TILE=1024 BUFFER_SIZE=512 OUTER_ROW_NUM=1 OUTER_COL_NUM=1 OUTER_VEC_BLK=6
EXECUTING: numactl --interleave=all /home/chrisarg/software-dev/Bit/scripts/../build/openmp_bit_nogpu 65536 1024 1024 20
COMPILING: make -C /home/chrisarg/software-dev/Bit/scripts/.. -f Makefile -B build/openmp_bit_nogpu GPU=NONE LIBPOPCNT=0 CPU_TILE=32 BITVECTOR_TILE=1024 BUFFER_SIZE=128 OUTER_ROW_NUM=3 OUTER_COL_NUM=2 OUTER_VEC_BLK=8
EXECUTING: numactl --interleave=all /home/chrisarg/software-dev/Bit/scripts/../build/openmp_bit_nogpu 65536 1024 1024 20
COMPILING: make -C /home/chrisarg/software-dev/Bit/scripts/.. -f Makefile -B build/openmp_bit_nogpu GPU=NONE LIBPOPCNT=0 CPU_TILE=16 BITVECTOR_TILE=512 BUFFER_SIZE=1024 OUTER_ROW_NUM=4 OUTER_COL_NUM=4 OUTER_VEC_BLK=3
EXECUTING: numactl --interleave=all /home/chrisarg/software-dev/Bit/scripts/../build/openmp_bit_nogpu 262144 1024 1024 20
COMPILING: make -C /home/chrisarg/software-dev/Bit/scripts/.. -f Makefile -B build/openmp_bit_nogpu GPU=NONE LIBPOPCNT=1 CPU_TILE=64 BITVECTOR_TILE=2048 BUFFER_SIZE=1024 OUTER_ROW_NUM=1 OUTER_COL_NUM=5 OUTER_VEC_BLK=1
EXECUTING: numactl --interleave=all /home/chrisarg/software-dev/Bit/scripts/../build/openmp_bit_nogpu 65536 1024 1024 20
COMPILING: make -C /home/chrisarg/software-dev/Bit/scripts/.. -f Makefile -B build/openmp_bit_nogpu GPU=NONE LIBPOPCNT=1 CPU_TILE=32 BITVECTOR_TILE=2048 BUFFER_SIZE=256 OUTER_ROW_NUM=5 OUTER_COL_NUM=2 OUTER_VEC_BLK=4
EXECUTING: numactl --interleave=all /home/chrisarg/software-dev/Bit/scripts/../build/openmp_bit_nogpu 65536 1024 1024 20
COMPILING: make -C /home/chrisarg/software-dev/Bit/scripts/.. -f Makefile -B build/openmp_bit_nogpu GPU=NONE LIBPOPCNT=1 CPU_TILE=32 BITVECTOR_TILE=1024 BUFFER_SIZE=128 OUTER_ROW_NUM=2 OUTER_COL_NUM=1 OUTER_VEC_BLK=4
EXECUTING: numactl --interleave=all /home/chrisarg/software-dev/Bit/scripts/../build/openmp_bit_nogpu 262144 1024 1024 20
COMPILING: make -C /home/chrisarg/software-dev/Bit/scripts/.. -f Makefile -B build/openmp_bit_nogpu GPU=NONE LIBPOPCNT=0 CPU_TILE=64 BITVECTOR_TILE=512 BUFFER_SIZE=4096 OUTER_ROW_NUM=2 OUTER_COL_NUM=6 OUTER_VEC_BLK=6
EXECUTING: numactl --interleave=all /home/chrisarg/software-dev/Bit/scripts/../build/openmp_bit_nogpu 65536 1024 1024 20
COMPILING: make -C /home/chrisarg/software-dev/Bit/scripts/.. -f Makefile -B build/openmp_bit_nogpu GPU=NONE LIBPOPCNT=0 CPU_TILE=16 BITVECTOR_TILE=1024 BUFFER_SIZE=1024 OUTER_ROW_NUM=1 OUTER_COL_NUM=5 OUTER_VEC_BLK=1
EXECUTING: numactl --interleave=all /home/chrisarg/software-dev/Bit/scripts/../build/openmp_bit_nogpu 262144 1024 1024 20
COMPILING: make -C /home/chrisarg/software-dev/Bit/scripts/.. -f Makefile -B build/openmp_bit_nogpu GPU=NONE LIBPOPCNT=0 CPU_TILE=32 BITVECTOR_TILE=1024 BUFFER_SIZE=4096 OUTER_ROW_NUM=4 OUTER_COL_NUM=4 OUTER_VEC_BLK=2
EXECUTING: numactl --interleave=all /home/chrisarg/software-dev/Bit/scripts/../build/openmp_bit_nogpu 65536 1024 1024 20
COMPILING: make -C /home/chrisarg/software-dev/Bit/scripts/.. -f Makefile -B build/openmp_bit_nogpu GPU=NONE LIBPOPCNT=1 CPU_TILE=16 BITVECTOR_TILE=2048 BUFFER_SIZE=4096 OUTER_ROW_NUM=2 OUTER_COL_NUM=5 OUTER_VEC_BLK=8
EXECUTING: numactl --interleave=all /home/chrisarg/software-dev/Bit/scripts/../build/openmp_bit_nogpu 65536 1024 1024 20
COMPILING: make -C /home/chrisarg/software-dev/Bit/scripts/.. -f Makefile -B build/openmp_bit_nogpu GPU=NONE LIBPOPCNT=0 CPU_TILE=64 BITVECTOR_TILE=1024 BUFFER_SIZE=4096 OUTER_ROW_NUM=6 OUTER_COL_NUM=4 OUTER_VEC_BLK=1
EXECUTING: numactl --interleave=all /home/chrisarg/software-dev/Bit/scripts/../build/openmp_bit_nogpu 65536 1024 1024 20
COMPILING: make -C /home/chrisarg/software-dev/Bit/scripts/.. -f Makefile -B build/openmp_bit_nogpu GPU=NONE LIBPOPCNT=1 CPU_TILE=64 BITVECTOR_TILE=1024 BUFFER_SIZE=512 OUTER_ROW_NUM=4 OUTER_COL_NUM=1 OUTER_VEC_BLK=3
EXECUTING: numactl --interleave=all /home/chrisarg/software-dev/Bit/scripts/../build/openmp_bit_nogpu 65536 1024 1024 20
COMPILING: make -C /home/chrisarg/software-dev/Bit/scripts/.. -f Makefile -B build/openmp_bit_nogpu GPU=NONE LIBPOPCNT=0 CPU_TILE=32 BITVECTOR_TILE=2048 BUFFER_SIZE=256 OUTER_ROW_NUM=4 OUTER_COL_NUM=3 OUTER_VEC_BLK=2
EXECUTING: numactl --interleave=all /home/chrisarg/software-dev/Bit/scripts/../build/openmp_bit_nogpu 65536 1024 1024 20
COMPILING: make -C /home/chrisarg/software-dev/Bit/scripts/.. -f Makefile -B build/openmp_bit_nogpu GPU=NONE LIBPOPCNT=1 CPU_TILE=64 BITVECTOR_TILE=1024 BUFFER_SIZE=1024 OUTER_ROW_NUM=3 OUTER_COL_NUM=1 OUTER_VEC_BLK=3
EXECUTING: numactl --interleave=all /home/chrisarg/software-dev/Bit/scripts/../build/openmp_bit_nogpu 65536 1024 1024 20
COMPILING: make -C /home/chrisarg/software-dev/Bit/scripts/.. -f Makefile -B build/openmp_bit_nogpu GPU=NONE LIBPOPCNT=0 CPU_TILE=64 BITVECTOR_TILE=1024 BUFFER_SIZE=256 OUTER_ROW_NUM=4 OUTER_COL_NUM=6 OUTER_VEC_BLK=3
EXECUTING: numactl --interleave=all /home/chrisarg/software-dev/Bit/scripts/../build/openmp_bit_nogpu 262144 1024 1024 20
COMPILING: make -C /home/chrisarg/software-dev/Bit/scripts/.. -f Makefile -B build/openmp_bit_nogpu GPU=NONE LIBPOPCNT=1 CPU_TILE=32 BITVECTOR_TILE=2048 BUFFER_SIZE=256 OUTER_ROW_NUM=2 OUTER_COL_NUM=1 OUTER_VEC_BLK=4
EXECUTING: numactl --interleave=all /home/chrisarg/software-dev/Bit/scripts/../build/openmp_bit_nogpu 262144 1024 1024 20
COMPILING: make -C /home/chrisarg/software-dev/Bit/scripts/.. -f Makefile -B build/openmp_bit_nogpu GPU=NONE LIBPOPCNT=1 CPU_TILE=32 BITVECTOR_TILE=1024 BUFFER_SIZE=256 OUTER_ROW_NUM=4 OUTER_COL_NUM=5 OUTER_VEC_BLK=6
EXECUTING: numactl --interleave=all /home/chrisarg/software-dev/Bit/scripts/../build/openmp_bit_nogpu 65536 1024 1024 20
COMPILING: make -C /home/chrisarg/software-dev/Bit/scripts/.. -f Makefile -B build/openmp_bit_nogpu GPU=NONE LIBPOPCNT=0 CPU_TILE=16 BITVECTOR_TILE=1024 BUFFER_SIZE=512 OUTER_ROW_NUM=4 OUTER_COL_NUM=5 OUTER_VEC_BLK=1
EXECUTING: numactl --interleave=all /home/chrisarg/software-dev/Bit/scripts/../build/openmp_bit_nogpu 262144 1024 1024 20
COMPILING: make -C /home/chrisarg/software-dev/Bit/scripts/.. -f Makefile -B build/openmp_bit_nogpu GPU=NONE LIBPOPCNT=0 CPU_TILE=16 BITVECTOR_TILE=512 BUFFER_SIZE=128 OUTER_ROW_NUM=3 OUTER_COL_NUM=6 OUTER_VEC_BLK=2
EXECUTING: numactl --interleave=all /home/chrisarg/software-dev/Bit/scripts/../build/openmp_bit_nogpu 65536 1024 1024 20
COMPILING: make -C /home/chrisarg/software-dev/Bit/scripts/.. -f Makefile -B build/openmp_bit_nogpu GPU=NONE LIBPOPCNT=0 CPU_TILE=16 BITVECTOR_TILE=512 BUFFER_SIZE=128 OUTER_ROW_NUM=1 OUTER_COL_NUM=4 OUTER_VEC_BLK=1
EXECUTING: numactl --interleave=all /home/chrisarg/software-dev/Bit/scripts/../build/openmp_bit_nogpu 65536 1024 1024 20
COMPILING: make -C /home/chrisarg/software-dev/Bit/scripts/.. -f Makefile -B build/openmp_bit_nogpu GPU=NONE LIBPOPCNT=0 CPU_TILE=64 BITVECTOR_TILE=2048 BUFFER_SIZE=512 OUTER_ROW_NUM=6 OUTER_COL_NUM=2 OUTER_VEC_BLK=6
EXECUTING: numactl --interleave=all /home/chrisarg/software-dev/Bit/scripts/../build/openmp_bit_nogpu 65536 1024 1024 20
COMPILING: make -C /home/chrisarg/software-dev/Bit/scripts/.. -f Makefile -B build/openmp_bit_nogpu GPU=NONE LIBPOPCNT=0 CPU_TILE=32 BITVECTOR_TILE=2048 BUFFER_SIZE=512 OUTER_ROW_NUM=1 OUTER_COL_NUM=2 OUTER_VEC_BLK=8
EXECUTING: numactl --interleave=all /home/chrisarg/software-dev/Bit/scripts/../build/openmp_bit_nogpu 262144 1024 1024 20
COMPILING: make -C /home/chrisarg/software-dev/Bit/scripts/.. -f Makefile -B build/openmp_bit_nogpu GPU=NONE LIBPOPCNT=1 CPU_TILE=16 BITVECTOR_TILE=512 BUFFER_SIZE=512 OUTER_ROW_NUM=6 OUTER_COL_NUM=5 OUTER_VEC_BLK=1
EXECUTING: numactl --interleave=all /home/chrisarg/software-dev/Bit/scripts/../build/openmp_bit_nogpu 262144 1024 1024 20
COMPILING: make -C /home/chrisarg/software-dev/Bit/scripts/.. -f Makefile -B build/openmp_bit_nogpu GPU=NONE LIBPOPCNT=0 CPU_TILE=64 BITVECTOR_TILE=512 BUFFER_SIZE=128 OUTER_ROW_NUM=1 OUTER_COL_NUM=1 OUTER_VEC_BLK=2
EXECUTING: numactl --interleave=all /home/chrisarg/software-dev/Bit/scripts/../build/openmp_bit_nogpu 65536 1024 1024 20
COMPILING: make -C /home/chrisarg/software-dev/Bit/scripts/.. -f Makefile -B build/openmp_bit_nogpu GPU=NONE LIBPOPCNT=0 CPU_TILE=64 BITVECTOR_TILE=2048 BUFFER_SIZE=4096 OUTER_ROW_NUM=5 OUTER_COL_NUM=5 OUTER_VEC_BLK=4
EXECUTING: numactl --interleave=all /home/chrisarg/software-dev/Bit/scripts/../build/openmp_bit_nogpu 65536 1024 1024 20
COMPILING: make -C /home/chrisarg/software-dev/Bit/scripts/.. -f Makefile -B build/openmp_bit_nogpu GPU=NONE LIBPOPCNT=0 CPU_TILE=32 BITVECTOR_TILE=1024 BUFFER_SIZE=512 OUTER_ROW_NUM=3 OUTER_COL_NUM=1 OUTER_VEC_BLK=8
EXECUTING: numactl --interleave=all /home/chrisarg/software-dev/Bit/scripts/../build/openmp_bit_nogpu 262144 1024 1024 20
COMPILING: make -C /home/chrisarg/software-dev/Bit/scripts/.. -f Makefile -B build/openmp_bit_nogpu GPU=NONE LIBPOPCNT=1 CPU_TILE=16 BITVECTOR_TILE=2048 BUFFER_SIZE=256 OUTER_ROW_NUM=2 OUTER_COL_NUM=2 OUTER_VEC_BLK=8
EXECUTING: numactl --interleave=all /home/chrisarg/software-dev/Bit/scripts/../build/openmp_bit_nogpu 262144 1024 1024 20
COMPILING: make -C /home/chrisarg/software-dev/Bit/scripts/.. -f Makefile -B build/openmp_bit_nogpu GPU=NONE LIBPOPCNT=1 CPU_TILE=64 BITVECTOR_TILE=512 BUFFER_SIZE=512 OUTER_ROW_NUM=3 OUTER_COL_NUM=1 OUTER_VEC_BLK=6
EXECUTING: numactl --interleave=all /home/chrisarg/software-dev/Bit/scripts/../build/openmp_bit_nogpu 65536 1024 1024 20
COMPILING: make -C /home/chrisarg/software-dev/Bit/scripts/.. -f Makefile -B build/openmp_bit_nogpu GPU=NONE LIBPOPCNT=0 CPU_TILE=16 BITVECTOR_TILE=2048 BUFFER_SIZE=1024 OUTER_ROW_NUM=5 OUTER_COL_NUM=6 OUTER_VEC_BLK=6
EXECUTING: numactl --interleave=all /home/chrisarg/software-dev/Bit/scripts/../build/openmp_bit_nogpu 65536 1024 1024 20
COMPILING: make -C /home/chrisarg/software-dev/Bit/scripts/.. -f Makefile -B build/openmp_bit_nogpu GPU=NONE LIBPOPCNT=1 CPU_TILE=16 BITVECTOR_TILE=1024 BUFFER_SIZE=1024 OUTER_ROW_NUM=4 OUTER_COL_NUM=3 OUTER_VEC_BLK=8
EXECUTING: numactl --interleave=all /home/chrisarg/software-dev/Bit/scripts/../build/openmp_bit_nogpu 262144 1024 1024 20
COMPILING: make -C /home/chrisarg/software-dev/Bit/scripts/.. -f Makefile -B build/openmp_bit_nogpu GPU=NONE LIBPOPCNT=1 CPU_TILE=64 BITVECTOR_TILE=2048 BUFFER_SIZE=1024 OUTER_ROW_NUM=5 OUTER_COL_NUM=1 OUTER_VEC_BLK=3
EXECUTING: numactl --interleave=all /home/chrisarg/software-dev/Bit/scripts/../build/openmp_bit_nogpu 262144 1024 1024 20
COMPILING: make -C /home/chrisarg/software-dev/Bit/scripts/.. -f Makefile -B build/openmp_bit_nogpu GPU=NONE LIBPOPCNT=1 CPU_TILE=64 BITVECTOR_TILE=1024 BUFFER_SIZE=512 OUTER_ROW_NUM=1 OUTER_COL_NUM=3 OUTER_VEC_BLK=2
EXECUTING: numactl --interleave=all /home/chrisarg/software-dev/Bit/scripts/../build/openmp_bit_nogpu 65536 1024 1024 20
COMPILING: make -C /home/chrisarg/software-dev/Bit/scripts/.. -f Makefile -B build/openmp_bit_nogpu GPU=NONE LIBPOPCNT=0 CPU_TILE=16 BITVECTOR_TILE=1024 BUFFER_SIZE=4096 OUTER_ROW_NUM=2 OUTER_COL_NUM=2 OUTER_VEC_BLK=1
EXECUTING: numactl --interleave=all /home/chrisarg/software-dev/Bit/scripts/../build/openmp_bit_nogpu 65536 1024 1024 20
COMPILING: make -C /home/chrisarg/software-dev/Bit/scripts/.. -f Makefile -B build/openmp_bit_nogpu GPU=NONE LIBPOPCNT=1 CPU_TILE=16 BITVECTOR_TILE=512 BUFFER_SIZE=256 OUTER_ROW_NUM=3 OUTER_COL_NUM=3 OUTER_VEC_BLK=4
EXECUTING: numactl --interleave=all /home/chrisarg/software-dev/Bit/scripts/../build/openmp_bit_nogpu 262144 1024 1024 20
COMPILING: make -C /home/chrisarg/software-dev/Bit/scripts/.. -f Makefile -B build/openmp_bit_nogpu GPU=NONE LIBPOPCNT=0 CPU_TILE=16 BITVECTOR_TILE=2048 BUFFER_SIZE=128 OUTER_ROW_NUM=2 OUTER_COL_NUM=3 OUTER_VEC_BLK=3
EXECUTING: numactl --interleave=all /home/chrisarg/software-dev/Bit/scripts/../build/openmp_bit_nogpu 65536 1024 1024 20
COMPILING: make -C /home/chrisarg/software-dev/Bit/scripts/.. -f Makefile -B build/openmp_bit_nogpu GPU=NONE LIBPOPCNT=0 CPU_TILE=32 BITVECTOR_TILE=512 BUFFER_SIZE=1024 OUTER_ROW_NUM=5 OUTER_COL_NUM=2 OUTER_VEC_BLK=8
EXECUTING: numactl --interleave=all /home/chrisarg/software-dev/Bit/scripts/../build/openmp_bit_nogpu 65536 1024 1024 20
COMPILING: make -C /home/chrisarg/software-dev/Bit/scripts/.. -f Makefile -B build/openmp_bit_nogpu GPU=NONE LIBPOPCNT=0 CPU_TILE=64 BITVECTOR_TILE=512 BUFFER_SIZE=4096 OUTER_ROW_NUM=4 OUTER_COL_NUM=6 OUTER_VEC_BLK=1
EXECUTING: numactl --interleave=all /home/chrisarg/software-dev/Bit/scripts/../build/openmp_bit_nogpu 65536 1024 1024 20
COMPILING: make -C /home/chrisarg/software-dev/Bit/scripts/.. -f Makefile -B build/openmp_bit_nogpu GPU=NONE LIBPOPCNT=1 CPU_TILE=16 BITVECTOR_TILE=512 BUFFER_SIZE=4096 OUTER_ROW_NUM=2 OUTER_COL_NUM=3 OUTER_VEC_BLK=6
EXECUTING: numactl --interleave=all /home/chrisarg/software-dev/Bit/scripts/../build/openmp_bit_nogpu 262144 1024 1024 20
COMPILING: make -C /home/chrisarg/software-dev/Bit/scripts/.. -f Makefile -B build/openmp_bit_nogpu GPU=NONE LIBPOPCNT=0 CPU_TILE=32 BITVECTOR_TILE=1024 BUFFER_SIZE=256 OUTER_ROW_NUM=5 OUTER_COL_NUM=4 OUTER_VEC_BLK=3
EXECUTING: numactl --interleave=all /home/chrisarg/software-dev/Bit/scripts/../build/openmp_bit_nogpu 65536 1024 1024 20
COMPILING: make -C /home/chrisarg/software-dev/Bit/scripts/.. -f Makefile -B build/openmp_bit_nogpu GPU=NONE LIBPOPCNT=1 CPU_TILE=64 BITVECTOR_TILE=512 BUFFER_SIZE=256 OUTER_ROW_NUM=2 OUTER_COL_NUM=2 OUTER_VEC_BLK=1
EXECUTING: numactl --interleave=all /home/chrisarg/software-dev/Bit/scripts/../build/openmp_bit_nogpu 262144 1024 1024 20
COMPILING: make -C /home/chrisarg/software-dev/Bit/scripts/.. -f Makefile -B build/openmp_bit_nogpu GPU=NONE LIBPOPCNT=0 CPU_TILE=32 BITVECTOR_TILE=512 BUFFER_SIZE=4096 OUTER_ROW_NUM=1 OUTER_COL_NUM=2 OUTER_VEC_BLK=8
EXECUTING: numactl --interleave=all /home/chrisarg/software-dev/Bit/scripts/../build/openmp_bit_nogpu 262144 1024 1024 20
COMPILING: make -C /home/chrisarg/software-dev/Bit/scripts/.. -f Makefile -B build/openmp_bit_nogpu GPU=NONE LIBPOPCNT=0 CPU_TILE=16 BITVECTOR_TILE=1024 BUFFER_SIZE=128 OUTER_ROW_NUM=2 OUTER_COL_NUM=6 OUTER_VEC_BLK=1
EXECUTING: numactl --interleave=all /home/chrisarg/software-dev/Bit/scripts/../build/openmp_bit_nogpu 65536 1024 1024 20
COMPILING: make -C /home/chrisarg/software-dev/Bit/scripts/.. -f Makefile -B build/openmp_bit_nogpu GPU=NONE LIBPOPCNT=0 CPU_TILE=16 BITVECTOR_TILE=2048 BUFFER_SIZE=1024 OUTER_ROW_NUM=3 OUTER_COL_NUM=2 OUTER_VEC_BLK=6
EXECUTING: numactl --interleave=all /home/chrisarg/software-dev/Bit/scripts/../build/openmp_bit_nogpu 65536 1024 1024 20
COMPILING: make -C /home/chrisarg/software-dev/Bit/scripts/.. -f Makefile -B build/openmp_bit_nogpu GPU=NONE LIBPOPCNT=0 CPU_TILE=64 BITVECTOR_TILE=1024 BUFFER_SIZE=1024 OUTER_ROW_NUM=4 OUTER_COL_NUM=6 OUTER_VEC_BLK=3
EXECUTING: numactl --interleave=all /home/chrisarg/software-dev/Bit/scripts/../build/openmp_bit_nogpu 65536 1024 1024 20
COMPILING: make -C /home/chrisarg/software-dev/Bit/scripts/.. -f Makefile -B build/openmp_bit_nogpu GPU=NONE LIBPOPCNT=1 CPU_TILE=64 BITVECTOR_TILE=512 BUFFER_SIZE=256 OUTER_ROW_NUM=4 OUTER_COL_NUM=2 OUTER_VEC_BLK=1
EXECUTING: numactl --interleave=all /home/chrisarg/software-dev/Bit/scripts/../build/openmp_bit_nogpu 65536 1024 1024 20
COMPILING: make -C /home/chrisarg/software-dev/Bit/scripts/.. -f Makefile -B build/openmp_bit_nogpu GPU=NONE LIBPOPCNT=0 CPU_TILE=32 BITVECTOR_TILE=1024 BUFFER_SIZE=512 OUTER_ROW_NUM=3 OUTER_COL_NUM=2 OUTER_VEC_BLK=4
EXECUTING: numactl --interleave=all /home/chrisarg/software-dev/Bit/scripts/../build/openmp_bit_nogpu 262144 1024 1024 20
COMPILING: make -C /home/chrisarg/software-dev/Bit/scripts/.. -f Makefile -B build/openmp_bit_nogpu GPU=NONE LIBPOPCNT=1 CPU_TILE=16 BITVECTOR_TILE=2048 BUFFER_SIZE=256 OUTER_ROW_NUM=4 OUTER_COL_NUM=5 OUTER_VEC_BLK=4
EXECUTING: numactl --interleave=all /home/chrisarg/software-dev/Bit/scripts/../build/openmp_bit_nogpu 65536 1024 1024 20
COMPILING: make -C /home/chrisarg/software-dev/Bit/scripts/.. -f Makefile -B build/openmp_bit_nogpu GPU=NONE LIBPOPCNT=0 CPU_TILE=64 BITVECTOR_TILE=2048 BUFFER_SIZE=128 OUTER_ROW_NUM=5 OUTER_COL_NUM=3 OUTER_VEC_BLK=3
EXECUTING: numactl --interleave=all /home/chrisarg/software-dev/Bit/scripts/../build/openmp_bit_nogpu 262144 1024 1024 20
COMPILING: make -C /home/chrisarg/software-dev/Bit/scripts/.. -f Makefile -B build/openmp_bit_nogpu GPU=NONE LIBPOPCNT=1 CPU_TILE=32 BITVECTOR_TILE=1024 BUFFER_SIZE=512 OUTER_ROW_NUM=3 OUTER_COL_NUM=2 OUTER_VEC_BLK=6
EXECUTING: numactl --interleave=all /home/chrisarg/software-dev/Bit/scripts/../build/openmp_bit_nogpu 65536 1024 1024 20
COMPILING: make -C /home/chrisarg/software-dev/Bit/scripts/.. -f Makefile -B build/openmp_bit_nogpu GPU=NONE LIBPOPCNT=1 CPU_TILE=32 BITVECTOR_TILE=1024 BUFFER_SIZE=512 OUTER_ROW_NUM=4 OUTER_COL_NUM=3 OUTER_VEC_BLK=3
EXECUTING: numactl --interleave=all /home/chrisarg/software-dev/Bit/scripts/../build/openmp_bit_nogpu 262144 1024 1024 20
COMPILING: make -C /home/chrisarg/software-dev/Bit/scripts/.. -f Makefile -B build/openmp_bit_nogpu GPU=NONE LIBPOPCNT=1 CPU_TILE=64 BITVECTOR_TILE=512 BUFFER_SIZE=512 OUTER_ROW_NUM=6 OUTER_COL_NUM=1 OUTER_VEC_BLK=8
EXECUTING: numactl --interleave=all /home/chrisarg/software-dev/Bit/scripts/../build/openmp_bit_nogpu 262144 1024 1024 20
COMPILING: make -C /home/chrisarg/software-dev/Bit/scripts/.. -f Makefile -B build/openmp_bit_nogpu GPU=NONE LIBPOPCNT=0 CPU_TILE=32 BITVECTOR_TILE=1024 BUFFER_SIZE=512 OUTER_ROW_NUM=1 OUTER_COL_NUM=5 OUTER_VEC_BLK=4
EXECUTING: numactl --interleave=all /home/chrisarg/software-dev/Bit/scripts/../build/openmp_bit_nogpu 65536 1024 1024 20
COMPILING: make -C /home/chrisarg/software-dev/Bit/scripts/.. -f Makefile -B build/openmp_bit_nogpu GPU=NONE LIBPOPCNT=1 CPU_TILE=64 BITVECTOR_TILE=1024 BUFFER_SIZE=4096 OUTER_ROW_NUM=1 OUTER_COL_NUM=2 OUTER_VEC_BLK=8
EXECUTING: numactl --interleave=all /home/chrisarg/software-dev/Bit/scripts/../build/openmp_bit_nogpu 65536 1024 1024 20
COMPILING: make -C /home/chrisarg/software-dev/Bit/scripts/.. -f Makefile -B build/openmp_bit_nogpu GPU=NONE LIBPOPCNT=1 CPU_TILE=64 BITVECTOR_TILE=2048 BUFFER_SIZE=1024 OUTER_ROW_NUM=6 OUTER_COL_NUM=4 OUTER_VEC_BLK=6
EXECUTING: numactl --interleave=all /home/chrisarg/software-dev/Bit/scripts/../build/openmp_bit_nogpu 262144 1024 1024 20
COMPILING: make -C /home/chrisarg/software-dev/Bit/scripts/.. -f Makefile -B build/openmp_bit_nogpu GPU=NONE LIBPOPCNT=0 CPU_TILE=16 BITVECTOR_TILE=1024 BUFFER_SIZE=256 OUTER_ROW_NUM=3 OUTER_COL_NUM=2 OUTER_VEC_BLK=2
EXECUTING: numactl --interleave=all /home/chrisarg/software-dev/Bit/scripts/../build/openmp_bit_nogpu 65536 1024 1024 20
COMPILING: make -C /home/chrisarg/software-dev/Bit/scripts/.. -f Makefile -B build/openmp_bit_nogpu GPU=NONE LIBPOPCNT=0 CPU_TILE=64 BITVECTOR_TILE=2048 BUFFER_SIZE=512 OUTER_ROW_NUM=5 OUTER_COL_NUM=2 OUTER_VEC_BLK=4
EXECUTING: numactl --interleave=all /home/chrisarg/software-dev/Bit/scripts/../build/openmp_bit_nogpu 262144 1024 1024 20
COMPILING: make -C /home/chrisarg/software-dev/Bit/scripts/.. -f Makefile -B build/openmp_bit_nogpu GPU=NONE LIBPOPCNT=0 CPU_TILE=32 BITVECTOR_TILE=1024 BUFFER_SIZE=4096 OUTER_ROW_NUM=6 OUTER_COL_NUM=5 OUTER_VEC_BLK=6
EXECUTING: numactl --interleave=all /home/chrisarg/software-dev/Bit/scripts/../build/openmp_bit_nogpu 65536 1024 1024 20
COMPILING: make -C /home/chrisarg/software-dev/Bit/scripts/.. -f Makefile -B build/openmp_bit_nogpu GPU=NONE LIBPOPCNT=1 CPU_TILE=64 BITVECTOR_TILE=2048 BUFFER_SIZE=128 OUTER_ROW_NUM=4 OUTER_COL_NUM=6 OUTER_VEC_BLK=6
EXECUTING: numactl --interleave=all /home/chrisarg/software-dev/Bit/scripts/../build/openmp_bit_nogpu 65536 1024 1024 20
COMPILING: make -C /home/chrisarg/software-dev/Bit/scripts/.. -f Makefile -B build/openmp_bit_nogpu GPU=NONE LIBPOPCNT=0 CPU_TILE=32 BITVECTOR_TILE=2048 BUFFER_SIZE=128 OUTER_ROW_NUM=4 OUTER_COL_NUM=4 OUTER_VEC_BLK=8
EXECUTING: numactl --interleave=all /home/chrisarg/software-dev/Bit/scripts/../build/openmp_bit_nogpu 65536 1024 1024 20
COMPILING: make -C /home/chrisarg/software-dev/Bit/scripts/.. -f Makefile -B build/openmp_bit_nogpu GPU=NONE LIBPOPCNT=0 CPU_TILE=32 BITVECTOR_TILE=512 BUFFER_SIZE=1024 OUTER_ROW_NUM=6 OUTER_COL_NUM=1 OUTER_VEC_BLK=8
EXECUTING: numactl --interleave=all /home/chrisarg/software-dev/Bit/scripts/../build/openmp_bit_nogpu 262144 1024 1024 20
COMPILING: make -C /home/chrisarg/software-dev/Bit/scripts/.. -f Makefile -B build/openmp_bit_nogpu GPU=NONE LIBPOPCNT=0 CPU_TILE=32 BITVECTOR_TILE=512 BUFFER_SIZE=128 OUTER_ROW_NUM=4 OUTER_COL_NUM=4 OUTER_VEC_BLK=1
EXECUTING: numactl --interleave=all /home/chrisarg/software-dev/Bit/scripts/../build/openmp_bit_nogpu 65536 1024 1024 20
COMPILING: make -C /home/chrisarg/software-dev/Bit/scripts/.. -f Makefile -B build/openmp_bit_nogpu GPU=NONE LIBPOPCNT=1 CPU_TILE=32 BITVECTOR_TILE=512 BUFFER_SIZE=512 OUTER_ROW_NUM=2 OUTER_COL_NUM=6 OUTER_VEC_BLK=1
EXECUTING: numactl --interleave=all /home/chrisarg/software-dev/Bit/scripts/../build/openmp_bit_nogpu 65536 1024 1024 20
COMPILING: make -C /home/chrisarg/software-dev/Bit/scripts/.. -f Makefile -B build/openmp_bit_nogpu GPU=NONE LIBPOPCNT=0 CPU_TILE=64 BITVECTOR_TILE=512 BUFFER_SIZE=1024 OUTER_ROW_NUM=6 OUTER_COL_NUM=5 OUTER_VEC_BLK=2
EXECUTING: numactl --interleave=all /home/chrisarg/software-dev/Bit/scripts/../build/openmp_bit_nogpu 262144 1024 1024 20
COMPILING: make -C /home/chrisarg/software-dev/Bit/scripts/.. -f Makefile -B build/openmp_bit_nogpu GPU=NONE LIBPOPCNT=0 CPU_TILE=16 BITVECTOR_TILE=2048 BUFFER_SIZE=1024 OUTER_ROW_NUM=2 OUTER_COL_NUM=1 OUTER_VEC_BLK=8
EXECUTING: numactl --interleave=all /home/chrisarg/software-dev/Bit/scripts/../build/openmp_bit_nogpu 65536 1024 1024 20
COMPILING: make -C /home/chrisarg/software-dev/Bit/scripts/.. -f Makefile -B build/openmp_bit_nogpu GPU=NONE LIBPOPCNT=1 CPU_TILE=16 BITVECTOR_TILE=1024 BUFFER_SIZE=256 OUTER_ROW_NUM=6 OUTER_COL_NUM=5 OUTER_VEC_BLK=4
EXECUTING: numactl --interleave=all /home/chrisarg/software-dev/Bit/scripts/../build/openmp_bit_nogpu 65536 1024 1024 20
COMPILING: make -C /home/chrisarg/software-dev/Bit/scripts/.. -f Makefile -B build/openmp_bit_nogpu GPU=NONE LIBPOPCNT=1 CPU_TILE=64 BITVECTOR_TILE=2048 BUFFER_SIZE=128 OUTER_ROW_NUM=1 OUTER_COL_NUM=6 OUTER_VEC_BLK=6
EXECUTING: numactl --interleave=all /home/chrisarg/software-dev/Bit/scripts/../build/openmp_bit_nogpu 262144 1024 1024 20
COMPILING: make -C /home/chrisarg/software-dev/Bit/scripts/.. -f Makefile -B build/openmp_bit_nogpu GPU=NONE LIBPOPCNT=1 CPU_TILE=32 BITVECTOR_TILE=512 BUFFER_SIZE=1024 OUTER_ROW_NUM=6 OUTER_COL_NUM=3 OUTER_VEC_BLK=4
EXECUTING: numactl --interleave=all /home/chrisarg/software-dev/Bit/scripts/../build/openmp_bit_nogpu 262144 1024 1024 20
COMPILING: make -C /home/chrisarg/software-dev/Bit/scripts/.. -f Makefile -B build/openmp_bit_nogpu GPU=NONE LIBPOPCNT=1 CPU_TILE=64 BITVECTOR_TILE=2048 BUFFER_SIZE=128 OUTER_ROW_NUM=6 OUTER_COL_NUM=4 OUTER_VEC_BLK=8
EXECUTING: numactl --interleave=all /home/chrisarg/software-dev/Bit/scripts/../build/openmp_bit_nogpu 262144 1024 1024 20
COMPILING: make -C /home/chrisarg/software-dev/Bit/scripts/.. -f Makefile -B build/openmp_bit_nogpu GPU=NONE LIBPOPCNT=0 CPU_TILE=64 BITVECTOR_TILE=2048 BUFFER_SIZE=512 OUTER_ROW_NUM=1 OUTER_COL_NUM=1 OUTER_VEC_BLK=4
EXECUTING: numactl --interleave=all /home/chrisarg/software-dev/Bit/scripts/../build/openmp_bit_nogpu 262144 1024 1024 20
COMPILING: make -C /home/chrisarg/software-dev/Bit/scripts/.. -f Makefile -B build/openmp_bit_nogpu GPU=NONE LIBPOPCNT=0 CPU_TILE=16 BITVECTOR_TILE=1024 BUFFER_SIZE=128 OUTER_ROW_NUM=3 OUTER_COL_NUM=1 OUTER_VEC_BLK=1
EXECUTING: numactl --interleave=all /home/chrisarg/software-dev/Bit/scripts/../build/openmp_bit_nogpu 65536 1024 1024 20
COMPILING: make -C /home/chrisarg/software-dev/Bit/scripts/.. -f Makefile -B build/openmp_bit_nogpu GPU=NONE LIBPOPCNT=0 CPU_TILE=16 BITVECTOR_TILE=512 BUFFER_SIZE=256 OUTER_ROW_NUM=3 OUTER_COL_NUM=1 OUTER_VEC_BLK=6
EXECUTING: numactl --interleave=all /home/chrisarg/software-dev/Bit/scripts/../build/openmp_bit_nogpu 262144 1024 1024 20
COMPILING: make -C /home/chrisarg/software-dev/Bit/scripts/.. -f Makefile -B build/openmp_bit_nogpu GPU=NONE LIBPOPCNT=1 CPU_TILE=16 BITVECTOR_TILE=512 BUFFER_SIZE=512 OUTER_ROW_NUM=2 OUTER_COL_NUM=4 OUTER_VEC_BLK=1
EXECUTING: numactl --interleave=all /home/chrisarg/software-dev/Bit/scripts/../build/openmp_bit_nogpu 262144 1024 1024 20
COMPILING: make -C /home/chrisarg/software-dev/Bit/scripts/.. -f Makefile -B build/openmp_bit_nogpu GPU=NONE LIBPOPCNT=1 CPU_TILE=16 BITVECTOR_TILE=2048 BUFFER_SIZE=512 OUTER_ROW_NUM=2 OUTER_COL_NUM=3 OUTER_VEC_BLK=4
EXECUTING: numactl --interleave=all /home/chrisarg/software-dev/Bit/scripts/../build/openmp_bit_nogpu 65536 1024 1024 20
COMPILING: make -C /home/chrisarg/software-dev/Bit/scripts/.. -f Makefile -B build/openmp_bit_nogpu GPU=NONE LIBPOPCNT=0 CPU_TILE=64 BITVECTOR_TILE=2048 BUFFER_SIZE=512 OUTER_ROW_NUM=1 OUTER_COL_NUM=2 OUTER_VEC_BLK=3
EXECUTING: numactl --interleave=all /home/chrisarg/software-dev/Bit/scripts/../build/openmp_bit_nogpu 65536 1024 1024 20
COMPILING: make -C /home/chrisarg/software-dev/Bit/scripts/.. -f Makefile -B build/openmp_bit_nogpu GPU=NONE LIBPOPCNT=0 CPU_TILE=32 BITVECTOR_TILE=2048 BUFFER_SIZE=512 OUTER_ROW_NUM=4 OUTER_COL_NUM=2 OUTER_VEC_BLK=4
EXECUTING: numactl --interleave=all /home/chrisarg/software-dev/Bit/scripts/../build/openmp_bit_nogpu 262144 1024 1024 20
COMPILING: make -C /home/chrisarg/software-dev/Bit/scripts/.. -f Makefile -B build/openmp_bit_nogpu GPU=NONE LIBPOPCNT=1 CPU_TILE=32 BITVECTOR_TILE=1024 BUFFER_SIZE=4096 OUTER_ROW_NUM=2 OUTER_COL_NUM=5 OUTER_VEC_BLK=6
EXECUTING: numactl --interleave=all /home/chrisarg/software-dev/Bit/scripts/../build/openmp_bit_nogpu 262144 1024 1024 20
COMPILING: make -C /home/chrisarg/software-dev/Bit/scripts/.. -f Makefile -B build/openmp_bit_nogpu GPU=NONE LIBPOPCNT=0 CPU_TILE=32 BITVECTOR_TILE=512 BUFFER_SIZE=512 OUTER_ROW_NUM=4 OUTER_COL_NUM=5 OUTER_VEC_BLK=1
EXECUTING: numactl --interleave=all /home/chrisarg/software-dev/Bit/scripts/../build/openmp_bit_nogpu 262144 1024 1024 20
COMPILING: make -C /home/chrisarg/software-dev/Bit/scripts/.. -f Makefile -B build/openmp_bit_nogpu GPU=NONE LIBPOPCNT=1 CPU_TILE=16 BITVECTOR_TILE=2048 BUFFER_SIZE=512 OUTER_ROW_NUM=4 OUTER_COL_NUM=6 OUTER_VEC_BLK=3
EXECUTING: numactl --interleave=all /home/chrisarg/software-dev/Bit/scripts/../build/openmp_bit_nogpu 65536 1024 1024 20
COMPILING: make -C /home/chrisarg/software-dev/Bit/scripts/.. -f Makefile -B build/openmp_bit_nogpu GPU=NONE LIBPOPCNT=1 CPU_TILE=32 BITVECTOR_TILE=1024 BUFFER_SIZE=1024 OUTER_ROW_NUM=1 OUTER_COL_NUM=6 OUTER_VEC_BLK=3
EXECUTING: numactl --interleave=all /home/chrisarg/software-dev/Bit/scripts/../build/openmp_bit_nogpu 65536 1024 1024 20
COMPILING: make -C /home/chrisarg/software-dev/Bit/scripts/.. -f Makefile -B build/openmp_bit_nogpu GPU=NONE LIBPOPCNT=0 CPU_TILE=16 BITVECTOR_TILE=2048 BUFFER_SIZE=512 OUTER_ROW_NUM=1 OUTER_COL_NUM=2 OUTER_VEC_BLK=4
EXECUTING: numactl --interleave=all /home/chrisarg/software-dev/Bit/scripts/../build/openmp_bit_nogpu 65536 1024 1024 20
COMPILING: make -C /home/chrisarg/software-dev/Bit/scripts/.. -f Makefile -B build/openmp_bit_nogpu GPU=NONE LIBPOPCNT=0 CPU_TILE=32 BITVECTOR_TILE=2048 BUFFER_SIZE=1024 OUTER_ROW_NUM=2 OUTER_COL_NUM=6 OUTER_VEC_BLK=6
EXECUTING: numactl --interleave=all /home/chrisarg/software-dev/Bit/scripts/../build/openmp_bit_nogpu 262144 1024 1024 20
COMPILING: make -C /home/chrisarg/software-dev/Bit/scripts/.. -f Makefile -B build/openmp_bit_nogpu GPU=NONE LIBPOPCNT=0 CPU_TILE=16 BITVECTOR_TILE=1024 BUFFER_SIZE=128 OUTER_ROW_NUM=1 OUTER_COL_NUM=2 OUTER_VEC_BLK=2
EXECUTING: numactl --interleave=all /home/chrisarg/software-dev/Bit/scripts/../build/openmp_bit_nogpu 262144 1024 1024 20
COMPILING: make -C /home/chrisarg/software-dev/Bit/scripts/.. -f Makefile -B build/openmp_bit_nogpu GPU=NONE LIBPOPCNT=0 CPU_TILE=16 BITVECTOR_TILE=2048 BUFFER_SIZE=256 OUTER_ROW_NUM=6 OUTER_COL_NUM=5 OUTER_VEC_BLK=6
EXECUTING: numactl --interleave=all /home/chrisarg/software-dev/Bit/scripts/../build/openmp_bit_nogpu 65536 1024 1024 20
COMPILING: make -C /home/chrisarg/software-dev/Bit/scripts/.. -f Makefile -B build/openmp_bit_nogpu GPU=NONE LIBPOPCNT=0 CPU_TILE=32 BITVECTOR_TILE=512 BUFFER_SIZE=4096 OUTER_ROW_NUM=5 OUTER_COL_NUM=4 OUTER_VEC_BLK=8
EXECUTING: numactl --interleave=all /home/chrisarg/software-dev/Bit/scripts/../build/openmp_bit_nogpu 65536 1024 1024 20
COMPILING: make -C /home/chrisarg/software-dev/Bit/scripts/.. -f Makefile -B build/openmp_bit_nogpu GPU=NONE LIBPOPCNT=1 CPU_TILE=16 BITVECTOR_TILE=1024 BUFFER_SIZE=128 OUTER_ROW_NUM=3 OUTER_COL_NUM=4 OUTER_VEC_BLK=8
EXECUTING: numactl --interleave=all /home/chrisarg/software-dev/Bit/scripts/../build/openmp_bit_nogpu 65536 1024 1024 20
COMPILING: make -C /home/chrisarg/software-dev/Bit/scripts/.. -f Makefile -B build/openmp_bit_nogpu GPU=NONE LIBPOPCNT=1 CPU_TILE=64 BITVECTOR_TILE=2048 BUFFER_SIZE=1024 OUTER_ROW_NUM=3 OUTER_COL_NUM=6 OUTER_VEC_BLK=8
EXECUTING: numactl --interleave=all /home/chrisarg/software-dev/Bit/scripts/../build/openmp_bit_nogpu 65536 1024 1024 20
COMPILING: make -C /home/chrisarg/software-dev/Bit/scripts/.. -f Makefile -B build/openmp_bit_nogpu GPU=NONE LIBPOPCNT=1 CPU_TILE=64 BITVECTOR_TILE=1024 BUFFER_SIZE=4096 OUTER_ROW_NUM=3 OUTER_COL_NUM=2 OUTER_VEC_BLK=2
EXECUTING: numactl --interleave=all /home/chrisarg/software-dev/Bit/scripts/../build/openmp_bit_nogpu 65536 1024 1024 20
COMPILING: make -C /home/chrisarg/software-dev/Bit/scripts/.. -f Makefile -B build/openmp_bit_nogpu GPU=NONE LIBPOPCNT=0 CPU_TILE=32 BITVECTOR_TILE=512 BUFFER_SIZE=1024 OUTER_ROW_NUM=6 OUTER_COL_NUM=6 OUTER_VEC_BLK=8
EXECUTING: numactl --interleave=all /home/chrisarg/software-dev/Bit/scripts/../build/openmp_bit_nogpu 262144 1024 1024 20
COMPILING: make -C /home/chrisarg/software-dev/Bit/scripts/.. -f Makefile -B build/openmp_bit_nogpu GPU=NONE LIBPOPCNT=0 CPU_TILE=32 BITVECTOR_TILE=1024 BUFFER_SIZE=256 OUTER_ROW_NUM=3 OUTER_COL_NUM=1 OUTER_VEC_BLK=4
EXECUTING: numactl --interleave=all /home/chrisarg/software-dev/Bit/scripts/../build/openmp_bit_nogpu 262144 1024 1024 20
COMPILING: make -C /home/chrisarg/software-dev/Bit/scripts/.. -f Makefile -B build/openmp_bit_nogpu GPU=NONE LIBPOPCNT=1 CPU_TILE=32 BITVECTOR_TILE=2048 BUFFER_SIZE=512 OUTER_ROW_NUM=5 OUTER_COL_NUM=2 OUTER_VEC_BLK=2
EXECUTING: numactl --interleave=all /home/chrisarg/software-dev/Bit/scripts/../build/openmp_bit_nogpu 262144 1024 1024 20
COMPILING: make -C /home/chrisarg/software-dev/Bit/scripts/.. -f Makefile -B build/openmp_bit_nogpu GPU=NONE LIBPOPCNT=1 CPU_TILE=16 BITVECTOR_TILE=1024 BUFFER_SIZE=4096 OUTER_ROW_NUM=5 OUTER_COL_NUM=5 OUTER_VEC_BLK=6
EXECUTING: numactl --interleave=all /home/chrisarg/software-dev/Bit/scripts/../build/openmp_bit_nogpu 262144 1024 1024 20
COMPILING: make -C /home/chrisarg/software-dev/Bit/scripts/.. -f Makefile -B build/openmp_bit_nogpu GPU=NONE LIBPOPCNT=1 CPU_TILE=16 BITVECTOR_TILE=2048 BUFFER_SIZE=1024 OUTER_ROW_NUM=3 OUTER_COL_NUM=3 OUTER_VEC_BLK=4
EXECUTING: numactl --interleave=all /home/chrisarg/software-dev/Bit/scripts/../build/openmp_bit_nogpu 65536 1024 1024 20
COMPILING: make -C /home/chrisarg/software-dev/Bit/scripts/.. -f Makefile -B build/openmp_bit_nogpu GPU=NONE LIBPOPCNT=0 CPU_TILE=64 BITVECTOR_TILE=1024 BUFFER_SIZE=256 OUTER_ROW_NUM=1 OUTER_COL_NUM=2 OUTER_VEC_BLK=2
EXECUTING: numactl --interleave=all /home/chrisarg/software-dev/Bit/scripts/../build/openmp_bit_nogpu 65536 1024 1024 20
COMPILING: make -C /home/chrisarg/software-dev/Bit/scripts/.. -f Makefile -B build/openmp_bit_nogpu GPU=NONE LIBPOPCNT=0 CPU_TILE=16 BITVECTOR_TILE=1024 BUFFER_SIZE=512 OUTER_ROW_NUM=6 OUTER_COL_NUM=3 OUTER_VEC_BLK=3
EXECUTING: numactl --interleave=all /home/chrisarg/software-dev/Bit/scripts/../build/openmp_bit_nogpu 262144 1024 1024 20
COMPILING: make -C /home/chrisarg/software-dev/Bit/scripts/.. -f Makefile -B build/openmp_bit_nogpu GPU=NONE LIBPOPCNT=1 CPU_TILE=64 BITVECTOR_TILE=1024 BUFFER_SIZE=128 OUTER_ROW_NUM=1 OUTER_COL_NUM=4 OUTER_VEC_BLK=1
EXECUTING: numactl --interleave=all /home/chrisarg/software-dev/Bit/scripts/../build/openmp_bit_nogpu 65536 1024 1024 20
COMPILING: make -C /home/chrisarg/software-dev/Bit/scripts/.. -f Makefile -B build/openmp_bit_nogpu GPU=NONE LIBPOPCNT=0 CPU_TILE=32 BITVECTOR_TILE=1024 BUFFER_SIZE=512 OUTER_ROW_NUM=1 OUTER_COL_NUM=6 OUTER_VEC_BLK=8
EXECUTING: numactl --interleave=all /home/chrisarg/software-dev/Bit/scripts/../build/openmp_bit_nogpu 262144 1024 1024 20
COMPILING: make -C /home/chrisarg/software-dev/Bit/scripts/.. -f Makefile -B build/openmp_bit_nogpu GPU=NONE LIBPOPCNT=0 CPU_TILE=32 BITVECTOR_TILE=1024 BUFFER_SIZE=256 OUTER_ROW_NUM=6 OUTER_COL_NUM=6 OUTER_VEC_BLK=1
EXECUTING: numactl --interleave=all /home/chrisarg/software-dev/Bit/scripts/../build/openmp_bit_nogpu 262144 1024 1024 20
COMPILING: make -C /home/chrisarg/software-dev/Bit/scripts/.. -f Makefile -B build/openmp_bit_nogpu GPU=NONE LIBPOPCNT=0 CPU_TILE=64 BITVECTOR_TILE=2048 BUFFER_SIZE=512 OUTER_ROW_NUM=6 OUTER_COL_NUM=5 OUTER_VEC_BLK=6
EXECUTING: numactl --interleave=all /home/chrisarg/software-dev/Bit/scripts/../build/openmp_bit_nogpu 65536 1024 1024 20
COMPILING: make -C /home/chrisarg/software-dev/Bit/scripts/.. -f Makefile -B build/openmp_bit_nogpu GPU=NONE LIBPOPCNT=1 CPU_TILE=32 BITVECTOR_TILE=1024 BUFFER_SIZE=128 OUTER_ROW_NUM=3 OUTER_COL_NUM=2 OUTER_VEC_BLK=4
EXECUTING: numactl --interleave=all /home/chrisarg/software-dev/Bit/scripts/../build/openmp_bit_nogpu 65536 1024 1024 20
COMPILING: make -C /home/chrisarg/software-dev/Bit/scripts/.. -f Makefile -B build/openmp_bit_nogpu GPU=NONE LIBPOPCNT=1 CPU_TILE=32 BITVECTOR_TILE=1024 BUFFER_SIZE=128 OUTER_ROW_NUM=6 OUTER_COL_NUM=6 OUTER_VEC_BLK=2
EXECUTING: numactl --interleave=all /home/chrisarg/software-dev/Bit/scripts/../build/openmp_bit_nogpu 262144 1024 1024 20
COMPILING: make -C /home/chrisarg/software-dev/Bit/scripts/.. -f Makefile -B build/openmp_bit_nogpu GPU=NONE LIBPOPCNT=1 CPU_TILE=32 BITVECTOR_TILE=2048 BUFFER_SIZE=512 OUTER_ROW_NUM=1 OUTER_COL_NUM=3 OUTER_VEC_BLK=3
EXECUTING: numactl --interleave=all /home/chrisarg/software-dev/Bit/scripts/../build/openmp_bit_nogpu 65536 1024 1024 20
COMPILING: make -C /home/chrisarg/software-dev/Bit/scripts/.. -f Makefile -B build/openmp_bit_nogpu GPU=NONE LIBPOPCNT=0 CPU_TILE=32 BITVECTOR_TILE=2048 BUFFER_SIZE=4096 OUTER_ROW_NUM=5 OUTER_COL_NUM=4 OUTER_VEC_BLK=4
EXECUTING: numactl --interleave=all /home/chrisarg/software-dev/Bit/scripts/../build/openmp_bit_nogpu 65536 1024 1024 20
COMPILING: make -C /home/chrisarg/software-dev/Bit/scripts/.. -f Makefile -B build/openmp_bit_nogpu GPU=NONE LIBPOPCNT=1 CPU_TILE=16 BITVECTOR_TILE=512 BUFFER_SIZE=128 OUTER_ROW_NUM=2 OUTER_COL_NUM=4 OUTER_VEC_BLK=8
EXECUTING: numactl --interleave=all /home/chrisarg/software-dev/Bit/scripts/../build/openmp_bit_nogpu 65536 1024 1024 20
COMPILING: make -C /home/chrisarg/software-dev/Bit/scripts/.. -f Makefile -B build/openmp_bit_nogpu GPU=NONE LIBPOPCNT=1 CPU_TILE=16 BITVECTOR_TILE=512 BUFFER_SIZE=4096 OUTER_ROW_NUM=2 OUTER_COL_NUM=4 OUTER_VEC_BLK=1
EXECUTING: numactl --interleave=all /home/chrisarg/software-dev/Bit/scripts/../build/openmp_bit_nogpu 262144 1024 1024 20
COMPILING: make -C /home/chrisarg/software-dev/Bit/scripts/.. -f Makefile -B build/openmp_bit_nogpu GPU=NONE LIBPOPCNT=1 CPU_TILE=16 BITVECTOR_TILE=1024 BUFFER_SIZE=128 OUTER_ROW_NUM=2 OUTER_COL_NUM=3 OUTER_VEC_BLK=6
EXECUTING: numactl --interleave=all /home/chrisarg/software-dev/Bit/scripts/../build/openmp_bit_nogpu 65536 1024 1024 20
COMPILING: make -C /home/chrisarg/software-dev/Bit/scripts/.. -f Makefile -B build/openmp_bit_nogpu GPU=NONE LIBPOPCNT=0 CPU_TILE=16 BITVECTOR_TILE=1024 BUFFER_SIZE=4096 OUTER_ROW_NUM=6 OUTER_COL_NUM=6 OUTER_VEC_BLK=2
EXECUTING: numactl --interleave=all /home/chrisarg/software-dev/Bit/scripts/../build/openmp_bit_nogpu 262144 1024 1024 20
COMPILING: make -C /home/chrisarg/software-dev/Bit/scripts/.. -f Makefile -B build/openmp_bit_nogpu GPU=NONE LIBPOPCNT=0 CPU_TILE=64 BITVECTOR_TILE=512 BUFFER_SIZE=512 OUTER_ROW_NUM=2 OUTER_COL_NUM=3 OUTER_VEC_BLK=1
EXECUTING: numactl --interleave=all /home/chrisarg/software-dev/Bit/scripts/../build/openmp_bit_nogpu 262144 1024 1024 20
COMPILING: make -C /home/chrisarg/software-dev/Bit/scripts/.. -f Makefile -B build/openmp_bit_nogpu GPU=NONE LIBPOPCNT=1 CPU_TILE=64 BITVECTOR_TILE=2048 BUFFER_SIZE=128 OUTER_ROW_NUM=6 OUTER_COL_NUM=4 OUTER_VEC_BLK=4
EXECUTING: numactl --interleave=all /home/chrisarg/software-dev/Bit/scripts/../build/openmp_bit_nogpu 65536 1024 1024 20
COMPILING: make -C /home/chrisarg/software-dev/Bit/scripts/.. -f Makefile -B build/openmp_bit_nogpu GPU=NONE LIBPOPCNT=1 CPU_TILE=16 BITVECTOR_TILE=512 BUFFER_SIZE=1024 OUTER_ROW_NUM=5 OUTER_COL_NUM=4 OUTER_VEC_BLK=8
EXECUTING: numactl --interleave=all /home/chrisarg/software-dev/Bit/scripts/../build/openmp_bit_nogpu 65536 1024 1024 20
COMPILING: make -C /home/chrisarg/software-dev/Bit/scripts/.. -f Makefile -B build/openmp_bit_nogpu GPU=NONE LIBPOPCNT=1 CPU_TILE=16 BITVECTOR_TILE=2048 BUFFER_SIZE=1024 OUTER_ROW_NUM=2 OUTER_COL_NUM=3 OUTER_VEC_BLK=2
EXECUTING: numactl --interleave=all /home/chrisarg/software-dev/Bit/scripts/../build/openmp_bit_nogpu 65536 1024 1024 20
COMPILING: make -C /home/chrisarg/software-dev/Bit/scripts/.. -f Makefile -B build/openmp_bit_nogpu GPU=NONE LIBPOPCNT=0 CPU_TILE=64 BITVECTOR_TILE=1024 BUFFER_SIZE=256 OUTER_ROW_NUM=5 OUTER_COL_NUM=4 OUTER_VEC_BLK=8
EXECUTING: numactl --interleave=all /home/chrisarg/software-dev/Bit/scripts/../build/openmp_bit_nogpu 65536 1024 1024 20
COMPILING: make -C /home/chrisarg/software-dev/Bit/scripts/.. -f Makefile -B build/openmp_bit_nogpu GPU=NONE LIBPOPCNT=0 CPU_TILE=32 BITVECTOR_TILE=1024 BUFFER_SIZE=512 OUTER_ROW_NUM=6 OUTER_COL_NUM=6 OUTER_VEC_BLK=1
EXECUTING: numactl --interleave=all /home/chrisarg/software-dev/Bit/scripts/../build/openmp_bit_nogpu 65536 1024 1024 20
COMPILING: make -C /home/chrisarg/software-dev/Bit/scripts/.. -f Makefile -B build/openmp_bit_nogpu GPU=NONE LIBPOPCNT=1 CPU_TILE=16 BITVECTOR_TILE=2048 BUFFER_SIZE=4096 OUTER_ROW_NUM=5 OUTER_COL_NUM=2 OUTER_VEC_BLK=6
EXECUTING: numactl --interleave=all /home/chrisarg/software-dev/Bit/scripts/../build/openmp_bit_nogpu 262144 1024 1024 20
COMPILING: make -C /home/chrisarg/software-dev/Bit/scripts/.. -f Makefile -B build/openmp_bit_nogpu GPU=NONE LIBPOPCNT=0 CPU_TILE=64 BITVECTOR_TILE=2048 BUFFER_SIZE=128 OUTER_ROW_NUM=3 OUTER_COL_NUM=2 OUTER_VEC_BLK=2
EXECUTING: numactl --interleave=all /home/chrisarg/software-dev/Bit/scripts/../build/openmp_bit_nogpu 65536 1024 1024 20
COMPILING: make -C /home/chrisarg/software-dev/Bit/scripts/.. -f Makefile -B build/openmp_bit_nogpu GPU=NONE LIBPOPCNT=0 CPU_TILE=16 BITVECTOR_TILE=2048 BUFFER_SIZE=256 OUTER_ROW_NUM=4 OUTER_COL_NUM=3 OUTER_VEC_BLK=2
EXECUTING: numactl --interleave=all /home/chrisarg/software-dev/Bit/scripts/../build/openmp_bit_nogpu 262144 1024 1024 20
COMPILING: make -C /home/chrisarg/software-dev/Bit/scripts/.. -f Makefile -B build/openmp_bit_nogpu GPU=NONE LIBPOPCNT=1 CPU_TILE=64 BITVECTOR_TILE=1024 BUFFER_SIZE=1024 OUTER_ROW_NUM=2 OUTER_COL_NUM=4 OUTER_VEC_BLK=3
EXECUTING: numactl --interleave=all /home/chrisarg/software-dev/Bit/scripts/../build/openmp_bit_nogpu 262144 1024 1024 20
COMPILING: make -C /home/chrisarg/software-dev/Bit/scripts/.. -f Makefile -B build/openmp_bit_nogpu GPU=NONE LIBPOPCNT=0 CPU_TILE=64 BITVECTOR_TILE=1024 BUFFER_SIZE=4096 OUTER_ROW_NUM=5 OUTER_COL_NUM=2 OUTER_VEC_BLK=1
EXECUTING: numactl --interleave=all /home/chrisarg/software-dev/Bit/scripts/../build/openmp_bit_nogpu 262144 1024 1024 20
COMPILING: make -C /home/chrisarg/software-dev/Bit/scripts/.. -f Makefile -B build/openmp_bit_nogpu GPU=NONE LIBPOPCNT=0 CPU_TILE=64 BITVECTOR_TILE=512 BUFFER_SIZE=4096 OUTER_ROW_NUM=3 OUTER_COL_NUM=1 OUTER_VEC_BLK=8
EXECUTING: numactl --interleave=all /home/chrisarg/software-dev/Bit/scripts/../build/openmp_bit_nogpu 262144 1024 1024 20
COMPILING: make -C /home/chrisarg/software-dev/Bit/scripts/.. -f Makefile -B build/openmp_bit_nogpu GPU=NONE LIBPOPCNT=0 CPU_TILE=16 BITVECTOR_TILE=2048 BUFFER_SIZE=4096 OUTER_ROW_NUM=6 OUTER_COL_NUM=5 OUTER_VEC_BLK=2
EXECUTING: numactl --interleave=all /home/chrisarg/software-dev/Bit/scripts/../build/openmp_bit_nogpu 65536 1024 1024 20
COMPILING: make -C /home/chrisarg/software-dev/Bit/scripts/.. -f Makefile -B build/openmp_bit_nogpu GPU=NONE LIBPOPCNT=0 CPU_TILE=64 BITVECTOR_TILE=1024 BUFFER_SIZE=4096 OUTER_ROW_NUM=6 OUTER_COL_NUM=5 OUTER_VEC_BLK=1
EXECUTING: numactl --interleave=all /home/chrisarg/software-dev/Bit/scripts/../build/openmp_bit_nogpu 65536 1024 1024 20
COMPILING: make -C /home/chrisarg/software-dev/Bit/scripts/.. -f Makefile -B build/openmp_bit_nogpu GPU=NONE LIBPOPCNT=0 CPU_TILE=32 BITVECTOR_TILE=1024 BUFFER_SIZE=1024 OUTER_ROW_NUM=1 OUTER_COL_NUM=2 OUTER_VEC_BLK=2
EXECUTING: numactl --interleave=all /home/chrisarg/software-dev/Bit/scripts/../build/openmp_bit_nogpu 65536 1024 1024 20
COMPILING: make -C /home/chrisarg/software-dev/Bit/scripts/.. -f Makefile -B build/openmp_bit_nogpu GPU=NONE LIBPOPCNT=0 CPU_TILE=32 BITVECTOR_TILE=1024 BUFFER_SIZE=128 OUTER_ROW_NUM=3 OUTER_COL_NUM=6 OUTER_VEC_BLK=3
EXECUTING: numactl --interleave=all /home/chrisarg/software-dev/Bit/scripts/../build/openmp_bit_nogpu 65536 1024 1024 20
COMPILING: make -C /home/chrisarg/software-dev/Bit/scripts/.. -f Makefile -B build/openmp_bit_nogpu GPU=NONE LIBPOPCNT=0 CPU_TILE=16 BITVECTOR_TILE=512 BUFFER_SIZE=4096 OUTER_ROW_NUM=5 OUTER_COL_NUM=1 OUTER_VEC_BLK=2
EXECUTING: numactl --interleave=all /home/chrisarg/software-dev/Bit/scripts/../build/openmp_bit_nogpu 65536 1024 1024 20
COMPILING: make -C /home/chrisarg/software-dev/Bit/scripts/.. -f Makefile -B build/openmp_bit_nogpu GPU=NONE LIBPOPCNT=0 CPU_TILE=32 BITVECTOR_TILE=512 BUFFER_SIZE=4096 OUTER_ROW_NUM=1 OUTER_COL_NUM=1 OUTER_VEC_BLK=1
EXECUTING: numactl --interleave=all /home/chrisarg/software-dev/Bit/scripts/../build/openmp_bit_nogpu 65536 1024 1024 20
COMPILING: make -C /home/chrisarg/software-dev/Bit/scripts/.. -f Makefile -B build/openmp_bit_nogpu GPU=NONE LIBPOPCNT=1 CPU_TILE=32 BITVECTOR_TILE=2048 BUFFER_SIZE=128 OUTER_ROW_NUM=2 OUTER_COL_NUM=3 OUTER_VEC_BLK=1
EXECUTING: numactl --interleave=all /home/chrisarg/software-dev/Bit/scripts/../build/openmp_bit_nogpu 262144 1024 1024 20
COMPILING: make -C /home/chrisarg/software-dev/Bit/scripts/.. -f Makefile -B build/openmp_bit_nogpu GPU=NONE LIBPOPCNT=1 CPU_TILE=16 BITVECTOR_TILE=1024 BUFFER_SIZE=1024 OUTER_ROW_NUM=2 OUTER_COL_NUM=3 OUTER_VEC_BLK=8
EXECUTING: numactl --interleave=all /home/chrisarg/software-dev/Bit/scripts/../build/openmp_bit_nogpu 65536 1024 1024 20
COMPILING: make -C /home/chrisarg/software-dev/Bit/scripts/.. -f Makefile -B build/openmp_bit_nogpu GPU=NONE LIBPOPCNT=0 CPU_TILE=32 BITVECTOR_TILE=1024 BUFFER_SIZE=512 OUTER_ROW_NUM=2 OUTER_COL_NUM=3 OUTER_VEC_BLK=2
EXECUTING: numactl --interleave=all /home/chrisarg/software-dev/Bit/scripts/../build/openmp_bit_nogpu 65536 1024 1024 20
COMPILING: make -C /home/chrisarg/software-dev/Bit/scripts/.. -f Makefile -B build/openmp_bit_nogpu GPU=NONE LIBPOPCNT=0 CPU_TILE=16 BITVECTOR_TILE=1024 BUFFER_SIZE=1024 OUTER_ROW_NUM=4 OUTER_COL_NUM=2 OUTER_VEC_BLK=6
EXECUTING: numactl --interleave=all /home/chrisarg/software-dev/Bit/scripts/../build/openmp_bit_nogpu 262144 1024 1024 20
COMPILING: make -C /home/chrisarg/software-dev/Bit/scripts/.. -f Makefile -B build/openmp_bit_nogpu GPU=NONE LIBPOPCNT=1 CPU_TILE=16 BITVECTOR_TILE=1024 BUFFER_SIZE=128 OUTER_ROW_NUM=4 OUTER_COL_NUM=4 OUTER_VEC_BLK=1
EXECUTING: numactl --interleave=all /home/chrisarg/software-dev/Bit/scripts/../build/openmp_bit_nogpu 65536 1024 1024 20
COMPILING: make -C /home/chrisarg/software-dev/Bit/scripts/.. -f Makefile -B build/openmp_bit_nogpu GPU=NONE LIBPOPCNT=0 CPU_TILE=64 BITVECTOR_TILE=2048 BUFFER_SIZE=512 OUTER_ROW_NUM=5 OUTER_COL_NUM=2 OUTER_VEC_BLK=6
EXECUTING: numactl --interleave=all /home/chrisarg/software-dev/Bit/scripts/../build/openmp_bit_nogpu 65536 1024 1024 20
COMPILING: make -C /home/chrisarg/software-dev/Bit/scripts/.. -f Makefile -B build/openmp_bit_nogpu GPU=NONE LIBPOPCNT=1 CPU_TILE=32 BITVECTOR_TILE=2048 BUFFER_SIZE=512 OUTER_ROW_NUM=1 OUTER_COL_NUM=5 OUTER_VEC_BLK=3
EXECUTING: numactl --interleave=all /home/chrisarg/software-dev/Bit/scripts/../build/openmp_bit_nogpu 65536 1024 1024 20
COMPILING: make -C /home/chrisarg/software-dev/Bit/scripts/.. -f Makefile -B build/openmp_bit_nogpu GPU=NONE LIBPOPCNT=1 CPU_TILE=32 BITVECTOR_TILE=1024 BUFFER_SIZE=256 OUTER_ROW_NUM=1 OUTER_COL_NUM=6 OUTER_VEC_BLK=4
EXECUTING: numactl --interleave=all /home/chrisarg/software-dev/Bit/scripts/../build/openmp_bit_nogpu 65536 1024 1024 20
COMPILING: make -C /home/chrisarg/software-dev/Bit/scripts/.. -f Makefile -B build/openmp_bit_nogpu GPU=NONE LIBPOPCNT=1 CPU_TILE=32 BITVECTOR_TILE=1024 BUFFER_SIZE=256 OUTER_ROW_NUM=6 OUTER_COL_NUM=5 OUTER_VEC_BLK=8
EXECUTING: numactl --interleave=all /home/chrisarg/software-dev/Bit/scripts/../build/openmp_bit_nogpu 262144 1024 1024 20
COMPILING: make -C /home/chrisarg/software-dev/Bit/scripts/.. -f Makefile -B build/openmp_bit_nogpu GPU=NONE LIBPOPCNT=0 CPU_TILE=16 BITVECTOR_TILE=512 BUFFER_SIZE=1024 OUTER_ROW_NUM=5 OUTER_COL_NUM=1 OUTER_VEC_BLK=2
EXECUTING: numactl --interleave=all /home/chrisarg/software-dev/Bit/scripts/../build/openmp_bit_nogpu 65536 1024 1024 20
COMPILING: make -C /home/chrisarg/software-dev/Bit/scripts/.. -f Makefile -B build/openmp_bit_nogpu GPU=NONE LIBPOPCNT=0 CPU_TILE=64 BITVECTOR_TILE=1024 BUFFER_SIZE=256 OUTER_ROW_NUM=5 OUTER_COL_NUM=2 OUTER_VEC_BLK=1
EXECUTING: numactl --interleave=all /home/chrisarg/software-dev/Bit/scripts/../build/openmp_bit_nogpu 65536 1024 1024 20
COMPILING: make -C /home/chrisarg/software-dev/Bit/scripts/.. -f Makefile -B build/openmp_bit_nogpu GPU=NONE LIBPOPCNT=1 CPU_TILE=64 BITVECTOR_TILE=512 BUFFER_SIZE=1024 OUTER_ROW_NUM=6 OUTER_COL_NUM=5 OUTER_VEC_BLK=2
EXECUTING: numactl --interleave=all /home/chrisarg/software-dev/Bit/scripts/../build/openmp_bit_nogpu 65536 1024 1024 20
COMPILING: make -C /home/chrisarg/software-dev/Bit/scripts/.. -f Makefile -B build/openmp_bit_nogpu GPU=NONE LIBPOPCNT=1 CPU_TILE=32 BITVECTOR_TILE=512 BUFFER_SIZE=128 OUTER_ROW_NUM=3 OUTER_COL_NUM=3 OUTER_VEC_BLK=8
EXECUTING: numactl --interleave=all /home/chrisarg/software-dev/Bit/scripts/../build/openmp_bit_nogpu 65536 1024 1024 20
COMPILING: make -C /home/chrisarg/software-dev/Bit/scripts/.. -f Makefile -B build/openmp_bit_nogpu GPU=NONE LIBPOPCNT=1 CPU_TILE=32 BITVECTOR_TILE=512 BUFFER_SIZE=4096 OUTER_ROW_NUM=1 OUTER_COL_NUM=3 OUTER_VEC_BLK=3
EXECUTING: numactl --interleave=all /home/chrisarg/software-dev/Bit/scripts/../build/openmp_bit_nogpu 262144 1024 1024 20
COMPILING: make -C /home/chrisarg/software-dev/Bit/scripts/.. -f Makefile -B build/openmp_bit_nogpu GPU=NONE LIBPOPCNT=0 CPU_TILE=16 BITVECTOR_TILE=512 BUFFER_SIZE=1024 OUTER_ROW_NUM=6 OUTER_COL_NUM=2 OUTER_VEC_BLK=1
EXECUTING: numactl --interleave=all /home/chrisarg/software-dev/Bit/scripts/../build/openmp_bit_nogpu 262144 1024 1024 20
COMPILING: make -C /home/chrisarg/software-dev/Bit/scripts/.. -f Makefile -B build/openmp_bit_nogpu GPU=NONE LIBPOPCNT=1 CPU_TILE=16 BITVECTOR_TILE=512 BUFFER_SIZE=4096 OUTER_ROW_NUM=4 OUTER_COL_NUM=1 OUTER_VEC_BLK=2
EXECUTING: numactl --interleave=all /home/chrisarg/software-dev/Bit/scripts/../build/openmp_bit_nogpu 262144 1024 1024 20
COMPILING: make -C /home/chrisarg/software-dev/Bit/scripts/.. -f Makefile -B build/openmp_bit_nogpu GPU=NONE LIBPOPCNT=0 CPU_TILE=64 BITVECTOR_TILE=512 BUFFER_SIZE=256 OUTER_ROW_NUM=5 OUTER_COL_NUM=2 OUTER_VEC_BLK=3
EXECUTING: numactl --interleave=all /home/chrisarg/software-dev/Bit/scripts/../build/openmp_bit_nogpu 262144 1024 1024 20
COMPILING: make -C /home/chrisarg/software-dev/Bit/scripts/.. -f Makefile -B build/openmp_bit_nogpu GPU=NONE LIBPOPCNT=1 CPU_TILE=64 BITVECTOR_TILE=2048 BUFFER_SIZE=128 OUTER_ROW_NUM=4 OUTER_COL_NUM=4 OUTER_VEC_BLK=6
EXECUTING: numactl --interleave=all /home/chrisarg/software-dev/Bit/scripts/../build/openmp_bit_nogpu 262144 1024 1024 20
COMPILING: make -C /home/chrisarg/software-dev/Bit/scripts/.. -f Makefile -B build/openmp_bit_nogpu GPU=NONE LIBPOPCNT=1 CPU_TILE=16 BITVECTOR_TILE=512 BUFFER_SIZE=512 OUTER_ROW_NUM=4 OUTER_COL_NUM=6 OUTER_VEC_BLK=2
EXECUTING: numactl --interleave=all /home/chrisarg/software-dev/Bit/scripts/../build/openmp_bit_nogpu 262144 1024 1024 20
COMPILING: make -C /home/chrisarg/software-dev/Bit/scripts/.. -f Makefile -B build/openmp_bit_nogpu GPU=NONE LIBPOPCNT=1 CPU_TILE=16 BITVECTOR_TILE=2048 BUFFER_SIZE=128 OUTER_ROW_NUM=4 OUTER_COL_NUM=3 OUTER_VEC_BLK=6
EXECUTING: numactl --interleave=all /home/chrisarg/software-dev/Bit/scripts/../build/openmp_bit_nogpu 262144 1024 1024 20
COMPILING: make -C /home/chrisarg/software-dev/Bit/scripts/.. -f Makefile -B build/openmp_bit_nogpu GPU=NONE LIBPOPCNT=0 CPU_TILE=64 BITVECTOR_TILE=2048 BUFFER_SIZE=1024 OUTER_ROW_NUM=1 OUTER_COL_NUM=3 OUTER_VEC_BLK=8
EXECUTING: numactl --interleave=all /home/chrisarg/software-dev/Bit/scripts/../build/openmp_bit_nogpu 65536 1024 1024 20
COMPILING: make -C /home/chrisarg/software-dev/Bit/scripts/.. -f Makefile -B build/openmp_bit_nogpu GPU=NONE LIBPOPCNT=0 CPU_TILE=32 BITVECTOR_TILE=1024 BUFFER_SIZE=4096 OUTER_ROW_NUM=6 OUTER_COL_NUM=1 OUTER_VEC_BLK=2
EXECUTING: numactl --interleave=all /home/chrisarg/software-dev/Bit/scripts/../build/openmp_bit_nogpu 65536 1024 1024 20
COMPILING: make -C /home/chrisarg/software-dev/Bit/scripts/.. -f Makefile -B build/openmp_bit_nogpu GPU=NONE LIBPOPCNT=0 CPU_TILE=16 BITVECTOR_TILE=2048 BUFFER_SIZE=256 OUTER_ROW_NUM=6 OUTER_COL_NUM=1 OUTER_VEC_BLK=1
EXECUTING: numactl --interleave=all /home/chrisarg/software-dev/Bit/scripts/../build/openmp_bit_nogpu 262144 1024 1024 20
COMPILING: make -C /home/chrisarg/software-dev/Bit/scripts/.. -f Makefile -B build/openmp_bit_nogpu GPU=NONE LIBPOPCNT=1 CPU_TILE=32 BITVECTOR_TILE=512 BUFFER_SIZE=256 OUTER_ROW_NUM=5 OUTER_COL_NUM=6 OUTER_VEC_BLK=4
EXECUTING: numactl --interleave=all /home/chrisarg/software-dev/Bit/scripts/../build/openmp_bit_nogpu 65536 1024 1024 20
COMPILING: make -C /home/chrisarg/software-dev/Bit/scripts/.. -f Makefile -B build/openmp_bit_nogpu GPU=NONE LIBPOPCNT=0 CPU_TILE=16 BITVECTOR_TILE=512 BUFFER_SIZE=256 OUTER_ROW_NUM=4 OUTER_COL_NUM=3 OUTER_VEC_BLK=3
EXECUTING: numactl --interleave=all /home/chrisarg/software-dev/Bit/scripts/../build/openmp_bit_nogpu 65536 1024 1024 20
COMPILING: make -C /home/chrisarg/software-dev/Bit/scripts/.. -f Makefile -B build/openmp_bit_nogpu GPU=NONE LIBPOPCNT=1 CPU_TILE=32 BITVECTOR_TILE=1024 BUFFER_SIZE=128 OUTER_ROW_NUM=5 OUTER_COL_NUM=4 OUTER_VEC_BLK=3
EXECUTING: numactl --interleave=all /home/chrisarg/software-dev/Bit/scripts/../build/openmp_bit_nogpu 65536 1024 1024 20
COMPILING: make -C /home/chrisarg/software-dev/Bit/scripts/.. -f Makefile -B build/openmp_bit_nogpu GPU=NONE LIBPOPCNT=0 CPU_TILE=16 BITVECTOR_TILE=1024 BUFFER_SIZE=1024 OUTER_ROW_NUM=3 OUTER_COL_NUM=4 OUTER_VEC_BLK=8
EXECUTING: numactl --interleave=all /home/chrisarg/software-dev/Bit/scripts/../build/openmp_bit_nogpu 262144 1024 1024 20
COMPILING: make -C /home/chrisarg/software-dev/Bit/scripts/.. -f Makefile -B build/openmp_bit_nogpu GPU=NONE LIBPOPCNT=1 CPU_TILE=16 BITVECTOR_TILE=1024 BUFFER_SIZE=512 OUTER_ROW_NUM=3 OUTER_COL_NUM=4 OUTER_VEC_BLK=2
EXECUTING: numactl --interleave=all /home/chrisarg/software-dev/Bit/scripts/../build/openmp_bit_nogpu 262144 1024 1024 20
COMPILING: make -C /home/chrisarg/software-dev/Bit/scripts/.. -f Makefile -B build/openmp_bit_nogpu GPU=NONE LIBPOPCNT=1 CPU_TILE=32 BITVECTOR_TILE=512 BUFFER_SIZE=4096 OUTER_ROW_NUM=4 OUTER_COL_NUM=5 OUTER_VEC_BLK=1
EXECUTING: numactl --interleave=all /home/chrisarg/software-dev/Bit/scripts/../build/openmp_bit_nogpu 262144 1024 1024 20
COMPILING: make -C /home/chrisarg/software-dev/Bit/scripts/.. -f Makefile -B build/openmp_bit_nogpu GPU=NONE LIBPOPCNT=1 CPU_TILE=32 BITVECTOR_TILE=2048 BUFFER_SIZE=4096 OUTER_ROW_NUM=1 OUTER_COL_NUM=2 OUTER_VEC_BLK=6
EXECUTING: numactl --interleave=all /home/chrisarg/software-dev/Bit/scripts/../build/openmp_bit_nogpu 262144 1024 1024 20
COMPILING: make -C /home/chrisarg/software-dev/Bit/scripts/.. -f Makefile -B build/openmp_bit_nogpu GPU=NONE LIBPOPCNT=0 CPU_TILE=16 BITVECTOR_TILE=2048 BUFFER_SIZE=1024 OUTER_ROW_NUM=1 OUTER_COL_NUM=3 OUTER_VEC_BLK=4
EXECUTING: numactl --interleave=all /home/chrisarg/software-dev/Bit/scripts/../build/openmp_bit_nogpu 65536 1024 1024 20
COMPILING: make -C /home/chrisarg/software-dev/Bit/scripts/.. -f Makefile -B build/openmp_bit_nogpu GPU=NONE LIBPOPCNT=1 CPU_TILE=16 BITVECTOR_TILE=2048 BUFFER_SIZE=256 OUTER_ROW_NUM=6 OUTER_COL_NUM=5 OUTER_VEC_BLK=2
EXECUTING: numactl --interleave=all /home/chrisarg/software-dev/Bit/scripts/../build/openmp_bit_nogpu 65536 1024 1024 20
COMPILING: make -C /home/chrisarg/software-dev/Bit/scripts/.. -f Makefile -B build/openmp_bit_nogpu GPU=NONE LIBPOPCNT=1 CPU_TILE=32 BITVECTOR_TILE=512 BUFFER_SIZE=4096 OUTER_ROW_NUM=1 OUTER_COL_NUM=4 OUTER_VEC_BLK=1
EXECUTING: numactl --interleave=all /home/chrisarg/software-dev/Bit/scripts/../build/openmp_bit_nogpu 65536 1024 1024 20
COMPILING: make -C /home/chrisarg/software-dev/Bit/scripts/.. -f Makefile -B build/openmp_bit_nogpu GPU=NONE LIBPOPCNT=1 CPU_TILE=16 BITVECTOR_TILE=512 BUFFER_SIZE=1024 OUTER_ROW_NUM=6 OUTER_COL_NUM=2 OUTER_VEC_BLK=8
EXECUTING: numactl --interleave=all /home/chrisarg/software-dev/Bit/scripts/../build/openmp_bit_nogpu 65536 1024 1024 20
COMPILING: make -C /home/chrisarg/software-dev/Bit/scripts/.. -f Makefile -B build/openmp_bit_nogpu GPU=NONE LIBPOPCNT=1 CPU_TILE=64 BITVECTOR_TILE=2048 BUFFER_SIZE=128 OUTER_ROW_NUM=4 OUTER_COL_NUM=2 OUTER_VEC_BLK=6
EXECUTING: numactl --interleave=all /home/chrisarg/software-dev/Bit/scripts/../build/openmp_bit_nogpu 262144 1024 1024 20
COMPILING: make -C /home/chrisarg/software-dev/Bit/scripts/.. -f Makefile -B build/openmp_bit_nogpu GPU=NONE LIBPOPCNT=0 CPU_TILE=32 BITVECTOR_TILE=1024 BUFFER_SIZE=256 OUTER_ROW_NUM=4 OUTER_COL_NUM=4 OUTER_VEC_BLK=3
EXECUTING: numactl --interleave=all /home/chrisarg/software-dev/Bit/scripts/../build/openmp_bit_nogpu 65536 1024 1024 20
COMPILING: make -C /home/chrisarg/software-dev/Bit/scripts/.. -f Makefile -B build/openmp_bit_nogpu GPU=NONE LIBPOPCNT=1 CPU_TILE=16 BITVECTOR_TILE=2048 BUFFER_SIZE=256 OUTER_ROW_NUM=4 OUTER_COL_NUM=4 OUTER_VEC_BLK=8
EXECUTING: numactl --interleave=all /home/chrisarg/software-dev/Bit/scripts/../build/openmp_bit_nogpu 262144 1024 1024 20
COMPILING: make -C /home/chrisarg/software-dev/Bit/scripts/.. -f Makefile -B build/openmp_bit_nogpu GPU=NONE LIBPOPCNT=1 CPU_TILE=64 BITVECTOR_TILE=1024 BUFFER_SIZE=512 OUTER_ROW_NUM=6 OUTER_COL_NUM=5 OUTER_VEC_BLK=6
EXECUTING: numactl --interleave=all /home/chrisarg/software-dev/Bit/scripts/../build/openmp_bit_nogpu 65536 1024 1024 20
COMPILING: make -C /home/chrisarg/software-dev/Bit/scripts/.. -f Makefile -B build/openmp_bit_nogpu GPU=NONE LIBPOPCNT=1 CPU_TILE=64 BITVECTOR_TILE=1024 BUFFER_SIZE=128 OUTER_ROW_NUM=3 OUTER_COL_NUM=5 OUTER_VEC_BLK=3
EXECUTING: numactl --interleave=all /home/chrisarg/software-dev/Bit/scripts/../build/openmp_bit_nogpu 262144 1024 1024 20
COMPILING: make -C /home/chrisarg/software-dev/Bit/scripts/.. -f Makefile -B build/openmp_bit_nogpu GPU=NONE LIBPOPCNT=1 CPU_TILE=32 BITVECTOR_TILE=512 BUFFER_SIZE=256 OUTER_ROW_NUM=5 OUTER_COL_NUM=6 OUTER_VEC_BLK=8
EXECUTING: numactl --interleave=all /home/chrisarg/software-dev/Bit/scripts/../build/openmp_bit_nogpu 65536 1024 1024 20
COMPILING: make -C /home/chrisarg/software-dev/Bit/scripts/.. -f Makefile -B build/openmp_bit_nogpu GPU=NONE LIBPOPCNT=1 CPU_TILE=64 BITVECTOR_TILE=2048 BUFFER_SIZE=512 OUTER_ROW_NUM=3 OUTER_COL_NUM=2 OUTER_VEC_BLK=3
EXECUTING: numactl --interleave=all /home/chrisarg/software-dev/Bit/scripts/../build/openmp_bit_nogpu 262144 1024 1024 20
COMPILING: make -C /home/chrisarg/software-dev/Bit/scripts/.. -f Makefile -B build/openmp_bit_nogpu GPU=NONE LIBPOPCNT=0 CPU_TILE=32 BITVECTOR_TILE=1024 BUFFER_SIZE=512 OUTER_ROW_NUM=6 OUTER_COL_NUM=2 OUTER_VEC_BLK=6
EXECUTING: numactl --interleave=all /home/chrisarg/software-dev/Bit/scripts/../build/openmp_bit_nogpu 65536 1024 1024 20
COMPILING: make -C /home/chrisarg/software-dev/Bit/scripts/.. -f Makefile -B build/openmp_bit_nogpu GPU=NONE LIBPOPCNT=0 CPU_TILE=32 BITVECTOR_TILE=1024 BUFFER_SIZE=128 OUTER_ROW_NUM=1 OUTER_COL_NUM=6 OUTER_VEC_BLK=4
EXECUTING: numactl --interleave=all /home/chrisarg/software-dev/Bit/scripts/../build/openmp_bit_nogpu 65536 1024 1024 20
COMPILING: make -C /home/chrisarg/software-dev/Bit/scripts/.. -f Makefile -B build/openmp_bit_nogpu GPU=NONE LIBPOPCNT=1 CPU_TILE=64 BITVECTOR_TILE=1024 BUFFER_SIZE=128 OUTER_ROW_NUM=4 OUTER_COL_NUM=2 OUTER_VEC_BLK=6
EXECUTING: numactl --interleave=all /home/chrisarg/software-dev/Bit/scripts/../build/openmp_bit_nogpu 262144 1024 1024 20
COMPILING: make -C /home/chrisarg/software-dev/Bit/scripts/.. -f Makefile -B build/openmp_bit_nogpu GPU=NONE LIBPOPCNT=1 CPU_TILE=16 BITVECTOR_TILE=512 BUFFER_SIZE=512 OUTER_ROW_NUM=5 OUTER_COL_NUM=5 OUTER_VEC_BLK=6
EXECUTING: numactl --interleave=all /home/chrisarg/software-dev/Bit/scripts/../build/openmp_bit_nogpu 262144 1024 1024 20
COMPILING: make -C /home/chrisarg/software-dev/Bit/scripts/.. -f Makefile -B build/openmp_bit_nogpu GPU=NONE LIBPOPCNT=0 CPU_TILE=16 BITVECTOR_TILE=1024 BUFFER_SIZE=4096 OUTER_ROW_NUM=2 OUTER_COL_NUM=1 OUTER_VEC_BLK=8
EXECUTING: numactl --interleave=all /home/chrisarg/software-dev/Bit/scripts/../build/openmp_bit_nogpu 262144 1024 1024 20
COMPILING: make -C /home/chrisarg/software-dev/Bit/scripts/.. -f Makefile -B build/openmp_bit_nogpu GPU=NONE LIBPOPCNT=0 CPU_TILE=64 BITVECTOR_TILE=1024 BUFFER_SIZE=512 OUTER_ROW_NUM=6 OUTER_COL_NUM=6 OUTER_VEC_BLK=4
EXECUTING: numactl --interleave=all /home/chrisarg/software-dev/Bit/scripts/../build/openmp_bit_nogpu 65536 1024 1024 20
COMPILING: make -C /home/chrisarg/software-dev/Bit/scripts/.. -f Makefile -B build/openmp_bit_nogpu GPU=NONE LIBPOPCNT=0 CPU_TILE=16 BITVECTOR_TILE=512 BUFFER_SIZE=256 OUTER_ROW_NUM=1 OUTER_COL_NUM=5 OUTER_VEC_BLK=8
EXECUTING: numactl --interleave=all /home/chrisarg/software-dev/Bit/scripts/../build/openmp_bit_nogpu 262144 1024 1024 20
COMPILING: make -C /home/chrisarg/software-dev/Bit/scripts/.. -f Makefile -B build/openmp_bit_nogpu GPU=NONE LIBPOPCNT=0 CPU_TILE=64 BITVECTOR_TILE=2048 BUFFER_SIZE=1024 OUTER_ROW_NUM=1 OUTER_COL_NUM=5 OUTER_VEC_BLK=3
EXECUTING: numactl --interleave=all /home/chrisarg/software-dev/Bit/scripts/../build/openmp_bit_nogpu 65536 1024 1024 20
COMPILING: make -C /home/chrisarg/software-dev/Bit/scripts/.. -f Makefile -B build/openmp_bit_nogpu GPU=NONE LIBPOPCNT=0 CPU_TILE=64 BITVECTOR_TILE=512 BUFFER_SIZE=4096 OUTER_ROW_NUM=1 OUTER_COL_NUM=5 OUTER_VEC_BLK=4
EXECUTING: numactl --interleave=all /home/chrisarg/software-dev/Bit/scripts/../build/openmp_bit_nogpu 65536 1024 1024 20
COMPILING: make -C /home/chrisarg/software-dev/Bit/scripts/.. -f Makefile -B build/openmp_bit_nogpu GPU=NONE LIBPOPCNT=0 CPU_TILE=64 BITVECTOR_TILE=512 BUFFER_SIZE=1024 OUTER_ROW_NUM=1 OUTER_COL_NUM=2 OUTER_VEC_BLK=2
EXECUTING: numactl --interleave=all /home/chrisarg/software-dev/Bit/scripts/../build/openmp_bit_nogpu 262144 1024 1024 20
COMPILING: make -C /home/chrisarg/software-dev/Bit/scripts/.. -f Makefile -B build/openmp_bit_nogpu GPU=NONE LIBPOPCNT=0 CPU_TILE=64 BITVECTOR_TILE=512 BUFFER_SIZE=4096 OUTER_ROW_NUM=6 OUTER_COL_NUM=5 OUTER_VEC_BLK=1
EXECUTING: numactl --interleave=all /home/chrisarg/software-dev/Bit/scripts/../build/openmp_bit_nogpu 65536 1024 1024 20
COMPILING: make -C /home/chrisarg/software-dev/Bit/scripts/.. -f Makefile -B build/openmp_bit_nogpu GPU=NONE LIBPOPCNT=1 CPU_TILE=16 BITVECTOR_TILE=2048 BUFFER_SIZE=256 OUTER_ROW_NUM=4 OUTER_COL_NUM=6 OUTER_VEC_BLK=3
EXECUTING: numactl --interleave=all /home/chrisarg/software-dev/Bit/scripts/../build/openmp_bit_nogpu 65536 1024 1024 20
COMPILING: make -C /home/chrisarg/software-dev/Bit/scripts/.. -f Makefile -B build/openmp_bit_nogpu GPU=NONE LIBPOPCNT=0 CPU_TILE=16 BITVECTOR_TILE=2048 BUFFER_SIZE=256 OUTER_ROW_NUM=4 OUTER_COL_NUM=4 OUTER_VEC_BLK=6
EXECUTING: numactl --interleave=all /home/chrisarg/software-dev/Bit/scripts/../build/openmp_bit_nogpu 262144 1024 1024 20
COMPILING: make -C /home/chrisarg/software-dev/Bit/scripts/.. -f Makefile -B build/openmp_bit_nogpu GPU=NONE LIBPOPCNT=0 CPU_TILE=64 BITVECTOR_TILE=1024 BUFFER_SIZE=4096 OUTER_ROW_NUM=3 OUTER_COL_NUM=6 OUTER_VEC_BLK=2
EXECUTING: numactl --interleave=all /home/chrisarg/software-dev/Bit/scripts/../build/openmp_bit_nogpu 262144 1024 1024 20
COMPILING: make -C /home/chrisarg/software-dev/Bit/scripts/.. -f Makefile -B build/openmp_bit_nogpu GPU=NONE LIBPOPCNT=0 CPU_TILE=16 BITVECTOR_TILE=512 BUFFER_SIZE=4096 OUTER_ROW_NUM=1 OUTER_COL_NUM=6 OUTER_VEC_BLK=6
EXECUTING: numactl --interleave=all /home/chrisarg/software-dev/Bit/scripts/../build/openmp_bit_nogpu 65536 1024 1024 20
COMPILING: make -C /home/chrisarg/software-dev/Bit/scripts/.. -f Makefile -B build/openmp_bit_nogpu GPU=NONE LIBPOPCNT=0 CPU_TILE=64 BITVECTOR_TILE=2048 BUFFER_SIZE=1024 OUTER_ROW_NUM=4 OUTER_COL_NUM=4 OUTER_VEC_BLK=6
EXECUTING: numactl --interleave=all /home/chrisarg/software-dev/Bit/scripts/../build/openmp_bit_nogpu 65536 1024 1024 20
COMPILING: make -C /home/chrisarg/software-dev/Bit/scripts/.. -f Makefile -B build/openmp_bit_nogpu GPU=NONE LIBPOPCNT=0 CPU_TILE=16 BITVECTOR_TILE=512 BUFFER_SIZE=128 OUTER_ROW_NUM=1 OUTER_COL_NUM=5 OUTER_VEC_BLK=2
EXECUTING: numactl --interleave=all /home/chrisarg/software-dev/Bit/scripts/../build/openmp_bit_nogpu 65536 1024 1024 20
COMPILING: make -C /home/chrisarg/software-dev/Bit/scripts/.. -f Makefile -B build/openmp_bit_nogpu GPU=NONE LIBPOPCNT=1 CPU_TILE=64 BITVECTOR_TILE=512 BUFFER_SIZE=512 OUTER_ROW_NUM=1 OUTER_COL_NUM=6 OUTER_VEC_BLK=8
EXECUTING: numactl --interleave=all /home/chrisarg/software-dev/Bit/scripts/../build/openmp_bit_nogpu 262144 1024 1024 20
COMPILING: make -C /home/chrisarg/software-dev/Bit/scripts/.. -f Makefile -B build/openmp_bit_nogpu GPU=NONE LIBPOPCNT=0 CPU_TILE=64 BITVECTOR_TILE=2048 BUFFER_SIZE=128 OUTER_ROW_NUM=4 OUTER_COL_NUM=5 OUTER_VEC_BLK=6
EXECUTING: numactl --interleave=all /home/chrisarg/software-dev/Bit/scripts/../build/openmp_bit_nogpu 262144 1024 1024 20
COMPILING: make -C /home/chrisarg/software-dev/Bit/scripts/.. -f Makefile -B build/openmp_bit_nogpu GPU=NONE LIBPOPCNT=0 CPU_TILE=32 BITVECTOR_TILE=1024 BUFFER_SIZE=4096 OUTER_ROW_NUM=1 OUTER_COL_NUM=2 OUTER_VEC_BLK=1
EXECUTING: numactl --interleave=all /home/chrisarg/software-dev/Bit/scripts/../build/openmp_bit_nogpu 65536 1024 1024 20
COMPILING: make -C /home/chrisarg/software-dev/Bit/scripts/.. -f Makefile -B build/openmp_bit_nogpu GPU=NONE LIBPOPCNT=1 CPU_TILE=64 BITVECTOR_TILE=1024 BUFFER_SIZE=128 OUTER_ROW_NUM=6 OUTER_COL_NUM=4 OUTER_VEC_BLK=1
EXECUTING: numactl --interleave=all /home/chrisarg/software-dev/Bit/scripts/../build/openmp_bit_nogpu 65536 1024 1024 20
COMPILING: make -C /home/chrisarg/software-dev/Bit/scripts/.. -f Makefile -B build/openmp_bit_nogpu GPU=NONE LIBPOPCNT=0 CPU_TILE=16 BITVECTOR_TILE=2048 BUFFER_SIZE=512 OUTER_ROW_NUM=4 OUTER_COL_NUM=6 OUTER_VEC_BLK=8
EXECUTING: numactl --interleave=all /home/chrisarg/software-dev/Bit/scripts/../build/openmp_bit_nogpu 65536 1024 1024 20
COMPILING: make -C /home/chrisarg/software-dev/Bit/scripts/.. -f Makefile -B build/openmp_bit_nogpu GPU=NONE LIBPOPCNT=1 CPU_TILE=32 BITVECTOR_TILE=1024 BUFFER_SIZE=256 OUTER_ROW_NUM=5 OUTER_COL_NUM=3 OUTER_VEC_BLK=4
EXECUTING: numactl --interleave=all /home/chrisarg/software-dev/Bit/scripts/../build/openmp_bit_nogpu 262144 1024 1024 20
COMPILING: make -C /home/chrisarg/software-dev/Bit/scripts/.. -f Makefile -B build/openmp_bit_nogpu GPU=NONE LIBPOPCNT=1 CPU_TILE=32 BITVECTOR_TILE=2048 BUFFER_SIZE=1024 OUTER_ROW_NUM=6 OUTER_COL_NUM=5 OUTER_VEC_BLK=1
EXECUTING: numactl --interleave=all /home/chrisarg/software-dev/Bit/scripts/../build/openmp_bit_nogpu 262144 1024 1024 20
COMPILING: make -C /home/chrisarg/software-dev/Bit/scripts/.. -f Makefile -B build/openmp_bit_nogpu GPU=NONE LIBPOPCNT=1 CPU_TILE=16 BITVECTOR_TILE=512 BUFFER_SIZE=512 OUTER_ROW_NUM=5 OUTER_COL_NUM=5 OUTER_VEC_BLK=1
EXECUTING: numactl --interleave=all /home/chrisarg/software-dev/Bit/scripts/../build/openmp_bit_nogpu 262144 1024 1024 20
COMPILING: make -C /home/chrisarg/software-dev/Bit/scripts/.. -f Makefile -B build/openmp_bit_nogpu GPU=NONE LIBPOPCNT=1 CPU_TILE=64 BITVECTOR_TILE=2048 BUFFER_SIZE=4096 OUTER_ROW_NUM=3 OUTER_COL_NUM=1 OUTER_VEC_BLK=6
EXECUTING: numactl --interleave=all /home/chrisarg/software-dev/Bit/scripts/../build/openmp_bit_nogpu 262144 1024 1024 20
COMPILING: make -C /home/chrisarg/software-dev/Bit/scripts/.. -f Makefile -B build/openmp_bit_nogpu GPU=NONE LIBPOPCNT=0 CPU_TILE=64 BITVECTOR_TILE=512 BUFFER_SIZE=256 OUTER_ROW_NUM=5 OUTER_COL_NUM=5 OUTER_VEC_BLK=6
EXECUTING: numactl --interleave=all /home/chrisarg/software-dev/Bit/scripts/../build/openmp_bit_nogpu 65536 1024 1024 20
COMPILING: make -C /home/chrisarg/software-dev/Bit/scripts/.. -f Makefile -B build/openmp_bit_nogpu GPU=NONE LIBPOPCNT=0 CPU_TILE=64 BITVECTOR_TILE=512 BUFFER_SIZE=512 OUTER_ROW_NUM=4 OUTER_COL_NUM=6 OUTER_VEC_BLK=2
EXECUTING: numactl --interleave=all /home/chrisarg/software-dev/Bit/scripts/../build/openmp_bit_nogpu 262144 1024 1024 20
COMPILING: make -C /home/chrisarg/software-dev/Bit/scripts/.. -f Makefile -B build/openmp_bit_nogpu GPU=NONE LIBPOPCNT=0 CPU_TILE=64 BITVECTOR_TILE=2048 BUFFER_SIZE=512 OUTER_ROW_NUM=5 OUTER_COL_NUM=6 OUTER_VEC_BLK=8
EXECUTING: numactl --interleave=all /home/chrisarg/software-dev/Bit/scripts/../build/openmp_bit_nogpu 262144 1024 1024 20
COMPILING: make -C /home/chrisarg/software-dev/Bit/scripts/.. -f Makefile -B build/openmp_bit_nogpu GPU=NONE LIBPOPCNT=0 CPU_TILE=64 BITVECTOR_TILE=512 BUFFER_SIZE=128 OUTER_ROW_NUM=4 OUTER_COL_NUM=6 OUTER_VEC_BLK=3
EXECUTING: numactl --interleave=all /home/chrisarg/software-dev/Bit/scripts/../build/openmp_bit_nogpu 65536 1024 1024 20
COMPILING: make -C /home/chrisarg/software-dev/Bit/scripts/.. -f Makefile -B build/openmp_bit_nogpu GPU=NONE LIBPOPCNT=1 CPU_TILE=64 BITVECTOR_TILE=1024 BUFFER_SIZE=256 OUTER_ROW_NUM=6 OUTER_COL_NUM=1 OUTER_VEC_BLK=6
EXECUTING: numactl --interleave=all /home/chrisarg/software-dev/Bit/scripts/../build/openmp_bit_nogpu 65536 1024 1024 20
COMPILING: make -C /home/chrisarg/software-dev/Bit/scripts/.. -f Makefile -B build/openmp_bit_nogpu GPU=NONE LIBPOPCNT=1 CPU_TILE=32 BITVECTOR_TILE=1024 BUFFER_SIZE=4096 OUTER_ROW_NUM=2 OUTER_COL_NUM=5 OUTER_VEC_BLK=3
EXECUTING: numactl --interleave=all /home/chrisarg/software-dev/Bit/scripts/../build/openmp_bit_nogpu 65536 1024 1024 20
COMPILING: make -C /home/chrisarg/software-dev/Bit/scripts/.. -f Makefile -B build/openmp_bit_nogpu GPU=NONE LIBPOPCNT=1 CPU_TILE=16 BITVECTOR_TILE=512 BUFFER_SIZE=4096 OUTER_ROW_NUM=1 OUTER_COL_NUM=1 OUTER_VEC_BLK=6
EXECUTING: numactl --interleave=all /home/chrisarg/software-dev/Bit/scripts/../build/openmp_bit_nogpu 65536 1024 1024 20
COMPILING: make -C /home/chrisarg/software-dev/Bit/scripts/.. -f Makefile -B build/openmp_bit_nogpu GPU=NONE LIBPOPCNT=1 CPU_TILE=64 BITVECTOR_TILE=512 BUFFER_SIZE=1024 OUTER_ROW_NUM=4 OUTER_COL_NUM=4 OUTER_VEC_BLK=1
EXECUTING: numactl --interleave=all /home/chrisarg/software-dev/Bit/scripts/../build/openmp_bit_nogpu 262144 1024 1024 20
COMPILING: make -C /home/chrisarg/software-dev/Bit/scripts/.. -f Makefile -B build/openmp_bit_nogpu GPU=NONE LIBPOPCNT=0 CPU_TILE=32 BITVECTOR_TILE=1024 BUFFER_SIZE=128 OUTER_ROW_NUM=5 OUTER_COL_NUM=4 OUTER_VEC_BLK=1
EXECUTING: numactl --interleave=all /home/chrisarg/software-dev/Bit/scripts/../build/openmp_bit_nogpu 65536 1024 1024 20
COMPILING: make -C /home/chrisarg/software-dev/Bit/scripts/.. -f Makefile -B build/openmp_bit_nogpu GPU=NONE LIBPOPCNT=0 CPU_TILE=16 BITVECTOR_TILE=2048 BUFFER_SIZE=128 OUTER_ROW_NUM=4 OUTER_COL_NUM=2 OUTER_VEC_BLK=8
EXECUTING: numactl --interleave=all /home/chrisarg/software-dev/Bit/scripts/../build/openmp_bit_nogpu 65536 1024 1024 20
COMPILING: make -C /home/chrisarg/software-dev/Bit/scripts/.. -f Makefile -B build/openmp_bit_nogpu GPU=NONE LIBPOPCNT=0 CPU_TILE=32 BITVECTOR_TILE=512 BUFFER_SIZE=256 OUTER_ROW_NUM=5 OUTER_COL_NUM=6 OUTER_VEC_BLK=2
EXECUTING: numactl --interleave=all /home/chrisarg/software-dev/Bit/scripts/../build/openmp_bit_nogpu 262144 1024 1024 20
COMPILING: make -C /home/chrisarg/software-dev/Bit/scripts/.. -f Makefile -B build/openmp_bit_nogpu GPU=NONE LIBPOPCNT=1 CPU_TILE=16 BITVECTOR_TILE=2048 BUFFER_SIZE=4096 OUTER_ROW_NUM=6 OUTER_COL_NUM=3 OUTER_VEC_BLK=6
EXECUTING: numactl --interleave=all /home/chrisarg/software-dev/Bit/scripts/../build/openmp_bit_nogpu 65536 1024 1024 20
COMPILING: make -C /home/chrisarg/software-dev/Bit/scripts/.. -f Makefile -B build/openmp_bit_nogpu GPU=NONE LIBPOPCNT=0 CPU_TILE=64 BITVECTOR_TILE=1024 BUFFER_SIZE=4096 OUTER_ROW_NUM=4 OUTER_COL_NUM=2 OUTER_VEC_BLK=3
EXECUTING: numactl --interleave=all /home/chrisarg/software-dev/Bit/scripts/../build/openmp_bit_nogpu 262144 1024 1024 20
COMPILING: make -C /home/chrisarg/software-dev/Bit/scripts/.. -f Makefile -B build/openmp_bit_nogpu GPU=NONE LIBPOPCNT=0 CPU_TILE=32 BITVECTOR_TILE=512 BUFFER_SIZE=256 OUTER_ROW_NUM=5 OUTER_COL_NUM=2 OUTER_VEC_BLK=4
EXECUTING: numactl --interleave=all /home/chrisarg/software-dev/Bit/scripts/../build/openmp_bit_nogpu 65536 1024 1024 20
COMPILING: make -C /home/chrisarg/software-dev/Bit/scripts/.. -f Makefile -B build/openmp_bit_nogpu GPU=NONE LIBPOPCNT=1 CPU_TILE=32 BITVECTOR_TILE=2048 BUFFER_SIZE=4096 OUTER_ROW_NUM=6 OUTER_COL_NUM=4 OUTER_VEC_BLK=4
EXECUTING: numactl --interleave=all /home/chrisarg/software-dev/Bit/scripts/../build/openmp_bit_nogpu 262144 1024 1024 20
COMPILING: make -C /home/chrisarg/software-dev/Bit/scripts/.. -f Makefile -B build/openmp_bit_nogpu GPU=NONE LIBPOPCNT=0 CPU_TILE=32 BITVECTOR_TILE=512 BUFFER_SIZE=1024 OUTER_ROW_NUM=2 OUTER_COL_NUM=4 OUTER_VEC_BLK=6
EXECUTING: numactl --interleave=all /home/chrisarg/software-dev/Bit/scripts/../build/openmp_bit_nogpu 65536 1024 1024 20
COMPILING: make -C /home/chrisarg/software-dev/Bit/scripts/.. -f Makefile -B build/openmp_bit_nogpu GPU=NONE LIBPOPCNT=1 CPU_TILE=64 BITVECTOR_TILE=1024 BUFFER_SIZE=512 OUTER_ROW_NUM=4 OUTER_COL_NUM=6 OUTER_VEC_BLK=8
EXECUTING: numactl --interleave=all /home/chrisarg/software-dev/Bit/scripts/../build/openmp_bit_nogpu 262144 1024 1024 20
COMPILING: make -C /home/chrisarg/software-dev/Bit/scripts/.. -f Makefile -B build/openmp_bit_nogpu GPU=NONE LIBPOPCNT=1 CPU_TILE=64 BITVECTOR_TILE=2048 BUFFER_SIZE=128 OUTER_ROW_NUM=1 OUTER_COL_NUM=5 OUTER_VEC_BLK=8
EXECUTING: numactl --interleave=all /home/chrisarg/software-dev/Bit/scripts/../build/openmp_bit_nogpu 65536 1024 1024 20
COMPILING: make -C /home/chrisarg/software-dev/Bit/scripts/.. -f Makefile -B build/openmp_bit_nogpu GPU=NONE LIBPOPCNT=0 CPU_TILE=64 BITVECTOR_TILE=1024 BUFFER_SIZE=128 OUTER_ROW_NUM=5 OUTER_COL_NUM=3 OUTER_VEC_BLK=8
EXECUTING: numactl --interleave=all /home/chrisarg/software-dev/Bit/scripts/../build/openmp_bit_nogpu 65536 1024 1024 20
COMPILING: make -C /home/chrisarg/software-dev/Bit/scripts/.. -f Makefile -B build/openmp_bit_nogpu GPU=NONE LIBPOPCNT=1 CPU_TILE=16 BITVECTOR_TILE=2048 BUFFER_SIZE=128 OUTER_ROW_NUM=4 OUTER_COL_NUM=5 OUTER_VEC_BLK=1
EXECUTING: numactl --interleave=all /home/chrisarg/software-dev/Bit/scripts/../build/openmp_bit_nogpu 65536 1024 1024 20
COMPILING: make -C /home/chrisarg/software-dev/Bit/scripts/.. -f Makefile -B build/openmp_bit_nogpu GPU=NONE LIBPOPCNT=0 CPU_TILE=32 BITVECTOR_TILE=512 BUFFER_SIZE=256 OUTER_ROW_NUM=3 OUTER_COL_NUM=5 OUTER_VEC_BLK=3
EXECUTING: numactl --interleave=all /home/chrisarg/software-dev/Bit/scripts/../build/openmp_bit_nogpu 65536 1024 1024 20
COMPILING: make -C /home/chrisarg/software-dev/Bit/scripts/.. -f Makefile -B build/openmp_bit_nogpu GPU=NONE LIBPOPCNT=0 CPU_TILE=64 BITVECTOR_TILE=512 BUFFER_SIZE=1024 OUTER_ROW_NUM=1 OUTER_COL_NUM=1 OUTER_VEC_BLK=2
EXECUTING: numactl --interleave=all /home/chrisarg/software-dev/Bit/scripts/../build/openmp_bit_nogpu 262144 1024 1024 20
COMPILING: make -C /home/chrisarg/software-dev/Bit/scripts/.. -f Makefile -B build/openmp_bit_nogpu GPU=NONE LIBPOPCNT=0 CPU_TILE=32 BITVECTOR_TILE=2048 BUFFER_SIZE=512 OUTER_ROW_NUM=5 OUTER_COL_NUM=6 OUTER_VEC_BLK=8
EXECUTING: numactl --interleave=all /home/chrisarg/software-dev/Bit/scripts/../build/openmp_bit_nogpu 262144 1024 1024 20
COMPILING: make -C /home/chrisarg/software-dev/Bit/scripts/.. -f Makefile -B build/openmp_bit_nogpu GPU=NONE LIBPOPCNT=1 CPU_TILE=16 BITVECTOR_TILE=2048 BUFFER_SIZE=128 OUTER_ROW_NUM=2 OUTER_COL_NUM=3 OUTER_VEC_BLK=4
EXECUTING: numactl --interleave=all /home/chrisarg/software-dev/Bit/scripts/../build/openmp_bit_nogpu 65536 1024 1024 20
COMPILING: make -C /home/chrisarg/software-dev/Bit/scripts/.. -f Makefile -B build/openmp_bit_nogpu GPU=NONE LIBPOPCNT=1 CPU_TILE=64 BITVECTOR_TILE=2048 BUFFER_SIZE=128 OUTER_ROW_NUM=2 OUTER_COL_NUM=6 OUTER_VEC_BLK=6
EXECUTING: numactl --interleave=all /home/chrisarg/software-dev/Bit/scripts/../build/openmp_bit_nogpu 65536 1024 1024 20
COMPILING: make -C /home/chrisarg/software-dev/Bit/scripts/.. -f Makefile -B build/openmp_bit_nogpu GPU=NONE LIBPOPCNT=0 CPU_TILE=64 BITVECTOR_TILE=512 BUFFER_SIZE=128 OUTER_ROW_NUM=6 OUTER_COL_NUM=1 OUTER_VEC_BLK=1
EXECUTING: numactl --interleave=all /home/chrisarg/software-dev/Bit/scripts/../build/openmp_bit_nogpu 262144 1024 1024 20
COMPILING: make -C /home/chrisarg/software-dev/Bit/scripts/.. -f Makefile -B build/openmp_bit_nogpu GPU=NONE LIBPOPCNT=1 CPU_TILE=32 BITVECTOR_TILE=1024 BUFFER_SIZE=128 OUTER_ROW_NUM=3 OUTER_COL_NUM=4 OUTER_VEC_BLK=1
EXECUTING: numactl --interleave=all /home/chrisarg/software-dev/Bit/scripts/../build/openmp_bit_nogpu 262144 1024 1024 20
COMPILING: make -C /home/chrisarg/software-dev/Bit/scripts/.. -f Makefile -B build/openmp_bit_nogpu GPU=NONE LIBPOPCNT=1 CPU_TILE=32 BITVECTOR_TILE=1024 BUFFER_SIZE=4096 OUTER_ROW_NUM=2 OUTER_COL_NUM=5 OUTER_VEC_BLK=2
EXECUTING: numactl --interleave=all /home/chrisarg/software-dev/Bit/scripts/../build/openmp_bit_nogpu 65536 1024 1024 20
COMPILING: make -C /home/chrisarg/software-dev/Bit/scripts/.. -f Makefile -B build/openmp_bit_nogpu GPU=NONE LIBPOPCNT=1 CPU_TILE=16 BITVECTOR_TILE=512 BUFFER_SIZE=128 OUTER_ROW_NUM=3 OUTER_COL_NUM=3 OUTER_VEC_BLK=6
EXECUTING: numactl --interleave=all /home/chrisarg/software-dev/Bit/scripts/../build/openmp_bit_nogpu 65536 1024 1024 20
COMPILING: make -C /home/chrisarg/software-dev/Bit/scripts/.. -f Makefile -B build/openmp_bit_nogpu GPU=NONE LIBPOPCNT=0 CPU_TILE=64 BITVECTOR_TILE=2048 BUFFER_SIZE=4096 OUTER_ROW_NUM=6 OUTER_COL_NUM=4 OUTER_VEC_BLK=2
EXECUTING: numactl --interleave=all /home/chrisarg/software-dev/Bit/scripts/../build/openmp_bit_nogpu 65536 1024 1024 20
COMPILING: make -C /home/chrisarg/software-dev/Bit/scripts/.. -f Makefile -B build/openmp_bit_nogpu GPU=NONE LIBPOPCNT=1 CPU_TILE=64 BITVECTOR_TILE=2048 BUFFER_SIZE=512 OUTER_ROW_NUM=6 OUTER_COL_NUM=5 OUTER_VEC_BLK=1
EXECUTING: numactl --interleave=all /home/chrisarg/software-dev/Bit/scripts/../build/openmp_bit_nogpu 262144 1024 1024 20
COMPILING: make -C /home/chrisarg/software-dev/Bit/scripts/.. -f Makefile -B build/openmp_bit_nogpu GPU=NONE LIBPOPCNT=0 CPU_TILE=32 BITVECTOR_TILE=2048 BUFFER_SIZE=4096 OUTER_ROW_NUM=5 OUTER_COL_NUM=6 OUTER_VEC_BLK=6
EXECUTING: numactl --interleave=all /home/chrisarg/software-dev/Bit/scripts/../build/openmp_bit_nogpu 262144 1024 1024 20
COMPILING: make -C /home/chrisarg/software-dev/Bit/scripts/.. -f Makefile -B build/openmp_bit_nogpu GPU=NONE LIBPOPCNT=1 CPU_TILE=16 BITVECTOR_TILE=2048 BUFFER_SIZE=128 OUTER_ROW_NUM=2 OUTER_COL_NUM=1 OUTER_VEC_BLK=6
EXECUTING: numactl --interleave=all /home/chrisarg/software-dev/Bit/scripts/../build/openmp_bit_nogpu 65536 1024 1024 20
COMPILING: make -C /home/chrisarg/software-dev/Bit/scripts/.. -f Makefile -B build/openmp_bit_nogpu GPU=NONE LIBPOPCNT=1 CPU_TILE=32 BITVECTOR_TILE=2048 BUFFER_SIZE=4096 OUTER_ROW_NUM=1 OUTER_COL_NUM=3 OUTER_VEC_BLK=4
EXECUTING: numactl --interleave=all /home/chrisarg/software-dev/Bit/scripts/../build/openmp_bit_nogpu 262144 1024 1024 20
COMPILING: make -C /home/chrisarg/software-dev/Bit/scripts/.. -f Makefile -B build/openmp_bit_nogpu GPU=NONE LIBPOPCNT=0 CPU_TILE=32 BITVECTOR_TILE=1024 BUFFER_SIZE=4096 OUTER_ROW_NUM=6 OUTER_COL_NUM=2 OUTER_VEC_BLK=8
EXECUTING: numactl --interleave=all /home/chrisarg/software-dev/Bit/scripts/../build/openmp_bit_nogpu 65536 1024 1024 20
COMPILING: make -C /home/chrisarg/software-dev/Bit/scripts/.. -f Makefile -B build/openmp_bit_nogpu GPU=NONE LIBPOPCNT=0 CPU_TILE=64 BITVECTOR_TILE=512 BUFFER_SIZE=4096 OUTER_ROW_NUM=2 OUTER_COL_NUM=4 OUTER_VEC_BLK=3
EXECUTING: numactl --interleave=all /home/chrisarg/software-dev/Bit/scripts/../build/openmp_bit_nogpu 65536 1024 1024 20
COMPILING: make -C /home/chrisarg/software-dev/Bit/scripts/.. -f Makefile -B build/openmp_bit_nogpu GPU=NONE LIBPOPCNT=0 CPU_TILE=64 BITVECTOR_TILE=512 BUFFER_SIZE=128 OUTER_ROW_NUM=4 OUTER_COL_NUM=5 OUTER_VEC_BLK=8
EXECUTING: numactl --interleave=all /home/chrisarg/software-dev/Bit/scripts/../build/openmp_bit_nogpu 262144 1024 1024 20
COMPILING: make -C /home/chrisarg/software-dev/Bit/scripts/.. -f Makefile -B build/openmp_bit_nogpu GPU=NONE LIBPOPCNT=0 CPU_TILE=16 BITVECTOR_TILE=2048 BUFFER_SIZE=512 OUTER_ROW_NUM=5 OUTER_COL_NUM=5 OUTER_VEC_BLK=6
EXECUTING: numactl --interleave=all /home/chrisarg/software-dev/Bit/scripts/../build/openmp_bit_nogpu 65536 1024 1024 20
COMPILING: make -C /home/chrisarg/software-dev/Bit/scripts/.. -f Makefile -B build/openmp_bit_nogpu GPU=NONE LIBPOPCNT=1 CPU_TILE=64 BITVECTOR_TILE=2048 BUFFER_SIZE=512 OUTER_ROW_NUM=2 OUTER_COL_NUM=3 OUTER_VEC_BLK=8
EXECUTING: numactl --interleave=all /home/chrisarg/software-dev/Bit/scripts/../build/openmp_bit_nogpu 65536 1024 1024 20
COMPILING: make -C /home/chrisarg/software-dev/Bit/scripts/.. -f Makefile -B build/openmp_bit_nogpu GPU=NONE LIBPOPCNT=1 CPU_TILE=32 BITVECTOR_TILE=512 BUFFER_SIZE=512 OUTER_ROW_NUM=3 OUTER_COL_NUM=5 OUTER_VEC_BLK=4
EXECUTING: numactl --interleave=all /home/chrisarg/software-dev/Bit/scripts/../build/openmp_bit_nogpu 65536 1024 1024 20
COMPILING: make -C /home/chrisarg/software-dev/Bit/scripts/.. -f Makefile -B build/openmp_bit_nogpu GPU=NONE LIBPOPCNT=1 CPU_TILE=64 BITVECTOR_TILE=512 BUFFER_SIZE=512 OUTER_ROW_NUM=3 OUTER_COL_NUM=6 OUTER_VEC_BLK=4
EXECUTING: numactl --interleave=all /home/chrisarg/software-dev/Bit/scripts/../build/openmp_bit_nogpu 262144 1024 1024 20
COMPILING: make -C /home/chrisarg/software-dev/Bit/scripts/.. -f Makefile -B build/openmp_bit_nogpu GPU=NONE LIBPOPCNT=1 CPU_TILE=32 BITVECTOR_TILE=1024 BUFFER_SIZE=512 OUTER_ROW_NUM=3 OUTER_COL_NUM=2 OUTER_VEC_BLK=6
EXECUTING: numactl --interleave=all /home/chrisarg/software-dev/Bit/scripts/../build/openmp_bit_nogpu 262144 1024 1024 20
COMPILING: make -C /home/chrisarg/software-dev/Bit/scripts/.. -f Makefile -B build/openmp_bit_nogpu GPU=NONE LIBPOPCNT=1 CPU_TILE=16 BITVECTOR_TILE=1024 BUFFER_SIZE=256 OUTER_ROW_NUM=1 OUTER_COL_NUM=5 OUTER_VEC_BLK=8
EXECUTING: numactl --interleave=all /home/chrisarg/software-dev/Bit/scripts/../build/openmp_bit_nogpu 65536 1024 1024 20
COMPILING: make -C /home/chrisarg/software-dev/Bit/scripts/.. -f Makefile -B build/openmp_bit_nogpu GPU=NONE LIBPOPCNT=0 CPU_TILE=16 BITVECTOR_TILE=1024 BUFFER_SIZE=128 OUTER_ROW_NUM=6 OUTER_COL_NUM=4 OUTER_VEC_BLK=1
EXECUTING: numactl --interleave=all /home/chrisarg/software-dev/Bit/scripts/../build/openmp_bit_nogpu 262144 1024 1024 20
COMPILING: make -C /home/chrisarg/software-dev/Bit/scripts/.. -f Makefile -B build/openmp_bit_nogpu GPU=NONE LIBPOPCNT=1 CPU_TILE=32 BITVECTOR_TILE=512 BUFFER_SIZE=256 OUTER_ROW_NUM=5 OUTER_COL_NUM=5 OUTER_VEC_BLK=6
EXECUTING: numactl --interleave=all /home/chrisarg/software-dev/Bit/scripts/../build/openmp_bit_nogpu 262144 1024 1024 20
COMPILING: make -C /home/chrisarg/software-dev/Bit/scripts/.. -f Makefile -B build/openmp_bit_nogpu GPU=NONE LIBPOPCNT=1 CPU_TILE=64 BITVECTOR_TILE=2048 BUFFER_SIZE=512 OUTER_ROW_NUM=1 OUTER_COL_NUM=1 OUTER_VEC_BLK=1
EXECUTING: numactl --interleave=all /home/chrisarg/software-dev/Bit/scripts/../build/openmp_bit_nogpu 65536 1024 1024 20
COMPILING: make -C /home/chrisarg/software-dev/Bit/scripts/.. -f Makefile -B build/openmp_bit_nogpu GPU=NONE LIBPOPCNT=1 CPU_TILE=64 BITVECTOR_TILE=2048 BUFFER_SIZE=4096 OUTER_ROW_NUM=2 OUTER_COL_NUM=1 OUTER_VEC_BLK=8
EXECUTING: numactl --interleave=all /home/chrisarg/software-dev/Bit/scripts/../build/openmp_bit_nogpu 65536 1024 1024 20
COMPILING: make -C /home/chrisarg/software-dev/Bit/scripts/.. -f Makefile -B build/openmp_bit_nogpu GPU=NONE LIBPOPCNT=0 CPU_TILE=64 BITVECTOR_TILE=2048 BUFFER_SIZE=256 OUTER_ROW_NUM=3 OUTER_COL_NUM=4 OUTER_VEC_BLK=1
EXECUTING: numactl --interleave=all /home/chrisarg/software-dev/Bit/scripts/../build/openmp_bit_nogpu 65536 1024 1024 20
COMPILING: make -C /home/chrisarg/software-dev/Bit/scripts/.. -f Makefile -B build/openmp_bit_nogpu GPU=NONE LIBPOPCNT=0 CPU_TILE=64 BITVECTOR_TILE=2048 BUFFER_SIZE=4096 OUTER_ROW_NUM=1 OUTER_COL_NUM=1 OUTER_VEC_BLK=2
EXECUTING: numactl --interleave=all /home/chrisarg/software-dev/Bit/scripts/../build/openmp_bit_nogpu 65536 1024 1024 20
COMPILING: make -C /home/chrisarg/software-dev/Bit/scripts/.. -f Makefile -B build/openmp_bit_nogpu GPU=NONE LIBPOPCNT=0 CPU_TILE=64 BITVECTOR_TILE=1024 BUFFER_SIZE=256 OUTER_ROW_NUM=3 OUTER_COL_NUM=5 OUTER_VEC_BLK=6
EXECUTING: numactl --interleave=all /home/chrisarg/software-dev/Bit/scripts/../build/openmp_bit_nogpu 262144 1024 1024 20
COMPILING: make -C /home/chrisarg/software-dev/Bit/scripts/.. -f Makefile -B build/openmp_bit_nogpu GPU=NONE LIBPOPCNT=1 CPU_TILE=32 BITVECTOR_TILE=2048 BUFFER_SIZE=512 OUTER_ROW_NUM=3 OUTER_COL_NUM=2 OUTER_VEC_BLK=1
EXECUTING: numactl --interleave=all /home/chrisarg/software-dev/Bit/scripts/../build/openmp_bit_nogpu 65536 1024 1024 20
COMPILING: make -C /home/chrisarg/software-dev/Bit/scripts/.. -f Makefile -B build/openmp_bit_nogpu GPU=NONE LIBPOPCNT=1 CPU_TILE=16 BITVECTOR_TILE=1024 BUFFER_SIZE=512 OUTER_ROW_NUM=5 OUTER_COL_NUM=6 OUTER_VEC_BLK=4
EXECUTING: numactl --interleave=all /home/chrisarg/software-dev/Bit/scripts/../build/openmp_bit_nogpu 65536 1024 1024 20
COMPILING: make -C /home/chrisarg/software-dev/Bit/scripts/.. -f Makefile -B build/openmp_bit_nogpu GPU=NONE LIBPOPCNT=0 CPU_TILE=16 BITVECTOR_TILE=2048 BUFFER_SIZE=128 OUTER_ROW_NUM=5 OUTER_COL_NUM=2 OUTER_VEC_BLK=8
EXECUTING: numactl --interleave=all /home/chrisarg/software-dev/Bit/scripts/../build/openmp_bit_nogpu 65536 1024 1024 20
COMPILING: make -C /home/chrisarg/software-dev/Bit/scripts/.. -f Makefile -B build/openmp_bit_nogpu GPU=NONE LIBPOPCNT=1 CPU_TILE=16 BITVECTOR_TILE=512 BUFFER_SIZE=512 OUTER_ROW_NUM=5 OUTER_COL_NUM=1 OUTER_VEC_BLK=1
EXECUTING: numactl --interleave=all /home/chrisarg/software-dev/Bit/scripts/../build/openmp_bit_nogpu 65536 1024 1024 20
COMPILING: make -C /home/chrisarg/software-dev/Bit/scripts/.. -f Makefile -B build/openmp_bit_nogpu GPU=NONE LIBPOPCNT=0 CPU_TILE=16 BITVECTOR_TILE=1024 BUFFER_SIZE=1024 OUTER_ROW_NUM=1 OUTER_COL_NUM=3 OUTER_VEC_BLK=4
EXECUTING: numactl --interleave=all /home/chrisarg/software-dev/Bit/scripts/../build/openmp_bit_nogpu 262144 1024 1024 20
COMPILING: make -C /home/chrisarg/software-dev/Bit/scripts/.. -f Makefile -B build/openmp_bit_nogpu GPU=NONE LIBPOPCNT=1 CPU_TILE=16 BITVECTOR_TILE=512 BUFFER_SIZE=256 OUTER_ROW_NUM=4 OUTER_COL_NUM=4 OUTER_VEC_BLK=3
EXECUTING: numactl --interleave=all /home/chrisarg/software-dev/Bit/scripts/../build/openmp_bit_nogpu 65536 1024 1024 20
COMPILING: make -C /home/chrisarg/software-dev/Bit/scripts/.. -f Makefile -B build/openmp_bit_nogpu GPU=NONE LIBPOPCNT=1 CPU_TILE=16 BITVECTOR_TILE=512 BUFFER_SIZE=256 OUTER_ROW_NUM=2 OUTER_COL_NUM=5 OUTER_VEC_BLK=8
EXECUTING: numactl --interleave=all /home/chrisarg/software-dev/Bit/scripts/../build/openmp_bit_nogpu 262144 1024 1024 20
COMPILING: make -C /home/chrisarg/software-dev/Bit/scripts/.. -f Makefile -B build/openmp_bit_nogpu GPU=NONE LIBPOPCNT=0 CPU_TILE=64 BITVECTOR_TILE=1024 BUFFER_SIZE=128 OUTER_ROW_NUM=4 OUTER_COL_NUM=5 OUTER_VEC_BLK=2
EXECUTING: numactl --interleave=all /home/chrisarg/software-dev/Bit/scripts/../build/openmp_bit_nogpu 65536 1024 1024 20
COMPILING: make -C /home/chrisarg/software-dev/Bit/scripts/.. -f Makefile -B build/openmp_bit_nogpu GPU=NONE LIBPOPCNT=0 CPU_TILE=16 BITVECTOR_TILE=1024 BUFFER_SIZE=128 OUTER_ROW_NUM=5 OUTER_COL_NUM=5 OUTER_VEC_BLK=8
EXECUTING: numactl --interleave=all /home/chrisarg/software-dev/Bit/scripts/../build/openmp_bit_nogpu 262144 1024 1024 20
COMPILING: make -C /home/chrisarg/software-dev/Bit/scripts/.. -f Makefile -B build/openmp_bit_nogpu GPU=NONE LIBPOPCNT=0 CPU_TILE=32 BITVECTOR_TILE=1024 BUFFER_SIZE=128 OUTER_ROW_NUM=6 OUTER_COL_NUM=6 OUTER_VEC_BLK=6
EXECUTING: numactl --interleave=all /home/chrisarg/software-dev/Bit/scripts/../build/openmp_bit_nogpu 262144 1024 1024 20
COMPILING: make -C /home/chrisarg/software-dev/Bit/scripts/.. -f Makefile -B build/openmp_bit_nogpu GPU=NONE LIBPOPCNT=0 CPU_TILE=32 BITVECTOR_TILE=2048 BUFFER_SIZE=256 OUTER_ROW_NUM=6 OUTER_COL_NUM=4 OUTER_VEC_BLK=3
EXECUTING: numactl --interleave=all /home/chrisarg/software-dev/Bit/scripts/../build/openmp_bit_nogpu 262144 1024 1024 20
COMPILING: make -C /home/chrisarg/software-dev/Bit/scripts/.. -f Makefile -B build/openmp_bit_nogpu GPU=NONE LIBPOPCNT=1 CPU_TILE=16 BITVECTOR_TILE=1024 BUFFER_SIZE=1024 OUTER_ROW_NUM=3 OUTER_COL_NUM=1 OUTER_VEC_BLK=4
EXECUTING: numactl --interleave=all /home/chrisarg/software-dev/Bit/scripts/../build/openmp_bit_nogpu 262144 1024 1024 20
COMPILING: make -C /home/chrisarg/software-dev/Bit/scripts/.. -f Makefile -B build/openmp_bit_nogpu GPU=NONE LIBPOPCNT=0 CPU_TILE=32 BITVECTOR_TILE=2048 BUFFER_SIZE=128 OUTER_ROW_NUM=6 OUTER_COL_NUM=6 OUTER_VEC_BLK=8
EXECUTING: numactl --interleave=all /home/chrisarg/software-dev/Bit/scripts/../build/openmp_bit_nogpu 262144 1024 1024 20
COMPILING: make -C /home/chrisarg/software-dev/Bit/scripts/.. -f Makefile -B build/openmp_bit_nogpu GPU=NONE LIBPOPCNT=0 CPU_TILE=16 BITVECTOR_TILE=2048 BUFFER_SIZE=4096 OUTER_ROW_NUM=2 OUTER_COL_NUM=6 OUTER_VEC_BLK=3
EXECUTING: numactl --interleave=all /home/chrisarg/software-dev/Bit/scripts/../build/openmp_bit_nogpu 262144 1024 1024 20
COMPILING: make -C /home/chrisarg/software-dev/Bit/scripts/.. -f Makefile -B build/openmp_bit_nogpu GPU=NONE LIBPOPCNT=1 CPU_TILE=32 BITVECTOR_TILE=512 BUFFER_SIZE=512 OUTER_ROW_NUM=1 OUTER_COL_NUM=3 OUTER_VEC_BLK=2
EXECUTING: numactl --interleave=all /home/chrisarg/software-dev/Bit/scripts/../build/openmp_bit_nogpu 262144 1024 1024 20
COMPILING: make -C /home/chrisarg/software-dev/Bit/scripts/.. -f Makefile -B build/openmp_bit_nogpu GPU=NONE LIBPOPCNT=1 CPU_TILE=32 BITVECTOR_TILE=512 BUFFER_SIZE=512 OUTER_ROW_NUM=2 OUTER_COL_NUM=5 OUTER_VEC_BLK=4
EXECUTING: numactl --interleave=all /home/chrisarg/software-dev/Bit/scripts/../build/openmp_bit_nogpu 262144 1024 1024 20
COMPILING: make -C /home/chrisarg/software-dev/Bit/scripts/.. -f Makefile -B build/openmp_bit_nogpu GPU=NONE LIBPOPCNT=0 CPU_TILE=64 BITVECTOR_TILE=2048 BUFFER_SIZE=128 OUTER_ROW_NUM=4 OUTER_COL_NUM=4 OUTER_VEC_BLK=8
EXECUTING: numactl --interleave=all /home/chrisarg/software-dev/Bit/scripts/../build/openmp_bit_nogpu 262144 1024 1024 20
COMPILING: make -C /home/chrisarg/software-dev/Bit/scripts/.. -f Makefile -B build/openmp_bit_nogpu GPU=NONE LIBPOPCNT=1 CPU_TILE=64 BITVECTOR_TILE=2048 BUFFER_SIZE=128 OUTER_ROW_NUM=1 OUTER_COL_NUM=2 OUTER_VEC_BLK=8
EXECUTING: numactl --interleave=all /home/chrisarg/software-dev/Bit/scripts/../build/openmp_bit_nogpu 262144 1024 1024 20
COMPILING: make -C /home/chrisarg/software-dev/Bit/scripts/.. -f Makefile -B build/openmp_bit_nogpu GPU=NONE LIBPOPCNT=0 CPU_TILE=16 BITVECTOR_TILE=1024 BUFFER_SIZE=512 OUTER_ROW_NUM=1 OUTER_COL_NUM=3 OUTER_VEC_BLK=1
EXECUTING: numactl --interleave=all /home/chrisarg/software-dev/Bit/scripts/../build/openmp_bit_nogpu 65536 1024 1024 20
COMPILING: make -C /home/chrisarg/software-dev/Bit/scripts/.. -f Makefile -B build/openmp_bit_nogpu GPU=NONE LIBPOPCNT=0 CPU_TILE=64 BITVECTOR_TILE=2048 BUFFER_SIZE=256 OUTER_ROW_NUM=4 OUTER_COL_NUM=4 OUTER_VEC_BLK=6
EXECUTING: numactl --interleave=all /home/chrisarg/software-dev/Bit/scripts/../build/openmp_bit_nogpu 65536 1024 1024 20
COMPILING: make -C /home/chrisarg/software-dev/Bit/scripts/.. -f Makefile -B build/openmp_bit_nogpu GPU=NONE LIBPOPCNT=0 CPU_TILE=16 BITVECTOR_TILE=512 BUFFER_SIZE=1024 OUTER_ROW_NUM=5 OUTER_COL_NUM=5 OUTER_VEC_BLK=4
EXECUTING: numactl --interleave=all /home/chrisarg/software-dev/Bit/scripts/../build/openmp_bit_nogpu 262144 1024 1024 20
COMPILING: make -C /home/chrisarg/software-dev/Bit/scripts/.. -f Makefile -B build/openmp_bit_nogpu GPU=NONE LIBPOPCNT=0 CPU_TILE=32 BITVECTOR_TILE=2048 BUFFER_SIZE=1024 OUTER_ROW_NUM=2 OUTER_COL_NUM=4 OUTER_VEC_BLK=8
EXECUTING: numactl --interleave=all /home/chrisarg/software-dev/Bit/scripts/../build/openmp_bit_nogpu 65536 1024 1024 20
COMPILING: make -C /home/chrisarg/software-dev/Bit/scripts/.. -f Makefile -B build/openmp_bit_nogpu GPU=NONE LIBPOPCNT=1 CPU_TILE=16 BITVECTOR_TILE=512 BUFFER_SIZE=256 OUTER_ROW_NUM=6 OUTER_COL_NUM=6 OUTER_VEC_BLK=8
EXECUTING: numactl --interleave=all /home/chrisarg/software-dev/Bit/scripts/../build/openmp_bit_nogpu 65536 1024 1024 20
COMPILING: make -C /home/chrisarg/software-dev/Bit/scripts/.. -f Makefile -B build/openmp_bit_nogpu GPU=NONE LIBPOPCNT=1 CPU_TILE=32 BITVECTOR_TILE=512 BUFFER_SIZE=4096 OUTER_ROW_NUM=5 OUTER_COL_NUM=5 OUTER_VEC_BLK=4
EXECUTING: numactl --interleave=all /home/chrisarg/software-dev/Bit/scripts/../build/openmp_bit_nogpu 262144 1024 1024 20
COMPILING: make -C /home/chrisarg/software-dev/Bit/scripts/.. -f Makefile -B build/openmp_bit_nogpu GPU=NONE LIBPOPCNT=0 CPU_TILE=64 BITVECTOR_TILE=1024 BUFFER_SIZE=128 OUTER_ROW_NUM=2 OUTER_COL_NUM=4 OUTER_VEC_BLK=2
EXECUTING: numactl --interleave=all /home/chrisarg/software-dev/Bit/scripts/../build/openmp_bit_nogpu 262144 1024 1024 20
COMPILING: make -C /home/chrisarg/software-dev/Bit/scripts/.. -f Makefile -B build/openmp_bit_nogpu GPU=NONE LIBPOPCNT=0 CPU_TILE=16 BITVECTOR_TILE=2048 BUFFER_SIZE=4096 OUTER_ROW_NUM=2 OUTER_COL_NUM=1 OUTER_VEC_BLK=4
EXECUTING: numactl --interleave=all /home/chrisarg/software-dev/Bit/scripts/../build/openmp_bit_nogpu 65536 1024 1024 20
COMPILING: make -C /home/chrisarg/software-dev/Bit/scripts/.. -f Makefile -B build/openmp_bit_nogpu GPU=NONE LIBPOPCNT=1 CPU_TILE=64 BITVECTOR_TILE=2048 BUFFER_SIZE=128 OUTER_ROW_NUM=2 OUTER_COL_NUM=1 OUTER_VEC_BLK=4
EXECUTING: numactl --interleave=all /home/chrisarg/software-dev/Bit/scripts/../build/openmp_bit_nogpu 262144 1024 1024 20
COMPILING: make -C /home/chrisarg/software-dev/Bit/scripts/.. -f Makefile -B build/openmp_bit_nogpu GPU=NONE LIBPOPCNT=1 CPU_TILE=16 BITVECTOR_TILE=2048 BUFFER_SIZE=4096 OUTER_ROW_NUM=1 OUTER_COL_NUM=2 OUTER_VEC_BLK=6
EXECUTING: numactl --interleave=all /home/chrisarg/software-dev/Bit/scripts/../build/openmp_bit_nogpu 65536 1024 1024 20
COMPILING: make -C /home/chrisarg/software-dev/Bit/scripts/.. -f Makefile -B build/openmp_bit_nogpu GPU=NONE LIBPOPCNT=1 CPU_TILE=32 BITVECTOR_TILE=2048 BUFFER_SIZE=128 OUTER_ROW_NUM=6 OUTER_COL_NUM=2 OUTER_VEC_BLK=2
EXECUTING: numactl --interleave=all /home/chrisarg/software-dev/Bit/scripts/../build/openmp_bit_nogpu 262144 1024 1024 20
COMPILING: make -C /home/chrisarg/software-dev/Bit/scripts/.. -f Makefile -B build/openmp_bit_nogpu GPU=NONE LIBPOPCNT=1 CPU_TILE=64 BITVECTOR_TILE=1024 BUFFER_SIZE=512 OUTER_ROW_NUM=5 OUTER_COL_NUM=1 OUTER_VEC_BLK=3
EXECUTING: numactl --interleave=all /home/chrisarg/software-dev/Bit/scripts/../build/openmp_bit_nogpu 262144 1024 1024 20
COMPILING: make -C /home/chrisarg/software-dev/Bit/scripts/.. -f Makefile -B build/openmp_bit_nogpu GPU=NONE LIBPOPCNT=0 CPU_TILE=32 BITVECTOR_TILE=512 BUFFER_SIZE=128 OUTER_ROW_NUM=3 OUTER_COL_NUM=6 OUTER_VEC_BLK=4
EXECUTING: numactl --interleave=all /home/chrisarg/software-dev/Bit/scripts/../build/openmp_bit_nogpu 262144 1024 1024 20
COMPILING: make -C /home/chrisarg/software-dev/Bit/scripts/.. -f Makefile -B build/openmp_bit_nogpu GPU=NONE LIBPOPCNT=0 CPU_TILE=64 BITVECTOR_TILE=1024 BUFFER_SIZE=4096 OUTER_ROW_NUM=3 OUTER_COL_NUM=6 OUTER_VEC_BLK=8
EXECUTING: numactl --interleave=all /home/chrisarg/software-dev/Bit/scripts/../build/openmp_bit_nogpu 262144 1024 1024 20
COMPILING: make -C /home/chrisarg/software-dev/Bit/scripts/.. -f Makefile -B build/openmp_bit_nogpu GPU=NONE LIBPOPCNT=1 CPU_TILE=32 BITVECTOR_TILE=1024 BUFFER_SIZE=256 OUTER_ROW_NUM=1 OUTER_COL_NUM=1 OUTER_VEC_BLK=2
EXECUTING: numactl --interleave=all /home/chrisarg/software-dev/Bit/scripts/../build/openmp_bit_nogpu 262144 1024 1024 20
COMPILING: make -C /home/chrisarg/software-dev/Bit/scripts/.. -f Makefile -B build/openmp_bit_nogpu GPU=NONE LIBPOPCNT=0 CPU_TILE=16 BITVECTOR_TILE=2048 BUFFER_SIZE=128 OUTER_ROW_NUM=3 OUTER_COL_NUM=5 OUTER_VEC_BLK=6
EXECUTING: numactl --interleave=all /home/chrisarg/software-dev/Bit/scripts/../build/openmp_bit_nogpu 262144 1024 1024 20
COMPILING: make -C /home/chrisarg/software-dev/Bit/scripts/.. -f Makefile -B build/openmp_bit_nogpu GPU=NONE LIBPOPCNT=1 CPU_TILE=16 BITVECTOR_TILE=1024 BUFFER_SIZE=128 OUTER_ROW_NUM=2 OUTER_COL_NUM=5 OUTER_VEC_BLK=3
EXECUTING: numactl --interleave=all /home/chrisarg/software-dev/Bit/scripts/../build/openmp_bit_nogpu 65536 1024 1024 20
COMPILING: make -C /home/chrisarg/software-dev/Bit/scripts/.. -f Makefile -B build/openmp_bit_nogpu GPU=NONE LIBPOPCNT=1 CPU_TILE=32 BITVECTOR_TILE=1024 BUFFER_SIZE=4096 OUTER_ROW_NUM=1 OUTER_COL_NUM=6 OUTER_VEC_BLK=8
EXECUTING: numactl --interleave=all /home/chrisarg/software-dev/Bit/scripts/../build/openmp_bit_nogpu 262144 1024 1024 20
COMPILING: make -C /home/chrisarg/software-dev/Bit/scripts/.. -f Makefile -B build/openmp_bit_nogpu GPU=NONE LIBPOPCNT=1 CPU_TILE=16 BITVECTOR_TILE=1024 BUFFER_SIZE=512 OUTER_ROW_NUM=4 OUTER_COL_NUM=5 OUTER_VEC_BLK=8
EXECUTING: numactl --interleave=all /home/chrisarg/software-dev/Bit/scripts/../build/openmp_bit_nogpu 65536 1024 1024 20
COMPILING: make -C /home/chrisarg/software-dev/Bit/scripts/.. -f Makefile -B build/openmp_bit_nogpu GPU=NONE LIBPOPCNT=0 CPU_TILE=16 BITVECTOR_TILE=512 BUFFER_SIZE=4096 OUTER_ROW_NUM=5 OUTER_COL_NUM=5 OUTER_VEC_BLK=6
EXECUTING: numactl --interleave=all /home/chrisarg/software-dev/Bit/scripts/../build/openmp_bit_nogpu 65536 1024 1024 20
COMPILING: make -C /home/chrisarg/software-dev/Bit/scripts/.. -f Makefile -B build/openmp_bit_nogpu GPU=NONE LIBPOPCNT=1 CPU_TILE=64 BITVECTOR_TILE=2048 BUFFER_SIZE=1024 OUTER_ROW_NUM=4 OUTER_COL_NUM=2 OUTER_VEC_BLK=3
EXECUTING: numactl --interleave=all /home/chrisarg/software-dev/Bit/scripts/../build/openmp_bit_nogpu 65536 1024 1024 20
COMPILING: make -C /home/chrisarg/software-dev/Bit/scripts/.. -f Makefile -B build/openmp_bit_nogpu GPU=NONE LIBPOPCNT=1 CPU_TILE=16 BITVECTOR_TILE=1024 BUFFER_SIZE=128 OUTER_ROW_NUM=5 OUTER_COL_NUM=2 OUTER_VEC_BLK=2
EXECUTING: numactl --interleave=all /home/chrisarg/software-dev/Bit/scripts/../build/openmp_bit_nogpu 262144 1024 1024 20
COMPILING: make -C /home/chrisarg/software-dev/Bit/scripts/.. -f Makefile -B build/openmp_bit_nogpu GPU=NONE LIBPOPCNT=1 CPU_TILE=32 BITVECTOR_TILE=2048 BUFFER_SIZE=1024 OUTER_ROW_NUM=6 OUTER_COL_NUM=4 OUTER_VEC_BLK=2
EXECUTING: numactl --interleave=all /home/chrisarg/software-dev/Bit/scripts/../build/openmp_bit_nogpu 65536 1024 1024 20
COMPILING: make -C /home/chrisarg/software-dev/Bit/scripts/.. -f Makefile -B build/openmp_bit_nogpu GPU=NONE LIBPOPCNT=0 CPU_TILE=32 BITVECTOR_TILE=2048 BUFFER_SIZE=4096 OUTER_ROW_NUM=2 OUTER_COL_NUM=2 OUTER_VEC_BLK=1
EXECUTING: numactl --interleave=all /home/chrisarg/software-dev/Bit/scripts/../build/openmp_bit_nogpu 262144 1024 1024 20
COMPILING: make -C /home/chrisarg/software-dev/Bit/scripts/.. -f Makefile -B build/openmp_bit_nogpu GPU=NONE LIBPOPCNT=0 CPU_TILE=64 BITVECTOR_TILE=2048 BUFFER_SIZE=128 OUTER_ROW_NUM=6 OUTER_COL_NUM=3 OUTER_VEC_BLK=3
EXECUTING: numactl --interleave=all /home/chrisarg/software-dev/Bit/scripts/../build/openmp_bit_nogpu 65536 1024 1024 20
COMPILING: make -C /home/chrisarg/software-dev/Bit/scripts/.. -f Makefile -B build/openmp_bit_nogpu GPU=NONE LIBPOPCNT=1 CPU_TILE=16 BITVECTOR_TILE=512 BUFFER_SIZE=4096 OUTER_ROW_NUM=5 OUTER_COL_NUM=4 OUTER_VEC_BLK=8
EXECUTING: numactl --interleave=all /home/chrisarg/software-dev/Bit/scripts/../build/openmp_bit_nogpu 262144 1024 1024 20
COMPILING: make -C /home/chrisarg/software-dev/Bit/scripts/.. -f Makefile -B build/openmp_bit_nogpu GPU=NONE LIBPOPCNT=1 CPU_TILE=32 BITVECTOR_TILE=512 BUFFER_SIZE=256 OUTER_ROW_NUM=2 OUTER_COL_NUM=4 OUTER_VEC_BLK=1
EXECUTING: numactl --interleave=all /home/chrisarg/software-dev/Bit/scripts/../build/openmp_bit_nogpu 262144 1024 1024 20
COMPILING: make -C /home/chrisarg/software-dev/Bit/scripts/.. -f Makefile -B build/openmp_bit_nogpu GPU=NONE LIBPOPCNT=1 CPU_TILE=16 BITVECTOR_TILE=1024 BUFFER_SIZE=256 OUTER_ROW_NUM=4 OUTER_COL_NUM=3 OUTER_VEC_BLK=4
EXECUTING: numactl --interleave=all /home/chrisarg/software-dev/Bit/scripts/../build/openmp_bit_nogpu 65536 1024 1024 20
COMPILING: make -C /home/chrisarg/software-dev/Bit/scripts/.. -f Makefile -B build/openmp_bit_nogpu GPU=NONE LIBPOPCNT=1 CPU_TILE=32 BITVECTOR_TILE=512 BUFFER_SIZE=512 OUTER_ROW_NUM=6 OUTER_COL_NUM=2 OUTER_VEC_BLK=2
EXECUTING: numactl --interleave=all /home/chrisarg/software-dev/Bit/scripts/../build/openmp_bit_nogpu 262144 1024 1024 20
COMPILING: make -C /home/chrisarg/software-dev/Bit/scripts/.. -f Makefile -B build/openmp_bit_nogpu GPU=NONE LIBPOPCNT=0 CPU_TILE=16 BITVECTOR_TILE=1024 BUFFER_SIZE=1024 OUTER_ROW_NUM=3 OUTER_COL_NUM=2 OUTER_VEC_BLK=1
EXECUTING: numactl --interleave=all /home/chrisarg/software-dev/Bit/scripts/../build/openmp_bit_nogpu 262144 1024 1024 20
COMPILING: make -C /home/chrisarg/software-dev/Bit/scripts/.. -f Makefile -B build/openmp_bit_nogpu GPU=NONE LIBPOPCNT=1 CPU_TILE=16 BITVECTOR_TILE=1024 BUFFER_SIZE=1024 OUTER_ROW_NUM=4 OUTER_COL_NUM=3 OUTER_VEC_BLK=2
EXECUTING: numactl --interleave=all /home/chrisarg/software-dev/Bit/scripts/../build/openmp_bit_nogpu 262144 1024 1024 20
COMPILING: make -C /home/chrisarg/software-dev/Bit/scripts/.. -f Makefile -B build/openmp_bit_nogpu GPU=NONE LIBPOPCNT=1 CPU_TILE=16 BITVECTOR_TILE=1024 BUFFER_SIZE=1024 OUTER_ROW_NUM=1 OUTER_COL_NUM=4 OUTER_VEC_BLK=1
EXECUTING: numactl --interleave=all /home/chrisarg/software-dev/Bit/scripts/../build/openmp_bit_nogpu 262144 1024 1024 20
COMPILING: make -C /home/chrisarg/software-dev/Bit/scripts/.. -f Makefile -B build/openmp_bit_nogpu GPU=NONE LIBPOPCNT=1 CPU_TILE=64 BITVECTOR_TILE=1024 BUFFER_SIZE=256 OUTER_ROW_NUM=5 OUTER_COL_NUM=6 OUTER_VEC_BLK=6
EXECUTING: numactl --interleave=all /home/chrisarg/software-dev/Bit/scripts/../build/openmp_bit_nogpu 65536 1024 1024 20
COMPILING: make -C /home/chrisarg/software-dev/Bit/scripts/.. -f Makefile -B build/openmp_bit_nogpu GPU=NONE LIBPOPCNT=1 CPU_TILE=16 BITVECTOR_TILE=512 BUFFER_SIZE=1024 OUTER_ROW_NUM=5 OUTER_COL_NUM=1 OUTER_VEC_BLK=4
EXECUTING: numactl --interleave=all /home/chrisarg/software-dev/Bit/scripts/../build/openmp_bit_nogpu 262144 1024 1024 20
COMPILING: make -C /home/chrisarg/software-dev/Bit/scripts/.. -f Makefile -B build/openmp_bit_nogpu GPU=NONE LIBPOPCNT=1 CPU_TILE=32 BITVECTOR_TILE=2048 BUFFER_SIZE=256 OUTER_ROW_NUM=1 OUTER_COL_NUM=2 OUTER_VEC_BLK=8
EXECUTING: numactl --interleave=all /home/chrisarg/software-dev/Bit/scripts/../build/openmp_bit_nogpu 262144 1024 1024 20
COMPILING: make -C /home/chrisarg/software-dev/Bit/scripts/.. -f Makefile -B build/openmp_bit_nogpu GPU=NONE LIBPOPCNT=1 CPU_TILE=64 BITVECTOR_TILE=1024 BUFFER_SIZE=128 OUTER_ROW_NUM=6 OUTER_COL_NUM=6 OUTER_VEC_BLK=2
EXECUTING: numactl --interleave=all /home/chrisarg/software-dev/Bit/scripts/../build/openmp_bit_nogpu 65536 1024 1024 20
COMPILING: make -C /home/chrisarg/software-dev/Bit/scripts/.. -f Makefile -B build/openmp_bit_nogpu GPU=NONE LIBPOPCNT=1 CPU_TILE=32 BITVECTOR_TILE=2048 BUFFER_SIZE=128 OUTER_ROW_NUM=3 OUTER_COL_NUM=3 OUTER_VEC_BLK=6
EXECUTING: numactl --interleave=all /home/chrisarg/software-dev/Bit/scripts/../build/openmp_bit_nogpu 262144 1024 1024 20
COMPILING: make -C /home/chrisarg/software-dev/Bit/scripts/.. -f Makefile -B build/openmp_bit_nogpu GPU=NONE LIBPOPCNT=0 CPU_TILE=64 BITVECTOR_TILE=512 BUFFER_SIZE=1024 OUTER_ROW_NUM=2 OUTER_COL_NUM=3 OUTER_VEC_BLK=8
EXECUTING: numactl --interleave=all /home/chrisarg/software-dev/Bit/scripts/../build/openmp_bit_nogpu 262144 1024 1024 20
COMPILING: make -C /home/chrisarg/software-dev/Bit/scripts/.. -f Makefile -B build/openmp_bit_nogpu GPU=NONE LIBPOPCNT=1 CPU_TILE=64 BITVECTOR_TILE=1024 BUFFER_SIZE=512 OUTER_ROW_NUM=6 OUTER_COL_NUM=2 OUTER_VEC_BLK=8
EXECUTING: numactl --interleave=all /home/chrisarg/software-dev/Bit/scripts/../build/openmp_bit_nogpu 65536 1024 1024 20
COMPILING: make -C /home/chrisarg/software-dev/Bit/scripts/.. -f Makefile -B build/openmp_bit_nogpu GPU=NONE LIBPOPCNT=1 CPU_TILE=32 BITVECTOR_TILE=2048 BUFFER_SIZE=256 OUTER_ROW_NUM=4 OUTER_COL_NUM=6 OUTER_VEC_BLK=3
EXECUTING: numactl --interleave=all /home/chrisarg/software-dev/Bit/scripts/../build/openmp_bit_nogpu 65536 1024 1024 20
COMPILING: make -C /home/chrisarg/software-dev/Bit/scripts/.. -f Makefile -B build/openmp_bit_nogpu GPU=NONE LIBPOPCNT=1 CPU_TILE=16 BITVECTOR_TILE=2048 BUFFER_SIZE=256 OUTER_ROW_NUM=3 OUTER_COL_NUM=3 OUTER_VEC_BLK=2
EXECUTING: numactl --interleave=all /home/chrisarg/software-dev/Bit/scripts/../build/openmp_bit_nogpu 65536 1024 1024 20
COMPILING: make -C /home/chrisarg/software-dev/Bit/scripts/.. -f Makefile -B build/openmp_bit_nogpu GPU=NONE LIBPOPCNT=1 CPU_TILE=16 BITVECTOR_TILE=512 BUFFER_SIZE=4096 OUTER_ROW_NUM=3 OUTER_COL_NUM=5 OUTER_VEC_BLK=1
EXECUTING: numactl --interleave=all /home/chrisarg/software-dev/Bit/scripts/../build/openmp_bit_nogpu 262144 1024 1024 20
COMPILING: make -C /home/chrisarg/software-dev/Bit/scripts/.. -f Makefile -B build/openmp_bit_nogpu GPU=NONE LIBPOPCNT=0 CPU_TILE=64 BITVECTOR_TILE=512 BUFFER_SIZE=256 OUTER_ROW_NUM=6 OUTER_COL_NUM=2 OUTER_VEC_BLK=6
EXECUTING: numactl --interleave=all /home/chrisarg/software-dev/Bit/scripts/../build/openmp_bit_nogpu 65536 1024 1024 20
COMPILING: make -C /home/chrisarg/software-dev/Bit/scripts/.. -f Makefile -B build/openmp_bit_nogpu GPU=NONE LIBPOPCNT=0 CPU_TILE=64 BITVECTOR_TILE=1024 BUFFER_SIZE=4096 OUTER_ROW_NUM=5 OUTER_COL_NUM=1 OUTER_VEC_BLK=2
EXECUTING: numactl --interleave=all /home/chrisarg/software-dev/Bit/scripts/../build/openmp_bit_nogpu 65536 1024 1024 20
COMPILING: make -C /home/chrisarg/software-dev/Bit/scripts/.. -f Makefile -B build/openmp_bit_nogpu GPU=NONE LIBPOPCNT=0 CPU_TILE=16 BITVECTOR_TILE=1024 BUFFER_SIZE=256 OUTER_ROW_NUM=4 OUTER_COL_NUM=1 OUTER_VEC_BLK=3
EXECUTING: numactl --interleave=all /home/chrisarg/software-dev/Bit/scripts/../build/openmp_bit_nogpu 262144 1024 1024 20
COMPILING: make -C /home/chrisarg/software-dev/Bit/scripts/.. -f Makefile -B build/openmp_bit_nogpu GPU=NONE LIBPOPCNT=1 CPU_TILE=32 BITVECTOR_TILE=2048 BUFFER_SIZE=256 OUTER_ROW_NUM=3 OUTER_COL_NUM=3 OUTER_VEC_BLK=6
EXECUTING: numactl --interleave=all /home/chrisarg/software-dev/Bit/scripts/../build/openmp_bit_nogpu 65536 1024 1024 20
COMPILING: make -C /home/chrisarg/software-dev/Bit/scripts/.. -f Makefile -B build/openmp_bit_nogpu GPU=NONE LIBPOPCNT=1 CPU_TILE=64 BITVECTOR_TILE=512 BUFFER_SIZE=512 OUTER_ROW_NUM=5 OUTER_COL_NUM=1 OUTER_VEC_BLK=8
EXECUTING: numactl --interleave=all /home/chrisarg/software-dev/Bit/scripts/../build/openmp_bit_nogpu 65536 1024 1024 20
COMPILING: make -C /home/chrisarg/software-dev/Bit/scripts/.. -f Makefile -B build/openmp_bit_nogpu GPU=NONE LIBPOPCNT=0 CPU_TILE=32 BITVECTOR_TILE=512 BUFFER_SIZE=1024 OUTER_ROW_NUM=5 OUTER_COL_NUM=3 OUTER_VEC_BLK=8
EXECUTING: numactl --interleave=all /home/chrisarg/software-dev/Bit/scripts/../build/openmp_bit_nogpu 65536 1024 1024 20
COMPILING: make -C /home/chrisarg/software-dev/Bit/scripts/.. -f Makefile -B build/openmp_bit_nogpu GPU=NONE LIBPOPCNT=1 CPU_TILE=32 BITVECTOR_TILE=2048 BUFFER_SIZE=128 OUTER_ROW_NUM=2 OUTER_COL_NUM=6 OUTER_VEC_BLK=3
EXECUTING: numactl --interleave=all /home/chrisarg/software-dev/Bit/scripts/../build/openmp_bit_nogpu 262144 1024 1024 20
COMPILING: make -C /home/chrisarg/software-dev/Bit/scripts/.. -f Makefile -B build/openmp_bit_nogpu GPU=NONE LIBPOPCNT=1 CPU_TILE=32 BITVECTOR_TILE=512 BUFFER_SIZE=512 OUTER_ROW_NUM=3 OUTER_COL_NUM=3 OUTER_VEC_BLK=6
EXECUTING: numactl --interleave=all /home/chrisarg/software-dev/Bit/scripts/../build/openmp_bit_nogpu 65536 1024 1024 20
COMPILING: make -C /home/chrisarg/software-dev/Bit/scripts/.. -f Makefile -B build/openmp_bit_nogpu GPU=NONE LIBPOPCNT=1 CPU_TILE=16 BITVECTOR_TILE=512 BUFFER_SIZE=1024 OUTER_ROW_NUM=1 OUTER_COL_NUM=1 OUTER_VEC_BLK=2
EXECUTING: numactl --interleave=all /home/chrisarg/software-dev/Bit/scripts/../build/openmp_bit_nogpu 65536 1024 1024 20
COMPILING: make -C /home/chrisarg/software-dev/Bit/scripts/.. -f Makefile -B build/openmp_bit_nogpu GPU=NONE LIBPOPCNT=0 CPU_TILE=16 BITVECTOR_TILE=1024 BUFFER_SIZE=128 OUTER_ROW_NUM=1 OUTER_COL_NUM=1 OUTER_VEC_BLK=1
EXECUTING: numactl --interleave=all /home/chrisarg/software-dev/Bit/scripts/../build/openmp_bit_nogpu 65536 1024 1024 20
COMPILING: make -C /home/chrisarg/software-dev/Bit/scripts/.. -f Makefile -B build/openmp_bit_nogpu GPU=NONE LIBPOPCNT=1 CPU_TILE=32 BITVECTOR_TILE=2048 BUFFER_SIZE=512 OUTER_ROW_NUM=4 OUTER_COL_NUM=6 OUTER_VEC_BLK=8
EXECUTING: numactl --interleave=all /home/chrisarg/software-dev/Bit/scripts/../build/openmp_bit_nogpu 262144 1024 1024 20
COMPILING: make -C /home/chrisarg/software-dev/Bit/scripts/.. -f Makefile -B build/openmp_bit_nogpu GPU=NONE LIBPOPCNT=1 CPU_TILE=64 BITVECTOR_TILE=1024 BUFFER_SIZE=256 OUTER_ROW_NUM=1 OUTER_COL_NUM=6 OUTER_VEC_BLK=3
EXECUTING: numactl --interleave=all /home/chrisarg/software-dev/Bit/scripts/../build/openmp_bit_nogpu 65536 1024 1024 20
COMPILING: make -C /home/chrisarg/software-dev/Bit/scripts/.. -f Makefile -B build/openmp_bit_nogpu GPU=NONE LIBPOPCNT=1 CPU_TILE=64 BITVECTOR_TILE=512 BUFFER_SIZE=256 OUTER_ROW_NUM=3 OUTER_COL_NUM=3 OUTER_VEC_BLK=3
EXECUTING: numactl --interleave=all /home/chrisarg/software-dev/Bit/scripts/../build/openmp_bit_nogpu 262144 1024 1024 20
COMPILING: make -C /home/chrisarg/software-dev/Bit/scripts/.. -f Makefile -B build/openmp_bit_nogpu GPU=NONE LIBPOPCNT=0 CPU_TILE=64 BITVECTOR_TILE=1024 BUFFER_SIZE=128 OUTER_ROW_NUM=5 OUTER_COL_NUM=1 OUTER_VEC_BLK=6
EXECUTING: numactl --interleave=all /home/chrisarg/software-dev/Bit/scripts/../build/openmp_bit_nogpu 262144 1024 1024 20
COMPILING: make -C /home/chrisarg/software-dev/Bit/scripts/.. -f Makefile -B build/openmp_bit_nogpu GPU=NONE LIBPOPCNT=1 CPU_TILE=32 BITVECTOR_TILE=512 BUFFER_SIZE=256 OUTER_ROW_NUM=3 OUTER_COL_NUM=3 OUTER_VEC_BLK=6
EXECUTING: numactl --interleave=all /home/chrisarg/software-dev/Bit/scripts/../build/openmp_bit_nogpu 262144 1024 1024 20
COMPILING: make -C /home/chrisarg/software-dev/Bit/scripts/.. -f Makefile -B build/openmp_bit_nogpu GPU=NONE LIBPOPCNT=0 CPU_TILE=64 BITVECTOR_TILE=2048 BUFFER_SIZE=1024 OUTER_ROW_NUM=3 OUTER_COL_NUM=1 OUTER_VEC_BLK=4
EXECUTING: numactl --interleave=all /home/chrisarg/software-dev/Bit/scripts/../build/openmp_bit_nogpu 65536 1024 1024 20
COMPILING: make -C /home/chrisarg/software-dev/Bit/scripts/.. -f Makefile -B build/openmp_bit_nogpu GPU=NONE LIBPOPCNT=1 CPU_TILE=16 BITVECTOR_TILE=1024 BUFFER_SIZE=512 OUTER_ROW_NUM=5 OUTER_COL_NUM=3 OUTER_VEC_BLK=2
EXECUTING: numactl --interleave=all /home/chrisarg/software-dev/Bit/scripts/../build/openmp_bit_nogpu 65536 1024 1024 20
COMPILING: make -C /home/chrisarg/software-dev/Bit/scripts/.. -f Makefile -B build/openmp_bit_nogpu GPU=NONE LIBPOPCNT=1 CPU_TILE=64 BITVECTOR_TILE=1024 BUFFER_SIZE=128 OUTER_ROW_NUM=6 OUTER_COL_NUM=4 OUTER_VEC_BLK=3
EXECUTING: numactl --interleave=all /home/chrisarg/software-dev/Bit/scripts/../build/openmp_bit_nogpu 262144 1024 1024 20
COMPILING: make -C /home/chrisarg/software-dev/Bit/scripts/.. -f Makefile -B build/openmp_bit_nogpu GPU=NONE LIBPOPCNT=1 CPU_TILE=64 BITVECTOR_TILE=2048 BUFFER_SIZE=128 OUTER_ROW_NUM=3 OUTER_COL_NUM=4 OUTER_VEC_BLK=3
EXECUTING: numactl --interleave=all /home/chrisarg/software-dev/Bit/scripts/../build/openmp_bit_nogpu 262144 1024 1024 20
COMPILING: make -C /home/chrisarg/software-dev/Bit/scripts/.. -f Makefile -B build/openmp_bit_nogpu GPU=NONE LIBPOPCNT=1 CPU_TILE=16 BITVECTOR_TILE=512 BUFFER_SIZE=512 OUTER_ROW_NUM=3 OUTER_COL_NUM=2 OUTER_VEC_BLK=6
EXECUTING: numactl --interleave=all /home/chrisarg/software-dev/Bit/scripts/../build/openmp_bit_nogpu 262144 1024 1024 20
COMPILING: make -C /home/chrisarg/software-dev/Bit/scripts/.. -f Makefile -B build/openmp_bit_nogpu GPU=NONE LIBPOPCNT=0 CPU_TILE=32 BITVECTOR_TILE=2048 BUFFER_SIZE=1024 OUTER_ROW_NUM=3 OUTER_COL_NUM=1 OUTER_VEC_BLK=2
EXECUTING: numactl --interleave=all /home/chrisarg/software-dev/Bit/scripts/../build/openmp_bit_nogpu 65536 1024 1024 20
COMPILING: make -C /home/chrisarg/software-dev/Bit/scripts/.. -f Makefile -B build/openmp_bit_nogpu GPU=NONE LIBPOPCNT=0 CPU_TILE=64 BITVECTOR_TILE=1024 BUFFER_SIZE=128 OUTER_ROW_NUM=1 OUTER_COL_NUM=1 OUTER_VEC_BLK=1
EXECUTING: numactl --interleave=all /home/chrisarg/software-dev/Bit/scripts/../build/openmp_bit_nogpu 262144 1024 1024 20
COMPILING: make -C /home/chrisarg/software-dev/Bit/scripts/.. -f Makefile -B build/openmp_bit_nogpu GPU=NONE LIBPOPCNT=1 CPU_TILE=16 BITVECTOR_TILE=2048 BUFFER_SIZE=4096 OUTER_ROW_NUM=1 OUTER_COL_NUM=5 OUTER_VEC_BLK=2
EXECUTING: numactl --interleave=all /home/chrisarg/software-dev/Bit/scripts/../build/openmp_bit_nogpu 262144 1024 1024 20
COMPILING: make -C /home/chrisarg/software-dev/Bit/scripts/.. -f Makefile -B build/openmp_bit_nogpu GPU=NONE LIBPOPCNT=0 CPU_TILE=32 BITVECTOR_TILE=2048 BUFFER_SIZE=256 OUTER_ROW_NUM=3 OUTER_COL_NUM=4 OUTER_VEC_BLK=4
EXECUTING: numactl --interleave=all /home/chrisarg/software-dev/Bit/scripts/../build/openmp_bit_nogpu 262144 1024 1024 20
COMPILING: make -C /home/chrisarg/software-dev/Bit/scripts/.. -f Makefile -B build/openmp_bit_nogpu GPU=NONE LIBPOPCNT=1 CPU_TILE=32 BITVECTOR_TILE=512 BUFFER_SIZE=4096 OUTER_ROW_NUM=4 OUTER_COL_NUM=6 OUTER_VEC_BLK=2
EXECUTING: numactl --interleave=all /home/chrisarg/software-dev/Bit/scripts/../build/openmp_bit_nogpu 262144 1024 1024 20
COMPILING: make -C /home/chrisarg/software-dev/Bit/scripts/.. -f Makefile -B build/openmp_bit_nogpu GPU=NONE LIBPOPCNT=0 CPU_TILE=16 BITVECTOR_TILE=512 BUFFER_SIZE=128 OUTER_ROW_NUM=6 OUTER_COL_NUM=4 OUTER_VEC_BLK=6
EXECUTING: numactl --interleave=all /home/chrisarg/software-dev/Bit/scripts/../build/openmp_bit_nogpu 262144 1024 1024 20
COMPILING: make -C /home/chrisarg/software-dev/Bit/scripts/.. -f Makefile -B build/openmp_bit_nogpu GPU=NONE LIBPOPCNT=0 CPU_TILE=64 BITVECTOR_TILE=1024 BUFFER_SIZE=128 OUTER_ROW_NUM=3 OUTER_COL_NUM=1 OUTER_VEC_BLK=1
EXECUTING: numactl --interleave=all /home/chrisarg/software-dev/Bit/scripts/../build/openmp_bit_nogpu 262144 1024 1024 20
COMPILING: make -C /home/chrisarg/software-dev/Bit/scripts/.. -f Makefile -B build/openmp_bit_nogpu GPU=NONE LIBPOPCNT=0 CPU_TILE=64 BITVECTOR_TILE=2048 BUFFER_SIZE=1024 OUTER_ROW_NUM=3 OUTER_COL_NUM=4 OUTER_VEC_BLK=3
EXECUTING: numactl --interleave=all /home/chrisarg/software-dev/Bit/scripts/../build/openmp_bit_nogpu 262144 1024 1024 20
COMPILING: make -C /home/chrisarg/software-dev/Bit/scripts/.. -f Makefile -B build/openmp_bit_nogpu GPU=NONE LIBPOPCNT=0 CPU_TILE=64 BITVECTOR_TILE=1024 BUFFER_SIZE=1024 OUTER_ROW_NUM=2 OUTER_COL_NUM=6 OUTER_VEC_BLK=1
EXECUTING: numactl --interleave=all /home/chrisarg/software-dev/Bit/scripts/../build/openmp_bit_nogpu 65536 1024 1024 20
COMPILING: make -C /home/chrisarg/software-dev/Bit/scripts/.. -f Makefile -B build/openmp_bit_nogpu GPU=NONE LIBPOPCNT=1 CPU_TILE=16 BITVECTOR_TILE=2048 BUFFER_SIZE=1024 OUTER_ROW_NUM=6 OUTER_COL_NUM=5 OUTER_VEC_BLK=6
EXECUTING: numactl --interleave=all /home/chrisarg/software-dev/Bit/scripts/../build/openmp_bit_nogpu 65536 1024 1024 20
COMPILING: make -C /home/chrisarg/software-dev/Bit/scripts/.. -f Makefile -B build/openmp_bit_nogpu GPU=NONE LIBPOPCNT=0 CPU_TILE=32 BITVECTOR_TILE=512 BUFFER_SIZE=4096 OUTER_ROW_NUM=2 OUTER_COL_NUM=5 OUTER_VEC_BLK=2
EXECUTING: numactl --interleave=all /home/chrisarg/software-dev/Bit/scripts/../build/openmp_bit_nogpu 262144 1024 1024 20
COMPILING: make -C /home/chrisarg/software-dev/Bit/scripts/.. -f Makefile -B build/openmp_bit_nogpu GPU=NONE LIBPOPCNT=0 CPU_TILE=64 BITVECTOR_TILE=1024 BUFFER_SIZE=512 OUTER_ROW_NUM=4 OUTER_COL_NUM=2 OUTER_VEC_BLK=1
EXECUTING: numactl --interleave=all /home/chrisarg/software-dev/Bit/scripts/../build/openmp_bit_nogpu 262144 1024 1024 20
COMPILING: make -C /home/chrisarg/software-dev/Bit/scripts/.. -f Makefile -B build/openmp_bit_nogpu GPU=NONE LIBPOPCNT=1 CPU_TILE=64 BITVECTOR_TILE=1024 BUFFER_SIZE=4096 OUTER_ROW_NUM=3 OUTER_COL_NUM=1 OUTER_VEC_BLK=2
EXECUTING: numactl --interleave=all /home/chrisarg/software-dev/Bit/scripts/../build/openmp_bit_nogpu 262144 1024 1024 20
COMPILING: make -C /home/chrisarg/software-dev/Bit/scripts/.. -f Makefile -B build/openmp_bit_nogpu GPU=NONE LIBPOPCNT=1 CPU_TILE=32 BITVECTOR_TILE=512 BUFFER_SIZE=256 OUTER_ROW_NUM=6 OUTER_COL_NUM=4 OUTER_VEC_BLK=2
EXECUTING: numactl --interleave=all /home/chrisarg/software-dev/Bit/scripts/../build/openmp_bit_nogpu 262144 1024 1024 20
COMPILING: make -C /home/chrisarg/software-dev/Bit/scripts/.. -f Makefile -B build/openmp_bit_nogpu GPU=NONE LIBPOPCNT=0 CPU_TILE=64 BITVECTOR_TILE=2048 BUFFER_SIZE=4096 OUTER_ROW_NUM=2 OUTER_COL_NUM=1 OUTER_VEC_BLK=3
EXECUTING: numactl --interleave=all /home/chrisarg/software-dev/Bit/scripts/../build/openmp_bit_nogpu 262144 1024 1024 20
COMPILING: make -C /home/chrisarg/software-dev/Bit/scripts/.. -f Makefile -B build/openmp_bit_nogpu GPU=NONE LIBPOPCNT=0 CPU_TILE=32 BITVECTOR_TILE=2048 BUFFER_SIZE=4096 OUTER_ROW_NUM=1 OUTER_COL_NUM=5 OUTER_VEC_BLK=6
EXECUTING: numactl --interleave=all /home/chrisarg/software-dev/Bit/scripts/../build/openmp_bit_nogpu 262144 1024 1024 20
COMPILING: make -C /home/chrisarg/software-dev/Bit/scripts/.. -f Makefile -B build/openmp_bit_nogpu GPU=NONE LIBPOPCNT=0 CPU_TILE=16 BITVECTOR_TILE=1024 BUFFER_SIZE=128 OUTER_ROW_NUM=3 OUTER_COL_NUM=1 OUTER_VEC_BLK=1
EXECUTING: numactl --interleave=all /home/chrisarg/software-dev/Bit/scripts/../build/openmp_bit_nogpu 262144 1024 1024 20
COMPILING: make -C /home/chrisarg/software-dev/Bit/scripts/.. -f Makefile -B build/openmp_bit_nogpu GPU=NONE LIBPOPCNT=0 CPU_TILE=16 BITVECTOR_TILE=1024 BUFFER_SIZE=4096 OUTER_ROW_NUM=4 OUTER_COL_NUM=3 OUTER_VEC_BLK=1
EXECUTING: numactl --interleave=all /home/chrisarg/software-dev/Bit/scripts/../build/openmp_bit_nogpu 262144 1024 1024 20
COMPILING: make -C /home/chrisarg/software-dev/Bit/scripts/.. -f Makefile -B build/openmp_bit_nogpu GPU=NONE LIBPOPCNT=0 CPU_TILE=64 BITVECTOR_TILE=512 BUFFER_SIZE=512 OUTER_ROW_NUM=4 OUTER_COL_NUM=1 OUTER_VEC_BLK=2
EXECUTING: numactl --interleave=all /home/chrisarg/software-dev/Bit/scripts/../build/openmp_bit_nogpu 65536 1024 1024 20
COMPILING: make -C /home/chrisarg/software-dev/Bit/scripts/.. -f Makefile -B build/openmp_bit_nogpu GPU=NONE LIBPOPCNT=0 CPU_TILE=16 BITVECTOR_TILE=2048 BUFFER_SIZE=1024 OUTER_ROW_NUM=3 OUTER_COL_NUM=5 OUTER_VEC_BLK=1
EXECUTING: numactl --interleave=all /home/chrisarg/software-dev/Bit/scripts/../build/openmp_bit_nogpu 262144 1024 1024 20
COMPILING: make -C /home/chrisarg/software-dev/Bit/scripts/.. -f Makefile -B build/openmp_bit_nogpu GPU=NONE LIBPOPCNT=1 CPU_TILE=16 BITVECTOR_TILE=2048 BUFFER_SIZE=512 OUTER_ROW_NUM=4 OUTER_COL_NUM=4 OUTER_VEC_BLK=8
EXECUTING: numactl --interleave=all /home/chrisarg/software-dev/Bit/scripts/../build/openmp_bit_nogpu 65536 1024 1024 20
COMPILING: make -C /home/chrisarg/software-dev/Bit/scripts/.. -f Makefile -B build/openmp_bit_nogpu GPU=NONE LIBPOPCNT=0 CPU_TILE=16 BITVECTOR_TILE=512 BUFFER_SIZE=512 OUTER_ROW_NUM=3 OUTER_COL_NUM=1 OUTER_VEC_BLK=2
EXECUTING: numactl --interleave=all /home/chrisarg/software-dev/Bit/scripts/../build/openmp_bit_nogpu 65536 1024 1024 20
COMPILING: make -C /home/chrisarg/software-dev/Bit/scripts/.. -f Makefile -B build/openmp_bit_nogpu GPU=NONE LIBPOPCNT=0 CPU_TILE=32 BITVECTOR_TILE=1024 BUFFER_SIZE=4096 OUTER_ROW_NUM=5 OUTER_COL_NUM=5 OUTER_VEC_BLK=4
EXECUTING: numactl --interleave=all /home/chrisarg/software-dev/Bit/scripts/../build/openmp_bit_nogpu 262144 1024 1024 20
COMPILING: make -C /home/chrisarg/software-dev/Bit/scripts/.. -f Makefile -B build/openmp_bit_nogpu GPU=NONE LIBPOPCNT=1 CPU_TILE=16 BITVECTOR_TILE=512 BUFFER_SIZE=1024 OUTER_ROW_NUM=2 OUTER_COL_NUM=4 OUTER_VEC_BLK=1
EXECUTING: numactl --interleave=all /home/chrisarg/software-dev/Bit/scripts/../build/openmp_bit_nogpu 65536 1024 1024 20
COMPILING: make -C /home/chrisarg/software-dev/Bit/scripts/.. -f Makefile -B build/openmp_bit_nogpu GPU=NONE LIBPOPCNT=1 CPU_TILE=16 BITVECTOR_TILE=2048 BUFFER_SIZE=4096 OUTER_ROW_NUM=1 OUTER_COL_NUM=2 OUTER_VEC_BLK=8
EXECUTING: numactl --interleave=all /home/chrisarg/software-dev/Bit/scripts/../build/openmp_bit_nogpu 262144 1024 1024 20
COMPILING: make -C /home/chrisarg/software-dev/Bit/scripts/.. -f Makefile -B build/openmp_bit_nogpu GPU=NONE LIBPOPCNT=1 CPU_TILE=32 BITVECTOR_TILE=1024 BUFFER_SIZE=128 OUTER_ROW_NUM=4 OUTER_COL_NUM=6 OUTER_VEC_BLK=4
EXECUTING: numactl --interleave=all /home/chrisarg/software-dev/Bit/scripts/../build/openmp_bit_nogpu 65536 1024 1024 20
COMPILING: make -C /home/chrisarg/software-dev/Bit/scripts/.. -f Makefile -B build/openmp_bit_nogpu GPU=NONE LIBPOPCNT=0 CPU_TILE=16 BITVECTOR_TILE=512 BUFFER_SIZE=256 OUTER_ROW_NUM=5 OUTER_COL_NUM=6 OUTER_VEC_BLK=4
EXECUTING: numactl --interleave=all /home/chrisarg/software-dev/Bit/scripts/../build/openmp_bit_nogpu 262144 1024 1024 20
COMPILING: make -C /home/chrisarg/software-dev/Bit/scripts/.. -f Makefile -B build/openmp_bit_nogpu GPU=NONE LIBPOPCNT=1 CPU_TILE=32 BITVECTOR_TILE=1024 BUFFER_SIZE=256 OUTER_ROW_NUM=4 OUTER_COL_NUM=6 OUTER_VEC_BLK=4
EXECUTING: numactl --interleave=all /home/chrisarg/software-dev/Bit/scripts/../build/openmp_bit_nogpu 262144 1024 1024 20
COMPILING: make -C /home/chrisarg/software-dev/Bit/scripts/.. -f Makefile -B build/openmp_bit_nogpu GPU=NONE LIBPOPCNT=0 CPU_TILE=16 BITVECTOR_TILE=1024 BUFFER_SIZE=512 OUTER_ROW_NUM=3 OUTER_COL_NUM=5 OUTER_VEC_BLK=3
EXECUTING: numactl --interleave=all /home/chrisarg/software-dev/Bit/scripts/../build/openmp_bit_nogpu 65536 1024 1024 20
COMPILING: make -C /home/chrisarg/software-dev/Bit/scripts/.. -f Makefile -B build/openmp_bit_nogpu GPU=NONE LIBPOPCNT=1 CPU_TILE=16 BITVECTOR_TILE=1024 BUFFER_SIZE=512 OUTER_ROW_NUM=6 OUTER_COL_NUM=3 OUTER_VEC_BLK=6
EXECUTING: numactl --interleave=all /home/chrisarg/software-dev/Bit/scripts/../build/openmp_bit_nogpu 262144 1024 1024 20
COMPILING: make -C /home/chrisarg/software-dev/Bit/scripts/.. -f Makefile -B build/openmp_bit_nogpu GPU=NONE LIBPOPCNT=1 CPU_TILE=32 BITVECTOR_TILE=2048 BUFFER_SIZE=256 OUTER_ROW_NUM=3 OUTER_COL_NUM=6 OUTER_VEC_BLK=6
EXECUTING: numactl --interleave=all /home/chrisarg/software-dev/Bit/scripts/../build/openmp_bit_nogpu 65536 1024 1024 20
COMPILING: make -C /home/chrisarg/software-dev/Bit/scripts/.. -f Makefile -B build/openmp_bit_nogpu GPU=NONE LIBPOPCNT=1 CPU_TILE=64 BITVECTOR_TILE=1024 BUFFER_SIZE=256 OUTER_ROW_NUM=5 OUTER_COL_NUM=2 OUTER_VEC_BLK=3
EXECUTING: numactl --interleave=all /home/chrisarg/software-dev/Bit/scripts/../build/openmp_bit_nogpu 262144 1024 1024 20
COMPILING: make -C /home/chrisarg/software-dev/Bit/scripts/.. -f Makefile -B build/openmp_bit_nogpu GPU=NONE LIBPOPCNT=1 CPU_TILE=64 BITVECTOR_TILE=512 BUFFER_SIZE=4096 OUTER_ROW_NUM=5 OUTER_COL_NUM=2 OUTER_VEC_BLK=4
EXECUTING: numactl --interleave=all /home/chrisarg/software-dev/Bit/scripts/../build/openmp_bit_nogpu 262144 1024 1024 20
COMPILING: make -C /home/chrisarg/software-dev/Bit/scripts/.. -f Makefile -B build/openmp_bit_nogpu GPU=NONE LIBPOPCNT=0 CPU_TILE=64 BITVECTOR_TILE=512 BUFFER_SIZE=4096 OUTER_ROW_NUM=1 OUTER_COL_NUM=6 OUTER_VEC_BLK=1
EXECUTING: numactl --interleave=all /home/chrisarg/software-dev/Bit/scripts/../build/openmp_bit_nogpu 262144 1024 1024 20
COMPILING: make -C /home/chrisarg/software-dev/Bit/scripts/.. -f Makefile -B build/openmp_bit_nogpu GPU=NONE LIBPOPCNT=0 CPU_TILE=32 BITVECTOR_TILE=2048 BUFFER_SIZE=4096 OUTER_ROW_NUM=3 OUTER_COL_NUM=6 OUTER_VEC_BLK=2
EXECUTING: numactl --interleave=all /home/chrisarg/software-dev/Bit/scripts/../build/openmp_bit_nogpu 65536 1024 1024 20
COMPILING: make -C /home/chrisarg/software-dev/Bit/scripts/.. -f Makefile -B build/openmp_bit_nogpu GPU=NONE LIBPOPCNT=0 CPU_TILE=16 BITVECTOR_TILE=1024 BUFFER_SIZE=1024 OUTER_ROW_NUM=2 OUTER_COL_NUM=5 OUTER_VEC_BLK=2
EXECUTING: numactl --interleave=all /home/chrisarg/software-dev/Bit/scripts/../build/openmp_bit_nogpu 262144 1024 1024 20
COMPILING: make -C /home/chrisarg/software-dev/Bit/scripts/.. -f Makefile -B build/openmp_bit_nogpu GPU=NONE LIBPOPCNT=0 CPU_TILE=64 BITVECTOR_TILE=1024 BUFFER_SIZE=256 OUTER_ROW_NUM=2 OUTER_COL_NUM=5 OUTER_VEC_BLK=6
EXECUTING: numactl --interleave=all /home/chrisarg/software-dev/Bit/scripts/../build/openmp_bit_nogpu 65536 1024 1024 20
COMPILING: make -C /home/chrisarg/software-dev/Bit/scripts/.. -f Makefile -B build/openmp_bit_nogpu GPU=NONE LIBPOPCNT=1 CPU_TILE=16 BITVECTOR_TILE=2048 BUFFER_SIZE=512 OUTER_ROW_NUM=2 OUTER_COL_NUM=5 OUTER_VEC_BLK=6
EXECUTING: numactl --interleave=all /home/chrisarg/software-dev/Bit/scripts/../build/openmp_bit_nogpu 262144 1024 1024 20
COMPILING: make -C /home/chrisarg/software-dev/Bit/scripts/.. -f Makefile -B build/openmp_bit_nogpu GPU=NONE LIBPOPCNT=1 CPU_TILE=32 BITVECTOR_TILE=1024 BUFFER_SIZE=128 OUTER_ROW_NUM=4 OUTER_COL_NUM=5 OUTER_VEC_BLK=6
EXECUTING: numactl --interleave=all /home/chrisarg/software-dev/Bit/scripts/../build/openmp_bit_nogpu 262144 1024 1024 20
COMPILING: make -C /home/chrisarg/software-dev/Bit/scripts/.. -f Makefile -B build/openmp_bit_nogpu GPU=NONE LIBPOPCNT=0 CPU_TILE=16 BITVECTOR_TILE=1024 BUFFER_SIZE=256 OUTER_ROW_NUM=3 OUTER_COL_NUM=2 OUTER_VEC_BLK=4
EXECUTING: numactl --interleave=all /home/chrisarg/software-dev/Bit/scripts/../build/openmp_bit_nogpu 262144 1024 1024 20
COMPILING: make -C /home/chrisarg/software-dev/Bit/scripts/.. -f Makefile -B build/openmp_bit_nogpu GPU=NONE LIBPOPCNT=1 CPU_TILE=64 BITVECTOR_TILE=512 BUFFER_SIZE=512 OUTER_ROW_NUM=5 OUTER_COL_NUM=5 OUTER_VEC_BLK=3
EXECUTING: numactl --interleave=all /home/chrisarg/software-dev/Bit/scripts/../build/openmp_bit_nogpu 65536 1024 1024 20
COMPILING: make -C /home/chrisarg/software-dev/Bit/scripts/.. -f Makefile -B build/openmp_bit_nogpu GPU=NONE LIBPOPCNT=1 CPU_TILE=32 BITVECTOR_TILE=2048 BUFFER_SIZE=128 OUTER_ROW_NUM=4 OUTER_COL_NUM=4 OUTER_VEC_BLK=8
EXECUTING: numactl --interleave=all /home/chrisarg/software-dev/Bit/scripts/../build/openmp_bit_nogpu 262144 1024 1024 20
COMPILING: make -C /home/chrisarg/software-dev/Bit/scripts/.. -f Makefile -B build/openmp_bit_nogpu GPU=NONE LIBPOPCNT=1 CPU_TILE=16 BITVECTOR_TILE=2048 BUFFER_SIZE=4096 OUTER_ROW_NUM=2 OUTER_COL_NUM=2 OUTER_VEC_BLK=1
EXECUTING: numactl --interleave=all /home/chrisarg/software-dev/Bit/scripts/../build/openmp_bit_nogpu 262144 1024 1024 20
COMPILING: make -C /home/chrisarg/software-dev/Bit/scripts/.. -f Makefile -B build/openmp_bit_nogpu GPU=NONE LIBPOPCNT=0 CPU_TILE=64 BITVECTOR_TILE=2048 BUFFER_SIZE=256 OUTER_ROW_NUM=6 OUTER_COL_NUM=6 OUTER_VEC_BLK=1
EXECUTING: numactl --interleave=all /home/chrisarg/software-dev/Bit/scripts/../build/openmp_bit_nogpu 65536 1024 1024 20
COMPILING: make -C /home/chrisarg/software-dev/Bit/scripts/.. -f Makefile -B build/openmp_bit_nogpu GPU=NONE LIBPOPCNT=0 CPU_TILE=64 BITVECTOR_TILE=512 BUFFER_SIZE=256 OUTER_ROW_NUM=5 OUTER_COL_NUM=5 OUTER_VEC_BLK=3
EXECUTING: numactl --interleave=all /home/chrisarg/software-dev/Bit/scripts/../build/openmp_bit_nogpu 65536 1024 1024 20
COMPILING: make -C /home/chrisarg/software-dev/Bit/scripts/.. -f Makefile -B build/openmp_bit_nogpu GPU=NONE LIBPOPCNT=0 CPU_TILE=64 BITVECTOR_TILE=2048 BUFFER_SIZE=256 OUTER_ROW_NUM=5 OUTER_COL_NUM=1 OUTER_VEC_BLK=1
EXECUTING: numactl --interleave=all /home/chrisarg/software-dev/Bit/scripts/../build/openmp_bit_nogpu 262144 1024 1024 20
COMPILING: make -C /home/chrisarg/software-dev/Bit/scripts/.. -f Makefile -B build/openmp_bit_nogpu GPU=NONE LIBPOPCNT=0 CPU_TILE=32 BITVECTOR_TILE=512 BUFFER_SIZE=256 OUTER_ROW_NUM=1 OUTER_COL_NUM=5 OUTER_VEC_BLK=1
EXECUTING: numactl --interleave=all /home/chrisarg/software-dev/Bit/scripts/../build/openmp_bit_nogpu 65536 1024 1024 20
COMPILING: make -C /home/chrisarg/software-dev/Bit/scripts/.. -f Makefile -B build/openmp_bit_nogpu GPU=NONE LIBPOPCNT=1 CPU_TILE=32 BITVECTOR_TILE=512 BUFFER_SIZE=512 OUTER_ROW_NUM=1 OUTER_COL_NUM=4 OUTER_VEC_BLK=3
EXECUTING: numactl --interleave=all /home/chrisarg/software-dev/Bit/scripts/../build/openmp_bit_nogpu 262144 1024 1024 20
COMPILING: make -C /home/chrisarg/software-dev/Bit/scripts/.. -f Makefile -B build/openmp_bit_nogpu GPU=NONE LIBPOPCNT=1 CPU_TILE=64 BITVECTOR_TILE=1024 BUFFER_SIZE=512 OUTER_ROW_NUM=1 OUTER_COL_NUM=6 OUTER_VEC_BLK=2
EXECUTING: numactl --interleave=all /home/chrisarg/software-dev/Bit/scripts/../build/openmp_bit_nogpu 65536 1024 1024 20
COMPILING: make -C /home/chrisarg/software-dev/Bit/scripts/.. -f Makefile -B build/openmp_bit_nogpu GPU=NONE LIBPOPCNT=1 CPU_TILE=16 BITVECTOR_TILE=2048 BUFFER_SIZE=1024 OUTER_ROW_NUM=3 OUTER_COL_NUM=3 OUTER_VEC_BLK=4
EXECUTING: numactl --interleave=all /home/chrisarg/software-dev/Bit/scripts/../build/openmp_bit_nogpu 262144 1024 1024 20
COMPILING: make -C /home/chrisarg/software-dev/Bit/scripts/.. -f Makefile -B build/openmp_bit_nogpu GPU=NONE LIBPOPCNT=0 CPU_TILE=64 BITVECTOR_TILE=512 BUFFER_SIZE=512 OUTER_ROW_NUM=2 OUTER_COL_NUM=4 OUTER_VEC_BLK=2
EXECUTING: numactl --interleave=all /home/chrisarg/software-dev/Bit/scripts/../build/openmp_bit_nogpu 65536 1024 1024 20
COMPILING: make -C /home/chrisarg/software-dev/Bit/scripts/.. -f Makefile -B build/openmp_bit_nogpu GPU=NONE LIBPOPCNT=1 CPU_TILE=64 BITVECTOR_TILE=512 BUFFER_SIZE=4096 OUTER_ROW_NUM=6 OUTER_COL_NUM=4 OUTER_VEC_BLK=1
EXECUTING: numactl --interleave=all /home/chrisarg/software-dev/Bit/scripts/../build/openmp_bit_nogpu 65536 1024 1024 20
COMPILING: make -C /home/chrisarg/software-dev/Bit/scripts/.. -f Makefile -B build/openmp_bit_nogpu GPU=NONE LIBPOPCNT=1 CPU_TILE=64 BITVECTOR_TILE=2048 BUFFER_SIZE=256 OUTER_ROW_NUM=1 OUTER_COL_NUM=2 OUTER_VEC_BLK=1
EXECUTING: numactl --interleave=all /home/chrisarg/software-dev/Bit/scripts/../build/openmp_bit_nogpu 65536 1024 1024 20
COMPILING: make -C /home/chrisarg/software-dev/Bit/scripts/.. -f Makefile -B build/openmp_bit_nogpu GPU=NONE LIBPOPCNT=0 CPU_TILE=16 BITVECTOR_TILE=2048 BUFFER_SIZE=4096 OUTER_ROW_NUM=6 OUTER_COL_NUM=1 OUTER_VEC_BLK=3
EXECUTING: numactl --interleave=all /home/chrisarg/software-dev/Bit/scripts/../build/openmp_bit_nogpu 65536 1024 1024 20
COMPILING: make -C /home/chrisarg/software-dev/Bit/scripts/.. -f Makefile -B build/openmp_bit_nogpu GPU=NONE LIBPOPCNT=0 CPU_TILE=16 BITVECTOR_TILE=512 BUFFER_SIZE=512 OUTER_ROW_NUM=3 OUTER_COL_NUM=2 OUTER_VEC_BLK=4
EXECUTING: numactl --interleave=all /home/chrisarg/software-dev/Bit/scripts/../build/openmp_bit_nogpu 262144 1024 1024 20
COMPILING: make -C /home/chrisarg/software-dev/Bit/scripts/.. -f Makefile -B build/openmp_bit_nogpu GPU=NONE LIBPOPCNT=1 CPU_TILE=64 BITVECTOR_TILE=512 BUFFER_SIZE=256 OUTER_ROW_NUM=5 OUTER_COL_NUM=5 OUTER_VEC_BLK=8
EXECUTING: numactl --interleave=all /home/chrisarg/software-dev/Bit/scripts/../build/openmp_bit_nogpu 65536 1024 1024 20
COMPILING: make -C /home/chrisarg/software-dev/Bit/scripts/.. -f Makefile -B build/openmp_bit_nogpu GPU=NONE LIBPOPCNT=0 CPU_TILE=64 BITVECTOR_TILE=2048 BUFFER_SIZE=512 OUTER_ROW_NUM=4 OUTER_COL_NUM=3 OUTER_VEC_BLK=8
EXECUTING: numactl --interleave=all /home/chrisarg/software-dev/Bit/scripts/../build/openmp_bit_nogpu 262144 1024 1024 20
COMPILING: make -C /home/chrisarg/software-dev/Bit/scripts/.. -f Makefile -B build/openmp_bit_nogpu GPU=NONE LIBPOPCNT=0 CPU_TILE=64 BITVECTOR_TILE=2048 BUFFER_SIZE=1024 OUTER_ROW_NUM=1 OUTER_COL_NUM=4 OUTER_VEC_BLK=6
EXECUTING: numactl --interleave=all /home/chrisarg/software-dev/Bit/scripts/../build/openmp_bit_nogpu 262144 1024 1024 20
COMPILING: make -C /home/chrisarg/software-dev/Bit/scripts/.. -f Makefile -B build/openmp_bit_nogpu GPU=NONE LIBPOPCNT=0 CPU_TILE=16 BITVECTOR_TILE=2048 BUFFER_SIZE=1024 OUTER_ROW_NUM=2 OUTER_COL_NUM=3 OUTER_VEC_BLK=6
EXECUTING: numactl --interleave=all /home/chrisarg/software-dev/Bit/scripts/../build/openmp_bit_nogpu 65536 1024 1024 20
COMPILING: make -C /home/chrisarg/software-dev/Bit/scripts/.. -f Makefile -B build/openmp_bit_nogpu GPU=NONE LIBPOPCNT=0 CPU_TILE=16 BITVECTOR_TILE=1024 BUFFER_SIZE=1024 OUTER_ROW_NUM=5 OUTER_COL_NUM=1 OUTER_VEC_BLK=1
EXECUTING: numactl --interleave=all /home/chrisarg/software-dev/Bit/scripts/../build/openmp_bit_nogpu 262144 1024 1024 20
COMPILING: make -C /home/chrisarg/software-dev/Bit/scripts/.. -f Makefile -B build/openmp_bit_nogpu GPU=NONE LIBPOPCNT=1 CPU_TILE=32 BITVECTOR_TILE=1024 BUFFER_SIZE=1024 OUTER_ROW_NUM=3 OUTER_COL_NUM=3 OUTER_VEC_BLK=1
EXECUTING: numactl --interleave=all /home/chrisarg/software-dev/Bit/scripts/../build/openmp_bit_nogpu 262144 1024 1024 20
COMPILING: make -C /home/chrisarg/software-dev/Bit/scripts/.. -f Makefile -B build/openmp_bit_nogpu GPU=NONE LIBPOPCNT=1 CPU_TILE=32 BITVECTOR_TILE=512 BUFFER_SIZE=4096 OUTER_ROW_NUM=6 OUTER_COL_NUM=5 OUTER_VEC_BLK=6
EXECUTING: numactl --interleave=all /home/chrisarg/software-dev/Bit/scripts/../build/openmp_bit_nogpu 262144 1024 1024 20
COMPILING: make -C /home/chrisarg/software-dev/Bit/scripts/.. -f Makefile -B build/openmp_bit_nogpu GPU=NONE LIBPOPCNT=1 CPU_TILE=64 BITVECTOR_TILE=512 BUFFER_SIZE=128 OUTER_ROW_NUM=1 OUTER_COL_NUM=2 OUTER_VEC_BLK=2
EXECUTING: numactl --interleave=all /home/chrisarg/software-dev/Bit/scripts/../build/openmp_bit_nogpu 262144 1024 1024 20
COMPILING: make -C /home/chrisarg/software-dev/Bit/scripts/.. -f Makefile -B build/openmp_bit_nogpu GPU=NONE LIBPOPCNT=1 CPU_TILE=64 BITVECTOR_TILE=512 BUFFER_SIZE=256 OUTER_ROW_NUM=4 OUTER_COL_NUM=1 OUTER_VEC_BLK=4
EXECUTING: numactl --interleave=all /home/chrisarg/software-dev/Bit/scripts/../build/openmp_bit_nogpu 65536 1024 1024 20
COMPILING: make -C /home/chrisarg/software-dev/Bit/scripts/.. -f Makefile -B build/openmp_bit_nogpu GPU=NONE LIBPOPCNT=0 CPU_TILE=64 BITVECTOR_TILE=512 BUFFER_SIZE=256 OUTER_ROW_NUM=3 OUTER_COL_NUM=4 OUTER_VEC_BLK=8
EXECUTING: numactl --interleave=all /home/chrisarg/software-dev/Bit/scripts/../build/openmp_bit_nogpu 262144 1024 1024 20
COMPILING: make -C /home/chrisarg/software-dev/Bit/scripts/.. -f Makefile -B build/openmp_bit_nogpu GPU=NONE LIBPOPCNT=1 CPU_TILE=16 BITVECTOR_TILE=2048 BUFFER_SIZE=4096 OUTER_ROW_NUM=1 OUTER_COL_NUM=5 OUTER_VEC_BLK=8
EXECUTING: numactl --interleave=all /home/chrisarg/software-dev/Bit/scripts/../build/openmp_bit_nogpu 262144 1024 1024 20
COMPILING: make -C /home/chrisarg/software-dev/Bit/scripts/.. -f Makefile -B build/openmp_bit_nogpu GPU=NONE LIBPOPCNT=0 CPU_TILE=64 BITVECTOR_TILE=2048 BUFFER_SIZE=1024 OUTER_ROW_NUM=6 OUTER_COL_NUM=4 OUTER_VEC_BLK=4
EXECUTING: numactl --interleave=all /home/chrisarg/software-dev/Bit/scripts/../build/openmp_bit_nogpu 262144 1024 1024 20
COMPILING: make -C /home/chrisarg/software-dev/Bit/scripts/.. -f Makefile -B build/openmp_bit_nogpu GPU=NONE LIBPOPCNT=1 CPU_TILE=32 BITVECTOR_TILE=2048 BUFFER_SIZE=128 OUTER_ROW_NUM=1 OUTER_COL_NUM=4 OUTER_VEC_BLK=1
EXECUTING: numactl --interleave=all /home/chrisarg/software-dev/Bit/scripts/../build/openmp_bit_nogpu 262144 1024 1024 20
COMPILING: make -C /home/chrisarg/software-dev/Bit/scripts/.. -f Makefile -B build/openmp_bit_nogpu GPU=NONE LIBPOPCNT=1 CPU_TILE=32 BITVECTOR_TILE=1024 BUFFER_SIZE=1024 OUTER_ROW_NUM=6 OUTER_COL_NUM=3 OUTER_VEC_BLK=8
EXECUTING: numactl --interleave=all /home/chrisarg/software-dev/Bit/scripts/../build/openmp_bit_nogpu 262144 1024 1024 20
COMPILING: make -C /home/chrisarg/software-dev/Bit/scripts/.. -f Makefile -B build/openmp_bit_nogpu GPU=NONE LIBPOPCNT=0 CPU_TILE=64 BITVECTOR_TILE=1024 BUFFER_SIZE=1024 OUTER_ROW_NUM=6 OUTER_COL_NUM=2 OUTER_VEC_BLK=3
EXECUTING: numactl --interleave=all /home/chrisarg/software-dev/Bit/scripts/../build/openmp_bit_nogpu 262144 1024 1024 20
COMPILING: make -C /home/chrisarg/software-dev/Bit/scripts/.. -f Makefile -B build/openmp_bit_nogpu GPU=NONE LIBPOPCNT=0 CPU_TILE=32 BITVECTOR_TILE=2048 BUFFER_SIZE=256 OUTER_ROW_NUM=5 OUTER_COL_NUM=6 OUTER_VEC_BLK=8
EXECUTING: numactl --interleave=all /home/chrisarg/software-dev/Bit/scripts/../build/openmp_bit_nogpu 65536 1024 1024 20
COMPILING: make -C /home/chrisarg/software-dev/Bit/scripts/.. -f Makefile -B build/openmp_bit_nogpu GPU=NONE LIBPOPCNT=1 CPU_TILE=32 BITVECTOR_TILE=1024 BUFFER_SIZE=512 OUTER_ROW_NUM=1 OUTER_COL_NUM=5 OUTER_VEC_BLK=3
EXECUTING: numactl --interleave=all /home/chrisarg/software-dev/Bit/scripts/../build/openmp_bit_nogpu 65536 1024 1024 20
COMPILING: make -C /home/chrisarg/software-dev/Bit/scripts/.. -f Makefile -B build/openmp_bit_nogpu GPU=NONE LIBPOPCNT=0 CPU_TILE=16 BITVECTOR_TILE=512 BUFFER_SIZE=128 OUTER_ROW_NUM=6 OUTER_COL_NUM=6 OUTER_VEC_BLK=1
EXECUTING: numactl --interleave=all /home/chrisarg/software-dev/Bit/scripts/../build/openmp_bit_nogpu 262144 1024 1024 20
COMPILING: make -C /home/chrisarg/software-dev/Bit/scripts/.. -f Makefile -B build/openmp_bit_nogpu GPU=NONE LIBPOPCNT=1 CPU_TILE=64 BITVECTOR_TILE=2048 BUFFER_SIZE=4096 OUTER_ROW_NUM=1 OUTER_COL_NUM=2 OUTER_VEC_BLK=3
EXECUTING: numactl --interleave=all /home/chrisarg/software-dev/Bit/scripts/../build/openmp_bit_nogpu 65536 1024 1024 20
COMPILING: make -C /home/chrisarg/software-dev/Bit/scripts/.. -f Makefile -B build/openmp_bit_nogpu GPU=NONE LIBPOPCNT=1 CPU_TILE=16 BITVECTOR_TILE=2048 BUFFER_SIZE=512 OUTER_ROW_NUM=5 OUTER_COL_NUM=3 OUTER_VEC_BLK=8
EXECUTING: numactl --interleave=all /home/chrisarg/software-dev/Bit/scripts/../build/openmp_bit_nogpu 65536 1024 1024 20
COMPILING: make -C /home/chrisarg/software-dev/Bit/scripts/.. -f Makefile -B build/openmp_bit_nogpu GPU=NONE LIBPOPCNT=1 CPU_TILE=16 BITVECTOR_TILE=1024 BUFFER_SIZE=4096 OUTER_ROW_NUM=1 OUTER_COL_NUM=4 OUTER_VEC_BLK=2
EXECUTING: numactl --interleave=all /home/chrisarg/software-dev/Bit/scripts/../build/openmp_bit_nogpu 65536 1024 1024 20
COMPILING: make -C /home/chrisarg/software-dev/Bit/scripts/.. -f Makefile -B build/openmp_bit_nogpu GPU=NONE LIBPOPCNT=1 CPU_TILE=32 BITVECTOR_TILE=512 BUFFER_SIZE=1024 OUTER_ROW_NUM=6 OUTER_COL_NUM=2 OUTER_VEC_BLK=1
EXECUTING: numactl --interleave=all /home/chrisarg/software-dev/Bit/scripts/../build/openmp_bit_nogpu 262144 1024 1024 20
COMPILING: make -C /home/chrisarg/software-dev/Bit/scripts/.. -f Makefile -B build/openmp_bit_nogpu GPU=NONE LIBPOPCNT=1 CPU_TILE=32 BITVECTOR_TILE=2048 BUFFER_SIZE=128 OUTER_ROW_NUM=6 OUTER_COL_NUM=6 OUTER_VEC_BLK=8
EXECUTING: numactl --interleave=all /home/chrisarg/software-dev/Bit/scripts/../build/openmp_bit_nogpu 262144 1024 1024 20
COMPILING: make -C /home/chrisarg/software-dev/Bit/scripts/.. -f Makefile -B build/openmp_bit_nogpu GPU=NONE LIBPOPCNT=1 CPU_TILE=64 BITVECTOR_TILE=512 BUFFER_SIZE=1024 OUTER_ROW_NUM=1 OUTER_COL_NUM=6 OUTER_VEC_BLK=2
EXECUTING: numactl --interleave=all /home/chrisarg/software-dev/Bit/scripts/../build/openmp_bit_nogpu 262144 1024 1024 20
COMPILING: make -C /home/chrisarg/software-dev/Bit/scripts/.. -f Makefile -B build/openmp_bit_nogpu GPU=NONE LIBPOPCNT=1 CPU_TILE=16 BITVECTOR_TILE=512 BUFFER_SIZE=4096 OUTER_ROW_NUM=6 OUTER_COL_NUM=3 OUTER_VEC_BLK=4
EXECUTING: numactl --interleave=all /home/chrisarg/software-dev/Bit/scripts/../build/openmp_bit_nogpu 65536 1024 1024 20
COMPILING: make -C /home/chrisarg/software-dev/Bit/scripts/.. -f Makefile -B build/openmp_bit_nogpu GPU=NONE LIBPOPCNT=0 CPU_TILE=64 BITVECTOR_TILE=1024 BUFFER_SIZE=1024 OUTER_ROW_NUM=5 OUTER_COL_NUM=1 OUTER_VEC_BLK=1
EXECUTING: numactl --interleave=all /home/chrisarg/software-dev/Bit/scripts/../build/openmp_bit_nogpu 262144 1024 1024 20
COMPILING: make -C /home/chrisarg/software-dev/Bit/scripts/.. -f Makefile -B build/openmp_bit_nogpu GPU=NONE LIBPOPCNT=0 CPU_TILE=16 BITVECTOR_TILE=2048 BUFFER_SIZE=4096 OUTER_ROW_NUM=1 OUTER_COL_NUM=4 OUTER_VEC_BLK=8
EXECUTING: numactl --interleave=all /home/chrisarg/software-dev/Bit/scripts/../build/openmp_bit_nogpu 65536 1024 1024 20
COMPILING: make -C /home/chrisarg/software-dev/Bit/scripts/.. -f Makefile -B build/openmp_bit_nogpu GPU=NONE LIBPOPCNT=1 CPU_TILE=32 BITVECTOR_TILE=512 BUFFER_SIZE=128 OUTER_ROW_NUM=5 OUTER_COL_NUM=3 OUTER_VEC_BLK=3
EXECUTING: numactl --interleave=all /home/chrisarg/software-dev/Bit/scripts/../build/openmp_bit_nogpu 65536 1024 1024 20
COMPILING: make -C /home/chrisarg/software-dev/Bit/scripts/.. -f Makefile -B build/openmp_bit_nogpu GPU=NONE LIBPOPCNT=1 CPU_TILE=32 BITVECTOR_TILE=512 BUFFER_SIZE=1024 OUTER_ROW_NUM=6 OUTER_COL_NUM=3 OUTER_VEC_BLK=2
EXECUTING: numactl --interleave=all /home/chrisarg/software-dev/Bit/scripts/../build/openmp_bit_nogpu 262144 1024 1024 20
COMPILING: make -C /home/chrisarg/software-dev/Bit/scripts/.. -f Makefile -B build/openmp_bit_nogpu GPU=NONE LIBPOPCNT=0 CPU_TILE=64 BITVECTOR_TILE=2048 BUFFER_SIZE=512 OUTER_ROW_NUM=1 OUTER_COL_NUM=3 OUTER_VEC_BLK=2
EXECUTING: numactl --interleave=all /home/chrisarg/software-dev/Bit/scripts/../build/openmp_bit_nogpu 262144 1024 1024 20
COMPILING: make -C /home/chrisarg/software-dev/Bit/scripts/.. -f Makefile -B build/openmp_bit_nogpu GPU=NONE LIBPOPCNT=1 CPU_TILE=32 BITVECTOR_TILE=512 BUFFER_SIZE=128 OUTER_ROW_NUM=3 OUTER_COL_NUM=3 OUTER_VEC_BLK=3
EXECUTING: numactl --interleave=all /home/chrisarg/software-dev/Bit/scripts/../build/openmp_bit_nogpu 262144 1024 1024 20
COMPILING: make -C /home/chrisarg/software-dev/Bit/scripts/.. -f Makefile -B build/openmp_bit_nogpu GPU=NONE LIBPOPCNT=0 CPU_TILE=64 BITVECTOR_TILE=2048 BUFFER_SIZE=4096 OUTER_ROW_NUM=2 OUTER_COL_NUM=2 OUTER_VEC_BLK=6
EXECUTING: numactl --interleave=all /home/chrisarg/software-dev/Bit/scripts/../build/openmp_bit_nogpu 262144 1024 1024 20
COMPILING: make -C /home/chrisarg/software-dev/Bit/scripts/.. -f Makefile -B build/openmp_bit_nogpu GPU=NONE LIBPOPCNT=0 CPU_TILE=16 BITVECTOR_TILE=1024 BUFFER_SIZE=128 OUTER_ROW_NUM=3 OUTER_COL_NUM=6 OUTER_VEC_BLK=1
EXECUTING: numactl --interleave=all /home/chrisarg/software-dev/Bit/scripts/../build/openmp_bit_nogpu 262144 1024 1024 20
COMPILING: make -C /home/chrisarg/software-dev/Bit/scripts/.. -f Makefile -B build/openmp_bit_nogpu GPU=NONE LIBPOPCNT=1 CPU_TILE=64 BITVECTOR_TILE=1024 BUFFER_SIZE=4096 OUTER_ROW_NUM=4 OUTER_COL_NUM=2 OUTER_VEC_BLK=6
EXECUTING: numactl --interleave=all /home/chrisarg/software-dev/Bit/scripts/../build/openmp_bit_nogpu 262144 1024 1024 20
COMPILING: make -C /home/chrisarg/software-dev/Bit/scripts/.. -f Makefile -B build/openmp_bit_nogpu GPU=NONE LIBPOPCNT=1 CPU_TILE=64 BITVECTOR_TILE=512 BUFFER_SIZE=1024 OUTER_ROW_NUM=6 OUTER_COL_NUM=5 OUTER_VEC_BLK=4
EXECUTING: numactl --interleave=all /home/chrisarg/software-dev/Bit/scripts/../build/openmp_bit_nogpu 65536 1024 1024 20
COMPILING: make -C /home/chrisarg/software-dev/Bit/scripts/.. -f Makefile -B build/openmp_bit_nogpu GPU=NONE LIBPOPCNT=0 CPU_TILE=16 BITVECTOR_TILE=1024 BUFFER_SIZE=512 OUTER_ROW_NUM=1 OUTER_COL_NUM=3 OUTER_VEC_BLK=8
EXECUTING: numactl --interleave=all /home/chrisarg/software-dev/Bit/scripts/../build/openmp_bit_nogpu 262144 1024 1024 20
COMPILING: make -C /home/chrisarg/software-dev/Bit/scripts/.. -f Makefile -B build/openmp_bit_nogpu GPU=NONE LIBPOPCNT=1 CPU_TILE=64 BITVECTOR_TILE=2048 BUFFER_SIZE=4096 OUTER_ROW_NUM=2 OUTER_COL_NUM=2 OUTER_VEC_BLK=3
EXECUTING: numactl --interleave=all /home/chrisarg/software-dev/Bit/scripts/../build/openmp_bit_nogpu 262144 1024 1024 20
COMPILING: make -C /home/chrisarg/software-dev/Bit/scripts/.. -f Makefile -B build/openmp_bit_nogpu GPU=NONE LIBPOPCNT=0 CPU_TILE=16 BITVECTOR_TILE=2048 BUFFER_SIZE=128 OUTER_ROW_NUM=3 OUTER_COL_NUM=2 OUTER_VEC_BLK=6
EXECUTING: numactl --interleave=all /home/chrisarg/software-dev/Bit/scripts/../build/openmp_bit_nogpu 65536 1024 1024 20
COMPILING: make -C /home/chrisarg/software-dev/Bit/scripts/.. -f Makefile -B build/openmp_bit_nogpu GPU=NONE LIBPOPCNT=1 CPU_TILE=32 BITVECTOR_TILE=512 BUFFER_SIZE=4096 OUTER_ROW_NUM=3 OUTER_COL_NUM=1 OUTER_VEC_BLK=6
EXECUTING: numactl --interleave=all /home/chrisarg/software-dev/Bit/scripts/../build/openmp_bit_nogpu 262144 1024 1024 20
COMPILING: make -C /home/chrisarg/software-dev/Bit/scripts/.. -f Makefile -B build/openmp_bit_nogpu GPU=NONE LIBPOPCNT=0 CPU_TILE=64 BITVECTOR_TILE=512 BUFFER_SIZE=256 OUTER_ROW_NUM=6 OUTER_COL_NUM=6 OUTER_VEC_BLK=6
EXECUTING: numactl --interleave=all /home/chrisarg/software-dev/Bit/scripts/../build/openmp_bit_nogpu 262144 1024 1024 20
COMPILING: make -C /home/chrisarg/software-dev/Bit/scripts/.. -f Makefile -B build/openmp_bit_nogpu GPU=NONE LIBPOPCNT=1 CPU_TILE=64 BITVECTOR_TILE=512 BUFFER_SIZE=256 OUTER_ROW_NUM=5 OUTER_COL_NUM=6 OUTER_VEC_BLK=8
EXECUTING: numactl --interleave=all /home/chrisarg/software-dev/Bit/scripts/../build/openmp_bit_nogpu 65536 1024 1024 20
COMPILING: make -C /home/chrisarg/software-dev/Bit/scripts/.. -f Makefile -B build/openmp_bit_nogpu GPU=NONE LIBPOPCNT=1 CPU_TILE=16 BITVECTOR_TILE=2048 BUFFER_SIZE=512 OUTER_ROW_NUM=4 OUTER_COL_NUM=4 OUTER_VEC_BLK=6
EXECUTING: numactl --interleave=all /home/chrisarg/software-dev/Bit/scripts/../build/openmp_bit_nogpu 262144 1024 1024 20
COMPILING: make -C /home/chrisarg/software-dev/Bit/scripts/.. -f Makefile -B build/openmp_bit_nogpu GPU=NONE LIBPOPCNT=0 CPU_TILE=32 BITVECTOR_TILE=2048 BUFFER_SIZE=128 OUTER_ROW_NUM=3 OUTER_COL_NUM=1 OUTER_VEC_BLK=6
EXECUTING: numactl --interleave=all /home/chrisarg/software-dev/Bit/scripts/../build/openmp_bit_nogpu 65536 1024 1024 20
COMPILING: make -C /home/chrisarg/software-dev/Bit/scripts/.. -f Makefile -B build/openmp_bit_nogpu GPU=NONE LIBPOPCNT=0 CPU_TILE=16 BITVECTOR_TILE=1024 BUFFER_SIZE=1024 OUTER_ROW_NUM=4 OUTER_COL_NUM=5 OUTER_VEC_BLK=2
EXECUTING: numactl --interleave=all /home/chrisarg/software-dev/Bit/scripts/../build/openmp_bit_nogpu 262144 1024 1024 20
COMPILING: make -C /home/chrisarg/software-dev/Bit/scripts/.. -f Makefile -B build/openmp_bit_nogpu GPU=NONE LIBPOPCNT=0 CPU_TILE=16 BITVECTOR_TILE=2048 BUFFER_SIZE=256 OUTER_ROW_NUM=3 OUTER_COL_NUM=1 OUTER_VEC_BLK=4
EXECUTING: numactl --interleave=all /home/chrisarg/software-dev/Bit/scripts/../build/openmp_bit_nogpu 262144 1024 1024 20
COMPILING: make -C /home/chrisarg/software-dev/Bit/scripts/.. -f Makefile -B build/openmp_bit_nogpu GPU=NONE LIBPOPCNT=0 CPU_TILE=64 BITVECTOR_TILE=2048 BUFFER_SIZE=512 OUTER_ROW_NUM=2 OUTER_COL_NUM=6 OUTER_VEC_BLK=3
EXECUTING: numactl --interleave=all /home/chrisarg/software-dev/Bit/scripts/../build/openmp_bit_nogpu 262144 1024 1024 20
COMPILING: make -C /home/chrisarg/software-dev/Bit/scripts/.. -f Makefile -B build/openmp_bit_nogpu GPU=NONE LIBPOPCNT=1 CPU_TILE=16 BITVECTOR_TILE=1024 BUFFER_SIZE=128 OUTER_ROW_NUM=3 OUTER_COL_NUM=1 OUTER_VEC_BLK=2
EXECUTING: numactl --interleave=all /home/chrisarg/software-dev/Bit/scripts/../build/openmp_bit_nogpu 262144 1024 1024 20
COMPILING: make -C /home/chrisarg/software-dev/Bit/scripts/.. -f Makefile -B build/openmp_bit_nogpu GPU=NONE LIBPOPCNT=0 CPU_TILE=32 BITVECTOR_TILE=1024 BUFFER_SIZE=128 OUTER_ROW_NUM=5 OUTER_COL_NUM=3 OUTER_VEC_BLK=2
EXECUTING: numactl --interleave=all /home/chrisarg/software-dev/Bit/scripts/../build/openmp_bit_nogpu 65536 1024 1024 20
COMPILING: make -C /home/chrisarg/software-dev/Bit/scripts/.. -f Makefile -B build/openmp_bit_nogpu GPU=NONE LIBPOPCNT=0 CPU_TILE=64 BITVECTOR_TILE=512 BUFFER_SIZE=512 OUTER_ROW_NUM=2 OUTER_COL_NUM=3 OUTER_VEC_BLK=6
EXECUTING: numactl --interleave=all /home/chrisarg/software-dev/Bit/scripts/../build/openmp_bit_nogpu 262144 1024 1024 20
COMPILING: make -C /home/chrisarg/software-dev/Bit/scripts/.. -f Makefile -B build/openmp_bit_nogpu GPU=NONE LIBPOPCNT=0 CPU_TILE=64 BITVECTOR_TILE=1024 BUFFER_SIZE=1024 OUTER_ROW_NUM=2 OUTER_COL_NUM=1 OUTER_VEC_BLK=4
EXECUTING: numactl --interleave=all /home/chrisarg/software-dev/Bit/scripts/../build/openmp_bit_nogpu 65536 1024 1024 20
COMPILING: make -C /home/chrisarg/software-dev/Bit/scripts/.. -f Makefile -B build/openmp_bit_nogpu GPU=NONE LIBPOPCNT=0 CPU_TILE=64 BITVECTOR_TILE=512 BUFFER_SIZE=4096 OUTER_ROW_NUM=4 OUTER_COL_NUM=6 OUTER_VEC_BLK=3
EXECUTING: numactl --interleave=all /home/chrisarg/software-dev/Bit/scripts/../build/openmp_bit_nogpu 262144 1024 1024 20
COMPILING: make -C /home/chrisarg/software-dev/Bit/scripts/.. -f Makefile -B build/openmp_bit_nogpu GPU=NONE LIBPOPCNT=0 CPU_TILE=32 BITVECTOR_TILE=2048 BUFFER_SIZE=128 OUTER_ROW_NUM=1 OUTER_COL_NUM=1 OUTER_VEC_BLK=8
EXECUTING: numactl --interleave=all /home/chrisarg/software-dev/Bit/scripts/../build/openmp_bit_nogpu 65536 1024 1024 20
COMPILING: make -C /home/chrisarg/software-dev/Bit/scripts/.. -f Makefile -B build/openmp_bit_nogpu GPU=NONE LIBPOPCNT=0 CPU_TILE=32 BITVECTOR_TILE=1024 BUFFER_SIZE=4096 OUTER_ROW_NUM=1 OUTER_COL_NUM=3 OUTER_VEC_BLK=3
EXECUTING: numactl --interleave=all /home/chrisarg/software-dev/Bit/scripts/../build/openmp_bit_nogpu 65536 1024 1024 20
COMPILING: make -C /home/chrisarg/software-dev/Bit/scripts/.. -f Makefile -B build/openmp_bit_nogpu GPU=NONE LIBPOPCNT=0 CPU_TILE=32 BITVECTOR_TILE=2048 BUFFER_SIZE=512 OUTER_ROW_NUM=6 OUTER_COL_NUM=1 OUTER_VEC_BLK=1
EXECUTING: numactl --interleave=all /home/chrisarg/software-dev/Bit/scripts/../build/openmp_bit_nogpu 65536 1024 1024 20
COMPILING: make -C /home/chrisarg/software-dev/Bit/scripts/.. -f Makefile -B build/openmp_bit_nogpu GPU=NONE LIBPOPCNT=1 CPU_TILE=64 BITVECTOR_TILE=512 BUFFER_SIZE=512 OUTER_ROW_NUM=2 OUTER_COL_NUM=5 OUTER_VEC_BLK=4
EXECUTING: numactl --interleave=all /home/chrisarg/software-dev/Bit/scripts/../build/openmp_bit_nogpu 65536 1024 1024 20
COMPILING: make -C /home/chrisarg/software-dev/Bit/scripts/.. -f Makefile -B build/openmp_bit_nogpu GPU=NONE LIBPOPCNT=0 CPU_TILE=64 BITVECTOR_TILE=2048 BUFFER_SIZE=256 OUTER_ROW_NUM=2 OUTER_COL_NUM=3 OUTER_VEC_BLK=3
EXECUTING: numactl --interleave=all /home/chrisarg/software-dev/Bit/scripts/../build/openmp_bit_nogpu 65536 1024 1024 20
COMPILING: make -C /home/chrisarg/software-dev/Bit/scripts/.. -f Makefile -B build/openmp_bit_nogpu GPU=NONE LIBPOPCNT=1 CPU_TILE=16 BITVECTOR_TILE=512 BUFFER_SIZE=1024 OUTER_ROW_NUM=3 OUTER_COL_NUM=3 OUTER_VEC_BLK=1
EXECUTING: numactl --interleave=all /home/chrisarg/software-dev/Bit/scripts/../build/openmp_bit_nogpu 65536 1024 1024 20
COMPILING: make -C /home/chrisarg/software-dev/Bit/scripts/.. -f Makefile -B build/openmp_bit_nogpu GPU=NONE LIBPOPCNT=1 CPU_TILE=16 BITVECTOR_TILE=1024 BUFFER_SIZE=256 OUTER_ROW_NUM=3 OUTER_COL_NUM=3 OUTER_VEC_BLK=3
EXECUTING: numactl --interleave=all /home/chrisarg/software-dev/Bit/scripts/../build/openmp_bit_nogpu 65536 1024 1024 20
COMPILING: make -C /home/chrisarg/software-dev/Bit/scripts/.. -f Makefile -B build/openmp_bit_nogpu GPU=NONE LIBPOPCNT=0 CPU_TILE=64 BITVECTOR_TILE=2048 BUFFER_SIZE=256 OUTER_ROW_NUM=4 OUTER_COL_NUM=2 OUTER_VEC_BLK=3
EXECUTING: numactl --interleave=all /home/chrisarg/software-dev/Bit/scripts/../build/openmp_bit_nogpu 65536 1024 1024 20
COMPILING: make -C /home/chrisarg/software-dev/Bit/scripts/.. -f Makefile -B build/openmp_bit_nogpu GPU=NONE LIBPOPCNT=0 CPU_TILE=64 BITVECTOR_TILE=512 BUFFER_SIZE=256 OUTER_ROW_NUM=4 OUTER_COL_NUM=6 OUTER_VEC_BLK=8
EXECUTING: numactl --interleave=all /home/chrisarg/software-dev/Bit/scripts/../build/openmp_bit_nogpu 65536 1024 1024 20
COMPILING: make -C /home/chrisarg/software-dev/Bit/scripts/.. -f Makefile -B build/openmp_bit_nogpu GPU=NONE LIBPOPCNT=0 CPU_TILE=16 BITVECTOR_TILE=2048 BUFFER_SIZE=4096 OUTER_ROW_NUM=6 OUTER_COL_NUM=3 OUTER_VEC_BLK=8
EXECUTING: numactl --interleave=all /home/chrisarg/software-dev/Bit/scripts/../build/openmp_bit_nogpu 65536 1024 1024 20
COMPILING: make -C /home/chrisarg/software-dev/Bit/scripts/.. -f Makefile -B build/openmp_bit_nogpu GPU=NONE LIBPOPCNT=0 CPU_TILE=64 BITVECTOR_TILE=1024 BUFFER_SIZE=512 OUTER_ROW_NUM=6 OUTER_COL_NUM=2 OUTER_VEC_BLK=8
EXECUTING: numactl --interleave=all /home/chrisarg/software-dev/Bit/scripts/../build/openmp_bit_nogpu 65536 1024 1024 20
COMPILING: make -C /home/chrisarg/software-dev/Bit/scripts/.. -f Makefile -B build/openmp_bit_nogpu GPU=NONE LIBPOPCNT=0 CPU_TILE=64 BITVECTOR_TILE=2048 BUFFER_SIZE=128 OUTER_ROW_NUM=4 OUTER_COL_NUM=6 OUTER_VEC_BLK=3
EXECUTING: numactl --interleave=all /home/chrisarg/software-dev/Bit/scripts/../build/openmp_bit_nogpu 262144 1024 1024 20
COMPILING: make -C /home/chrisarg/software-dev/Bit/scripts/.. -f Makefile -B build/openmp_bit_nogpu GPU=NONE LIBPOPCNT=0 CPU_TILE=32 BITVECTOR_TILE=1024 BUFFER_SIZE=256 OUTER_ROW_NUM=3 OUTER_COL_NUM=6 OUTER_VEC_BLK=8
EXECUTING: numactl --interleave=all /home/chrisarg/software-dev/Bit/scripts/../build/openmp_bit_nogpu 65536 1024 1024 20
COMPILING: make -C /home/chrisarg/software-dev/Bit/scripts/.. -f Makefile -B build/openmp_bit_nogpu GPU=NONE LIBPOPCNT=0 CPU_TILE=64 BITVECTOR_TILE=1024 BUFFER_SIZE=256 OUTER_ROW_NUM=5 OUTER_COL_NUM=6 OUTER_VEC_BLK=6
EXECUTING: numactl --interleave=all /home/chrisarg/software-dev/Bit/scripts/../build/openmp_bit_nogpu 65536 1024 1024 20
COMPILING: make -C /home/chrisarg/software-dev/Bit/scripts/.. -f Makefile -B build/openmp_bit_nogpu GPU=NONE LIBPOPCNT=1 CPU_TILE=32 BITVECTOR_TILE=2048 BUFFER_SIZE=1024 OUTER_ROW_NUM=2 OUTER_COL_NUM=4 OUTER_VEC_BLK=2
EXECUTING: numactl --interleave=all /home/chrisarg/software-dev/Bit/scripts/../build/openmp_bit_nogpu 65536 1024 1024 20
COMPILING: make -C /home/chrisarg/software-dev/Bit/scripts/.. -f Makefile -B build/openmp_bit_nogpu GPU=NONE LIBPOPCNT=0 CPU_TILE=32 BITVECTOR_TILE=1024 BUFFER_SIZE=128 OUTER_ROW_NUM=3 OUTER_COL_NUM=6 OUTER_VEC_BLK=1
EXECUTING: numactl --interleave=all /home/chrisarg/software-dev/Bit/scripts/../build/openmp_bit_nogpu 262144 1024 1024 20
COMPILING: make -C /home/chrisarg/software-dev/Bit/scripts/.. -f Makefile -B build/openmp_bit_nogpu GPU=NONE LIBPOPCNT=0 CPU_TILE=64 BITVECTOR_TILE=1024 BUFFER_SIZE=256 OUTER_ROW_NUM=1 OUTER_COL_NUM=2 OUTER_VEC_BLK=1
EXECUTING: numactl --interleave=all /home/chrisarg/software-dev/Bit/scripts/../build/openmp_bit_nogpu 65536 1024 1024 20
COMPILING: make -C /home/chrisarg/software-dev/Bit/scripts/.. -f Makefile -B build/openmp_bit_nogpu GPU=NONE LIBPOPCNT=0 CPU_TILE=64 BITVECTOR_TILE=512 BUFFER_SIZE=512 OUTER_ROW_NUM=5 OUTER_COL_NUM=1 OUTER_VEC_BLK=3
EXECUTING: numactl --interleave=all /home/chrisarg/software-dev/Bit/scripts/../build/openmp_bit_nogpu 65536 1024 1024 20
COMPILING: make -C /home/chrisarg/software-dev/Bit/scripts/.. -f Makefile -B build/openmp_bit_nogpu GPU=NONE LIBPOPCNT=0 CPU_TILE=64 BITVECTOR_TILE=1024 BUFFER_SIZE=128 OUTER_ROW_NUM=1 OUTER_COL_NUM=4 OUTER_VEC_BLK=8
EXECUTING: numactl --interleave=all /home/chrisarg/software-dev/Bit/scripts/../build/openmp_bit_nogpu 262144 1024 1024 20
COMPILING: make -C /home/chrisarg/software-dev/Bit/scripts/.. -f Makefile -B build/openmp_bit_nogpu GPU=NONE LIBPOPCNT=1 CPU_TILE=16 BITVECTOR_TILE=512 BUFFER_SIZE=512 OUTER_ROW_NUM=2 OUTER_COL_NUM=3 OUTER_VEC_BLK=2
EXECUTING: numactl --interleave=all /home/chrisarg/software-dev/Bit/scripts/../build/openmp_bit_nogpu 65536 1024 1024 20
COMPILING: make -C /home/chrisarg/software-dev/Bit/scripts/.. -f Makefile -B build/openmp_bit_nogpu GPU=NONE LIBPOPCNT=1 CPU_TILE=32 BITVECTOR_TILE=1024 BUFFER_SIZE=512 OUTER_ROW_NUM=1 OUTER_COL_NUM=4 OUTER_VEC_BLK=4
EXECUTING: numactl --interleave=all /home/chrisarg/software-dev/Bit/scripts/../build/openmp_bit_nogpu 262144 1024 1024 20
COMPILING: make -C /home/chrisarg/software-dev/Bit/scripts/.. -f Makefile -B build/openmp_bit_nogpu GPU=NONE LIBPOPCNT=1 CPU_TILE=32 BITVECTOR_TILE=2048 BUFFER_SIZE=256 OUTER_ROW_NUM=2 OUTER_COL_NUM=4 OUTER_VEC_BLK=8
EXECUTING: numactl --interleave=all /home/chrisarg/software-dev/Bit/scripts/../build/openmp_bit_nogpu 262144 1024 1024 20
COMPILING: make -C /home/chrisarg/software-dev/Bit/scripts/.. -f Makefile -B build/openmp_bit_nogpu GPU=NONE LIBPOPCNT=1 CPU_TILE=32 BITVECTOR_TILE=2048 BUFFER_SIZE=128 OUTER_ROW_NUM=2 OUTER_COL_NUM=4 OUTER_VEC_BLK=6
EXECUTING: numactl --interleave=all /home/chrisarg/software-dev/Bit/scripts/../build/openmp_bit_nogpu 65536 1024 1024 20
COMPILING: make -C /home/chrisarg/software-dev/Bit/scripts/.. -f Makefile -B build/openmp_bit_nogpu GPU=NONE LIBPOPCNT=0 CPU_TILE=64 BITVECTOR_TILE=1024 BUFFER_SIZE=512 OUTER_ROW_NUM=6 OUTER_COL_NUM=2 OUTER_VEC_BLK=4
EXECUTING: numactl --interleave=all /home/chrisarg/software-dev/Bit/scripts/../build/openmp_bit_nogpu 262144 1024 1024 20
COMPILING: make -C /home/chrisarg/software-dev/Bit/scripts/.. -f Makefile -B build/openmp_bit_nogpu GPU=NONE LIBPOPCNT=1 CPU_TILE=64 BITVECTOR_TILE=512 BUFFER_SIZE=128 OUTER_ROW_NUM=2 OUTER_COL_NUM=4 OUTER_VEC_BLK=6
EXECUTING: numactl --interleave=all /home/chrisarg/software-dev/Bit/scripts/../build/openmp_bit_nogpu 65536 1024 1024 20
COMPILING: make -C /home/chrisarg/software-dev/Bit/scripts/.. -f Makefile -B build/openmp_bit_nogpu GPU=NONE LIBPOPCNT=0 CPU_TILE=64 BITVECTOR_TILE=512 BUFFER_SIZE=1024 OUTER_ROW_NUM=3 OUTER_COL_NUM=5 OUTER_VEC_BLK=2
EXECUTING: numactl --interleave=all /home/chrisarg/software-dev/Bit/scripts/../build/openmp_bit_nogpu 262144 1024 1024 20
COMPILING: make -C /home/chrisarg/software-dev/Bit/scripts/.. -f Makefile -B build/openmp_bit_nogpu GPU=NONE LIBPOPCNT=1 CPU_TILE=64 BITVECTOR_TILE=1024 BUFFER_SIZE=4096 OUTER_ROW_NUM=5 OUTER_COL_NUM=1 OUTER_VEC_BLK=3
EXECUTING: numactl --interleave=all /home/chrisarg/software-dev/Bit/scripts/../build/openmp_bit_nogpu 262144 1024 1024 20
COMPILING: make -C /home/chrisarg/software-dev/Bit/scripts/.. -f Makefile -B build/openmp_bit_nogpu GPU=NONE LIBPOPCNT=1 CPU_TILE=16 BITVECTOR_TILE=1024 BUFFER_SIZE=128 OUTER_ROW_NUM=3 OUTER_COL_NUM=3 OUTER_VEC_BLK=3
EXECUTING: numactl --interleave=all /home/chrisarg/software-dev/Bit/scripts/../build/openmp_bit_nogpu 262144 1024 1024 20
COMPILING: make -C /home/chrisarg/software-dev/Bit/scripts/.. -f Makefile -B build/openmp_bit_nogpu GPU=NONE LIBPOPCNT=1 CPU_TILE=16 BITVECTOR_TILE=2048 BUFFER_SIZE=128 OUTER_ROW_NUM=4 OUTER_COL_NUM=1 OUTER_VEC_BLK=4
EXECUTING: numactl --interleave=all /home/chrisarg/software-dev/Bit/scripts/../build/openmp_bit_nogpu 65536 1024 1024 20
COMPILING: make -C /home/chrisarg/software-dev/Bit/scripts/.. -f Makefile -B build/openmp_bit_nogpu GPU=NONE LIBPOPCNT=1 CPU_TILE=32 BITVECTOR_TILE=512 BUFFER_SIZE=128 OUTER_ROW_NUM=1 OUTER_COL_NUM=5 OUTER_VEC_BLK=6
EXECUTING: numactl --interleave=all /home/chrisarg/software-dev/Bit/scripts/../build/openmp_bit_nogpu 262144 1024 1024 20
COMPILING: make -C /home/chrisarg/software-dev/Bit/scripts/.. -f Makefile -B build/openmp_bit_nogpu GPU=NONE LIBPOPCNT=0 CPU_TILE=16 BITVECTOR_TILE=1024 BUFFER_SIZE=1024 OUTER_ROW_NUM=5 OUTER_COL_NUM=2 OUTER_VEC_BLK=3
EXECUTING: numactl --interleave=all /home/chrisarg/software-dev/Bit/scripts/../build/openmp_bit_nogpu 65536 1024 1024 20
COMPILING: make -C /home/chrisarg/software-dev/Bit/scripts/.. -f Makefile -B build/openmp_bit_nogpu GPU=NONE LIBPOPCNT=1 CPU_TILE=32 BITVECTOR_TILE=512 BUFFER_SIZE=4096 OUTER_ROW_NUM=4 OUTER_COL_NUM=6 OUTER_VEC_BLK=3
EXECUTING: numactl --interleave=all /home/chrisarg/software-dev/Bit/scripts/../build/openmp_bit_nogpu 65536 1024 1024 20
COMPILING: make -C /home/chrisarg/software-dev/Bit/scripts/.. -f Makefile -B build/openmp_bit_nogpu GPU=NONE LIBPOPCNT=1 CPU_TILE=16 BITVECTOR_TILE=512 BUFFER_SIZE=4096 OUTER_ROW_NUM=5 OUTER_COL_NUM=4 OUTER_VEC_BLK=6
EXECUTING: numactl --interleave=all /home/chrisarg/software-dev/Bit/scripts/../build/openmp_bit_nogpu 65536 1024 1024 20
COMPILING: make -C /home/chrisarg/software-dev/Bit/scripts/.. -f Makefile -B build/openmp_bit_nogpu GPU=NONE LIBPOPCNT=0 CPU_TILE=32 BITVECTOR_TILE=1024 BUFFER_SIZE=256 OUTER_ROW_NUM=2 OUTER_COL_NUM=2 OUTER_VEC_BLK=6
EXECUTING: numactl --interleave=all /home/chrisarg/software-dev/Bit/scripts/../build/openmp_bit_nogpu 65536 1024 1024 20
COMPILING: make -C /home/chrisarg/software-dev/Bit/scripts/.. -f Makefile -B build/openmp_bit_nogpu GPU=NONE LIBPOPCNT=1 CPU_TILE=16 BITVECTOR_TILE=1024 BUFFER_SIZE=128 OUTER_ROW_NUM=2 OUTER_COL_NUM=3 OUTER_VEC_BLK=8
EXECUTING: numactl --interleave=all /home/chrisarg/software-dev/Bit/scripts/../build/openmp_bit_nogpu 262144 1024 1024 20
COMPILING: make -C /home/chrisarg/software-dev/Bit/scripts/.. -f Makefile -B build/openmp_bit_nogpu GPU=NONE LIBPOPCNT=0 CPU_TILE=16 BITVECTOR_TILE=512 BUFFER_SIZE=4096 OUTER_ROW_NUM=6 OUTER_COL_NUM=4 OUTER_VEC_BLK=3
EXECUTING: numactl --interleave=all /home/chrisarg/software-dev/Bit/scripts/../build/openmp_bit_nogpu 65536 1024 1024 20
COMPILING: make -C /home/chrisarg/software-dev/Bit/scripts/.. -f Makefile -B build/openmp_bit_nogpu GPU=NONE LIBPOPCNT=1 CPU_TILE=16 BITVECTOR_TILE=1024 BUFFER_SIZE=4096 OUTER_ROW_NUM=1 OUTER_COL_NUM=6 OUTER_VEC_BLK=6
EXECUTING: numactl --interleave=all /home/chrisarg/software-dev/Bit/scripts/../build/openmp_bit_nogpu 65536 1024 1024 20
COMPILING: make -C /home/chrisarg/software-dev/Bit/scripts/.. -f Makefile -B build/openmp_bit_nogpu GPU=NONE LIBPOPCNT=1 CPU_TILE=32 BITVECTOR_TILE=512 BUFFER_SIZE=1024 OUTER_ROW_NUM=4 OUTER_COL_NUM=1 OUTER_VEC_BLK=1
EXECUTING: numactl --interleave=all /home/chrisarg/software-dev/Bit/scripts/../build/openmp_bit_nogpu 65536 1024 1024 20
COMPILING: make -C /home/chrisarg/software-dev/Bit/scripts/.. -f Makefile -B build/openmp_bit_nogpu GPU=NONE LIBPOPCNT=0 CPU_TILE=16 BITVECTOR_TILE=512 BUFFER_SIZE=128 OUTER_ROW_NUM=5 OUTER_COL_NUM=3 OUTER_VEC_BLK=3
EXECUTING: numactl --interleave=all /home/chrisarg/software-dev/Bit/scripts/../build/openmp_bit_nogpu 65536 1024 1024 20
COMPILING: make -C /home/chrisarg/software-dev/Bit/scripts/.. -f Makefile -B build/openmp_bit_nogpu GPU=NONE LIBPOPCNT=1 CPU_TILE=16 BITVECTOR_TILE=512 BUFFER_SIZE=4096 OUTER_ROW_NUM=1 OUTER_COL_NUM=4 OUTER_VEC_BLK=2
EXECUTING: numactl --interleave=all /home/chrisarg/software-dev/Bit/scripts/../build/openmp_bit_nogpu 262144 1024 1024 20
COMPILING: make -C /home/chrisarg/software-dev/Bit/scripts/.. -f Makefile -B build/openmp_bit_nogpu GPU=NONE LIBPOPCNT=1 CPU_TILE=64 BITVECTOR_TILE=1024 BUFFER_SIZE=512 OUTER_ROW_NUM=3 OUTER_COL_NUM=5 OUTER_VEC_BLK=1
EXECUTING: numactl --interleave=all /home/chrisarg/software-dev/Bit/scripts/../build/openmp_bit_nogpu 65536 1024 1024 20
COMPILING: make -C /home/chrisarg/software-dev/Bit/scripts/.. -f Makefile -B build/openmp_bit_nogpu GPU=NONE LIBPOPCNT=1 CPU_TILE=32 BITVECTOR_TILE=2048 BUFFER_SIZE=256 OUTER_ROW_NUM=6 OUTER_COL_NUM=1 OUTER_VEC_BLK=2
EXECUTING: numactl --interleave=all /home/chrisarg/software-dev/Bit/scripts/../build/openmp_bit_nogpu 65536 1024 1024 20
COMPILING: make -C /home/chrisarg/software-dev/Bit/scripts/.. -f Makefile -B build/openmp_bit_nogpu GPU=NONE LIBPOPCNT=1 CPU_TILE=16 BITVECTOR_TILE=2048 BUFFER_SIZE=256 OUTER_ROW_NUM=3 OUTER_COL_NUM=3 OUTER_VEC_BLK=4
EXECUTING: numactl --interleave=all /home/chrisarg/software-dev/Bit/scripts/../build/openmp_bit_nogpu 65536 1024 1024 20
COMPILING: make -C /home/chrisarg/software-dev/Bit/scripts/.. -f Makefile -B build/openmp_bit_nogpu GPU=NONE LIBPOPCNT=1 CPU_TILE=32 BITVECTOR_TILE=2048 BUFFER_SIZE=256 OUTER_ROW_NUM=4 OUTER_COL_NUM=3 OUTER_VEC_BLK=1
EXECUTING: numactl --interleave=all /home/chrisarg/software-dev/Bit/scripts/../build/openmp_bit_nogpu 262144 1024 1024 20
COMPILING: make -C /home/chrisarg/software-dev/Bit/scripts/.. -f Makefile -B build/openmp_bit_nogpu GPU=NONE LIBPOPCNT=1 CPU_TILE=64 BITVECTOR_TILE=512 BUFFER_SIZE=4096 OUTER_ROW_NUM=5 OUTER_COL_NUM=4 OUTER_VEC_BLK=2
EXECUTING: numactl --interleave=all /home/chrisarg/software-dev/Bit/scripts/../build/openmp_bit_nogpu 65536 1024 1024 20
COMPILING: make -C /home/chrisarg/software-dev/Bit/scripts/.. -f Makefile -B build/openmp_bit_nogpu GPU=NONE LIBPOPCNT=0 CPU_TILE=64 BITVECTOR_TILE=1024 BUFFER_SIZE=1024 OUTER_ROW_NUM=1 OUTER_COL_NUM=6 OUTER_VEC_BLK=6
EXECUTING: numactl --interleave=all /home/chrisarg/software-dev/Bit/scripts/../build/openmp_bit_nogpu 262144 1024 1024 20
COMPILING: make -C /home/chrisarg/software-dev/Bit/scripts/.. -f Makefile -B build/openmp_bit_nogpu GPU=NONE LIBPOPCNT=1 CPU_TILE=16 BITVECTOR_TILE=2048 BUFFER_SIZE=4096 OUTER_ROW_NUM=1 OUTER_COL_NUM=1 OUTER_VEC_BLK=6
EXECUTING: numactl --interleave=all /home/chrisarg/software-dev/Bit/scripts/../build/openmp_bit_nogpu 262144 1024 1024 20
COMPILING: make -C /home/chrisarg/software-dev/Bit/scripts/.. -f Makefile -B build/openmp_bit_nogpu GPU=NONE LIBPOPCNT=1 CPU_TILE=32 BITVECTOR_TILE=512 BUFFER_SIZE=256 OUTER_ROW_NUM=6 OUTER_COL_NUM=5 OUTER_VEC_BLK=4
EXECUTING: numactl --interleave=all /home/chrisarg/software-dev/Bit/scripts/../build/openmp_bit_nogpu 262144 1024 1024 20
COMPILING: make -C /home/chrisarg/software-dev/Bit/scripts/.. -f Makefile -B build/openmp_bit_nogpu GPU=NONE LIBPOPCNT=0 CPU_TILE=32 BITVECTOR_TILE=2048 BUFFER_SIZE=128 OUTER_ROW_NUM=3 OUTER_COL_NUM=3 OUTER_VEC_BLK=3
EXECUTING: numactl --interleave=all /home/chrisarg/software-dev/Bit/scripts/../build/openmp_bit_nogpu 65536 1024 1024 20
COMPILING: make -C /home/chrisarg/software-dev/Bit/scripts/.. -f Makefile -B build/openmp_bit_nogpu GPU=NONE LIBPOPCNT=0 CPU_TILE=16 BITVECTOR_TILE=1024 BUFFER_SIZE=1024 OUTER_ROW_NUM=2 OUTER_COL_NUM=1 OUTER_VEC_BLK=8
EXECUTING: numactl --interleave=all /home/chrisarg/software-dev/Bit/scripts/../build/openmp_bit_nogpu 262144 1024 1024 20
COMPILING: make -C /home/chrisarg/software-dev/Bit/scripts/.. -f Makefile -B build/openmp_bit_nogpu GPU=NONE LIBPOPCNT=0 CPU_TILE=16 BITVECTOR_TILE=512 BUFFER_SIZE=1024 OUTER_ROW_NUM=2 OUTER_COL_NUM=4 OUTER_VEC_BLK=3
EXECUTING: numactl --interleave=all /home/chrisarg/software-dev/Bit/scripts/../build/openmp_bit_nogpu 262144 1024 1024 20
COMPILING: make -C /home/chrisarg/software-dev/Bit/scripts/.. -f Makefile -B build/openmp_bit_nogpu GPU=NONE LIBPOPCNT=0 CPU_TILE=16 BITVECTOR_TILE=1024 BUFFER_SIZE=512 OUTER_ROW_NUM=1 OUTER_COL_NUM=2 OUTER_VEC_BLK=1
EXECUTING: numactl --interleave=all /home/chrisarg/software-dev/Bit/scripts/../build/openmp_bit_nogpu 262144 1024 1024 20
COMPILING: make -C /home/chrisarg/software-dev/Bit/scripts/.. -f Makefile -B build/openmp_bit_nogpu GPU=NONE LIBPOPCNT=0 CPU_TILE=32 BITVECTOR_TILE=1024 BUFFER_SIZE=1024 OUTER_ROW_NUM=3 OUTER_COL_NUM=6 OUTER_VEC_BLK=1
EXECUTING: numactl --interleave=all /home/chrisarg/software-dev/Bit/scripts/../build/openmp_bit_nogpu 262144 1024 1024 20
COMPILING: make -C /home/chrisarg/software-dev/Bit/scripts/.. -f Makefile -B build/openmp_bit_nogpu GPU=NONE LIBPOPCNT=1 CPU_TILE=64 BITVECTOR_TILE=2048 BUFFER_SIZE=512 OUTER_ROW_NUM=2 OUTER_COL_NUM=1 OUTER_VEC_BLK=1
EXECUTING: numactl --interleave=all /home/chrisarg/software-dev/Bit/scripts/../build/openmp_bit_nogpu 65536 1024 1024 20
COMPILING: make -C /home/chrisarg/software-dev/Bit/scripts/.. -f Makefile -B build/openmp_bit_nogpu GPU=NONE LIBPOPCNT=1 CPU_TILE=16 BITVECTOR_TILE=1024 BUFFER_SIZE=512 OUTER_ROW_NUM=1 OUTER_COL_NUM=5 OUTER_VEC_BLK=3
EXECUTING: numactl --interleave=all /home/chrisarg/software-dev/Bit/scripts/../build/openmp_bit_nogpu 262144 1024 1024 20
COMPILING: make -C /home/chrisarg/software-dev/Bit/scripts/.. -f Makefile -B build/openmp_bit_nogpu GPU=NONE LIBPOPCNT=0 CPU_TILE=64 BITVECTOR_TILE=1024 BUFFER_SIZE=512 OUTER_ROW_NUM=2 OUTER_COL_NUM=3 OUTER_VEC_BLK=3
EXECUTING: numactl --interleave=all /home/chrisarg/software-dev/Bit/scripts/../build/openmp_bit_nogpu 65536 1024 1024 20
COMPILING: make -C /home/chrisarg/software-dev/Bit/scripts/.. -f Makefile -B build/openmp_bit_nogpu GPU=NONE LIBPOPCNT=0 CPU_TILE=64 BITVECTOR_TILE=1024 BUFFER_SIZE=128 OUTER_ROW_NUM=3 OUTER_COL_NUM=5 OUTER_VEC_BLK=8
EXECUTING: numactl --interleave=all /home/chrisarg/software-dev/Bit/scripts/../build/openmp_bit_nogpu 65536 1024 1024 20
COMPILING: make -C /home/chrisarg/software-dev/Bit/scripts/.. -f Makefile -B build/openmp_bit_nogpu GPU=NONE LIBPOPCNT=1 CPU_TILE=64 BITVECTOR_TILE=512 BUFFER_SIZE=4096 OUTER_ROW_NUM=1 OUTER_COL_NUM=4 OUTER_VEC_BLK=3
EXECUTING: numactl --interleave=all /home/chrisarg/software-dev/Bit/scripts/../build/openmp_bit_nogpu 262144 1024 1024 20
COMPILING: make -C /home/chrisarg/software-dev/Bit/scripts/.. -f Makefile -B build/openmp_bit_nogpu GPU=NONE LIBPOPCNT=0 CPU_TILE=16 BITVECTOR_TILE=512 BUFFER_SIZE=128 OUTER_ROW_NUM=5 OUTER_COL_NUM=1 OUTER_VEC_BLK=3
EXECUTING: numactl --interleave=all /home/chrisarg/software-dev/Bit/scripts/../build/openmp_bit_nogpu 262144 1024 1024 20
COMPILING: make -C /home/chrisarg/software-dev/Bit/scripts/.. -f Makefile -B build/openmp_bit_nogpu GPU=NONE LIBPOPCNT=1 CPU_TILE=64 BITVECTOR_TILE=512 BUFFER_SIZE=128 OUTER_ROW_NUM=5 OUTER_COL_NUM=1 OUTER_VEC_BLK=8
EXECUTING: numactl --interleave=all /home/chrisarg/software-dev/Bit/scripts/../build/openmp_bit_nogpu 65536 1024 1024 20
COMPILING: make -C /home/chrisarg/software-dev/Bit/scripts/.. -f Makefile -B build/openmp_bit_nogpu GPU=NONE LIBPOPCNT=0 CPU_TILE=64 BITVECTOR_TILE=512 BUFFER_SIZE=128 OUTER_ROW_NUM=3 OUTER_COL_NUM=3 OUTER_VEC_BLK=2
EXECUTING: numactl --interleave=all /home/chrisarg/software-dev/Bit/scripts/../build/openmp_bit_nogpu 262144 1024 1024 20
COMPILING: make -C /home/chrisarg/software-dev/Bit/scripts/.. -f Makefile -B build/openmp_bit_nogpu GPU=NONE LIBPOPCNT=0 CPU_TILE=16 BITVECTOR_TILE=1024 BUFFER_SIZE=1024 OUTER_ROW_NUM=6 OUTER_COL_NUM=4 OUTER_VEC_BLK=4
EXECUTING: numactl --interleave=all /home/chrisarg/software-dev/Bit/scripts/../build/openmp_bit_nogpu 262144 1024 1024 20
COMPILING: make -C /home/chrisarg/software-dev/Bit/scripts/.. -f Makefile -B build/openmp_bit_nogpu GPU=NONE LIBPOPCNT=0 CPU_TILE=16 BITVECTOR_TILE=2048 BUFFER_SIZE=256 OUTER_ROW_NUM=2 OUTER_COL_NUM=6 OUTER_VEC_BLK=4
EXECUTING: numactl --interleave=all /home/chrisarg/software-dev/Bit/scripts/../build/openmp_bit_nogpu 65536 1024 1024 20
COMPILING: make -C /home/chrisarg/software-dev/Bit/scripts/.. -f Makefile -B build/openmp_bit_nogpu GPU=NONE LIBPOPCNT=1 CPU_TILE=16 BITVECTOR_TILE=2048 BUFFER_SIZE=128 OUTER_ROW_NUM=3 OUTER_COL_NUM=6 OUTER_VEC_BLK=4
EXECUTING: numactl --interleave=all /home/chrisarg/software-dev/Bit/scripts/../build/openmp_bit_nogpu 262144 1024 1024 20
COMPILING: make -C /home/chrisarg/software-dev/Bit/scripts/.. -f Makefile -B build/openmp_bit_nogpu GPU=NONE LIBPOPCNT=1 CPU_TILE=64 BITVECTOR_TILE=1024 BUFFER_SIZE=512 OUTER_ROW_NUM=1 OUTER_COL_NUM=4 OUTER_VEC_BLK=4
EXECUTING: numactl --interleave=all /home/chrisarg/software-dev/Bit/scripts/../build/openmp_bit_nogpu 65536 1024 1024 20
COMPILING: make -C /home/chrisarg/software-dev/Bit/scripts/.. -f Makefile -B build/openmp_bit_nogpu GPU=NONE LIBPOPCNT=0 CPU_TILE=64 BITVECTOR_TILE=2048 BUFFER_SIZE=512 OUTER_ROW_NUM=5 OUTER_COL_NUM=6 OUTER_VEC_BLK=2
EXECUTING: numactl --interleave=all /home/chrisarg/software-dev/Bit/scripts/../build/openmp_bit_nogpu 262144 1024 1024 20
COMPILING: make -C /home/chrisarg/software-dev/Bit/scripts/.. -f Makefile -B build/openmp_bit_nogpu GPU=NONE LIBPOPCNT=1 CPU_TILE=64 BITVECTOR_TILE=1024 BUFFER_SIZE=128 OUTER_ROW_NUM=3 OUTER_COL_NUM=4 OUTER_VEC_BLK=2
EXECUTING: numactl --interleave=all /home/chrisarg/software-dev/Bit/scripts/../build/openmp_bit_nogpu 65536 1024 1024 20
COMPILING: make -C /home/chrisarg/software-dev/Bit/scripts/.. -f Makefile -B build/openmp_bit_nogpu GPU=NONE LIBPOPCNT=0 CPU_TILE=32 BITVECTOR_TILE=512 BUFFER_SIZE=512 OUTER_ROW_NUM=6 OUTER_COL_NUM=5 OUTER_VEC_BLK=2
EXECUTING: numactl --interleave=all /home/chrisarg/software-dev/Bit/scripts/../build/openmp_bit_nogpu 262144 1024 1024 20
COMPILING: make -C /home/chrisarg/software-dev/Bit/scripts/.. -f Makefile -B build/openmp_bit_nogpu GPU=NONE LIBPOPCNT=1 CPU_TILE=32 BITVECTOR_TILE=512 BUFFER_SIZE=4096 OUTER_ROW_NUM=5 OUTER_COL_NUM=3 OUTER_VEC_BLK=1
EXECUTING: numactl --interleave=all /home/chrisarg/software-dev/Bit/scripts/../build/openmp_bit_nogpu 65536 1024 1024 20
COMPILING: make -C /home/chrisarg/software-dev/Bit/scripts/.. -f Makefile -B build/openmp_bit_nogpu GPU=NONE LIBPOPCNT=0 CPU_TILE=32 BITVECTOR_TILE=512 BUFFER_SIZE=4096 OUTER_ROW_NUM=4 OUTER_COL_NUM=1 OUTER_VEC_BLK=3
EXECUTING: numactl --interleave=all /home/chrisarg/software-dev/Bit/scripts/../build/openmp_bit_nogpu 262144 1024 1024 20
COMPILING: make -C /home/chrisarg/software-dev/Bit/scripts/.. -f Makefile -B build/openmp_bit_nogpu GPU=NONE LIBPOPCNT=1 CPU_TILE=64 BITVECTOR_TILE=2048 BUFFER_SIZE=1024 OUTER_ROW_NUM=1 OUTER_COL_NUM=5 OUTER_VEC_BLK=4
EXECUTING: numactl --interleave=all /home/chrisarg/software-dev/Bit/scripts/../build/openmp_bit_nogpu 262144 1024 1024 20
COMPILING: make -C /home/chrisarg/software-dev/Bit/scripts/.. -f Makefile -B build/openmp_bit_nogpu GPU=NONE LIBPOPCNT=1 CPU_TILE=16 BITVECTOR_TILE=1024 BUFFER_SIZE=1024 OUTER_ROW_NUM=1 OUTER_COL_NUM=4 OUTER_VEC_BLK=3
EXECUTING: numactl --interleave=all /home/chrisarg/software-dev/Bit/scripts/../build/openmp_bit_nogpu 65536 1024 1024 20
COMPILING: make -C /home/chrisarg/software-dev/Bit/scripts/.. -f Makefile -B build/openmp_bit_nogpu GPU=NONE LIBPOPCNT=0 CPU_TILE=32 BITVECTOR_TILE=512 BUFFER_SIZE=128 OUTER_ROW_NUM=3 OUTER_COL_NUM=4 OUTER_VEC_BLK=8
EXECUTING: numactl --interleave=all /home/chrisarg/software-dev/Bit/scripts/../build/openmp_bit_nogpu 262144 1024 1024 20
COMPILING: make -C /home/chrisarg/software-dev/Bit/scripts/.. -f Makefile -B build/openmp_bit_nogpu GPU=NONE LIBPOPCNT=1 CPU_TILE=16 BITVECTOR_TILE=512 BUFFER_SIZE=512 OUTER_ROW_NUM=4 OUTER_COL_NUM=1 OUTER_VEC_BLK=4
EXECUTING: numactl --interleave=all /home/chrisarg/software-dev/Bit/scripts/../build/openmp_bit_nogpu 262144 1024 1024 20
COMPILING: make -C /home/chrisarg/software-dev/Bit/scripts/.. -f Makefile -B build/openmp_bit_nogpu GPU=NONE LIBPOPCNT=1 CPU_TILE=32 BITVECTOR_TILE=2048 BUFFER_SIZE=1024 OUTER_ROW_NUM=1 OUTER_COL_NUM=4 OUTER_VEC_BLK=8
EXECUTING: numactl --interleave=all /home/chrisarg/software-dev/Bit/scripts/../build/openmp_bit_nogpu 65536 1024 1024 20
COMPILING: make -C /home/chrisarg/software-dev/Bit/scripts/.. -f Makefile -B build/openmp_bit_nogpu GPU=NONE LIBPOPCNT=0 CPU_TILE=16 BITVECTOR_TILE=512 BUFFER_SIZE=1024 OUTER_ROW_NUM=6 OUTER_COL_NUM=3 OUTER_VEC_BLK=6
EXECUTING: numactl --interleave=all /home/chrisarg/software-dev/Bit/scripts/../build/openmp_bit_nogpu 65536 1024 1024 20
COMPILING: make -C /home/chrisarg/software-dev/Bit/scripts/.. -f Makefile -B build/openmp_bit_nogpu GPU=NONE LIBPOPCNT=1 CPU_TILE=16 BITVECTOR_TILE=512 BUFFER_SIZE=128 OUTER_ROW_NUM=6 OUTER_COL_NUM=3 OUTER_VEC_BLK=2
EXECUTING: numactl --interleave=all /home/chrisarg/software-dev/Bit/scripts/../build/openmp_bit_nogpu 262144 1024 1024 20
COMPILING: make -C /home/chrisarg/software-dev/Bit/scripts/.. -f Makefile -B build/openmp_bit_nogpu GPU=NONE LIBPOPCNT=0 CPU_TILE=32 BITVECTOR_TILE=2048 BUFFER_SIZE=128 OUTER_ROW_NUM=3 OUTER_COL_NUM=2 OUTER_VEC_BLK=3
EXECUTING: numactl --interleave=all /home/chrisarg/software-dev/Bit/scripts/../build/openmp_bit_nogpu 65536 1024 1024 20
COMPILING: make -C /home/chrisarg/software-dev/Bit/scripts/.. -f Makefile -B build/openmp_bit_nogpu GPU=NONE LIBPOPCNT=1 CPU_TILE=32 BITVECTOR_TILE=512 BUFFER_SIZE=512 OUTER_ROW_NUM=5 OUTER_COL_NUM=3 OUTER_VEC_BLK=6
EXECUTING: numactl --interleave=all /home/chrisarg/software-dev/Bit/scripts/../build/openmp_bit_nogpu 262144 1024 1024 20
COMPILING: make -C /home/chrisarg/software-dev/Bit/scripts/.. -f Makefile -B build/openmp_bit_nogpu GPU=NONE LIBPOPCNT=1 CPU_TILE=16 BITVECTOR_TILE=2048 BUFFER_SIZE=4096 OUTER_ROW_NUM=5 OUTER_COL_NUM=2 OUTER_VEC_BLK=1
EXECUTING: numactl --interleave=all /home/chrisarg/software-dev/Bit/scripts/../build/openmp_bit_nogpu 262144 1024 1024 20
COMPILING: make -C /home/chrisarg/software-dev/Bit/scripts/.. -f Makefile -B build/openmp_bit_nogpu GPU=NONE LIBPOPCNT=0 CPU_TILE=64 BITVECTOR_TILE=2048 BUFFER_SIZE=4096 OUTER_ROW_NUM=1 OUTER_COL_NUM=4 OUTER_VEC_BLK=1
EXECUTING: numactl --interleave=all /home/chrisarg/software-dev/Bit/scripts/../build/openmp_bit_nogpu 65536 1024 1024 20
COMPILING: make -C /home/chrisarg/software-dev/Bit/scripts/.. -f Makefile -B build/openmp_bit_nogpu GPU=NONE LIBPOPCNT=0 CPU_TILE=16 BITVECTOR_TILE=512 BUFFER_SIZE=256 OUTER_ROW_NUM=6 OUTER_COL_NUM=3 OUTER_VEC_BLK=4
EXECUTING: numactl --interleave=all /home/chrisarg/software-dev/Bit/scripts/../build/openmp_bit_nogpu 262144 1024 1024 20
COMPILING: make -C /home/chrisarg/software-dev/Bit/scripts/.. -f Makefile -B build/openmp_bit_nogpu GPU=NONE LIBPOPCNT=1 CPU_TILE=16 BITVECTOR_TILE=1024 BUFFER_SIZE=128 OUTER_ROW_NUM=1 OUTER_COL_NUM=2 OUTER_VEC_BLK=3
EXECUTING: numactl --interleave=all /home/chrisarg/software-dev/Bit/scripts/../build/openmp_bit_nogpu 262144 1024 1024 20
COMPILING: make -C /home/chrisarg/software-dev/Bit/scripts/.. -f Makefile -B build/openmp_bit_nogpu GPU=NONE LIBPOPCNT=1 CPU_TILE=16 BITVECTOR_TILE=1024 BUFFER_SIZE=128 OUTER_ROW_NUM=5 OUTER_COL_NUM=4 OUTER_VEC_BLK=8
EXECUTING: numactl --interleave=all /home/chrisarg/software-dev/Bit/scripts/../build/openmp_bit_nogpu 65536 1024 1024 20
COMPILING: make -C /home/chrisarg/software-dev/Bit/scripts/.. -f Makefile -B build/openmp_bit_nogpu GPU=NONE LIBPOPCNT=0 CPU_TILE=64 BITVECTOR_TILE=1024 BUFFER_SIZE=4096 OUTER_ROW_NUM=2 OUTER_COL_NUM=2 OUTER_VEC_BLK=4
EXECUTING: numactl --interleave=all /home/chrisarg/software-dev/Bit/scripts/../build/openmp_bit_nogpu 262144 1024 1024 20
COMPILING: make -C /home/chrisarg/software-dev/Bit/scripts/.. -f Makefile -B build/openmp_bit_nogpu GPU=NONE LIBPOPCNT=0 CPU_TILE=16 BITVECTOR_TILE=1024 BUFFER_SIZE=1024 OUTER_ROW_NUM=6 OUTER_COL_NUM=6 OUTER_VEC_BLK=3
EXECUTING: numactl --interleave=all /home/chrisarg/software-dev/Bit/scripts/../build/openmp_bit_nogpu 262144 1024 1024 20
COMPILING: make -C /home/chrisarg/software-dev/Bit/scripts/.. -f Makefile -B build/openmp_bit_nogpu GPU=NONE LIBPOPCNT=1 CPU_TILE=16 BITVECTOR_TILE=512 BUFFER_SIZE=1024 OUTER_ROW_NUM=6 OUTER_COL_NUM=2 OUTER_VEC_BLK=2
EXECUTING: numactl --interleave=all /home/chrisarg/software-dev/Bit/scripts/../build/openmp_bit_nogpu 262144 1024 1024 20
COMPILING: make -C /home/chrisarg/software-dev/Bit/scripts/.. -f Makefile -B build/openmp_bit_nogpu GPU=NONE LIBPOPCNT=0 CPU_TILE=16 BITVECTOR_TILE=1024 BUFFER_SIZE=128 OUTER_ROW_NUM=3 OUTER_COL_NUM=3 OUTER_VEC_BLK=4
EXECUTING: numactl --interleave=all /home/chrisarg/software-dev/Bit/scripts/../build/openmp_bit_nogpu 65536 1024 1024 20
COMPILING: make -C /home/chrisarg/software-dev/Bit/scripts/.. -f Makefile -B build/openmp_bit_nogpu GPU=NONE LIBPOPCNT=0 CPU_TILE=16 BITVECTOR_TILE=512 BUFFER_SIZE=4096 OUTER_ROW_NUM=5 OUTER_COL_NUM=5 OUTER_VEC_BLK=8
EXECUTING: numactl --interleave=all /home/chrisarg/software-dev/Bit/scripts/../build/openmp_bit_nogpu 262144 1024 1024 20
COMPILING: make -C /home/chrisarg/software-dev/Bit/scripts/.. -f Makefile -B build/openmp_bit_nogpu GPU=NONE LIBPOPCNT=1 CPU_TILE=32 BITVECTOR_TILE=1024 BUFFER_SIZE=128 OUTER_ROW_NUM=3 OUTER_COL_NUM=4 OUTER_VEC_BLK=3
EXECUTING: numactl --interleave=all /home/chrisarg/software-dev/Bit/scripts/../build/openmp_bit_nogpu 262144 1024 1024 20
COMPILING: make -C /home/chrisarg/software-dev/Bit/scripts/.. -f Makefile -B build/openmp_bit_nogpu GPU=NONE LIBPOPCNT=0 CPU_TILE=16 BITVECTOR_TILE=512 BUFFER_SIZE=4096 OUTER_ROW_NUM=5 OUTER_COL_NUM=2 OUTER_VEC_BLK=4
EXECUTING: numactl --interleave=all /home/chrisarg/software-dev/Bit/scripts/../build/openmp_bit_nogpu 65536 1024 1024 20
COMPILING: make -C /home/chrisarg/software-dev/Bit/scripts/.. -f Makefile -B build/openmp_bit_nogpu GPU=NONE LIBPOPCNT=0 CPU_TILE=32 BITVECTOR_TILE=512 BUFFER_SIZE=512 OUTER_ROW_NUM=2 OUTER_COL_NUM=2 OUTER_VEC_BLK=8
EXECUTING: numactl --interleave=all /home/chrisarg/software-dev/Bit/scripts/../build/openmp_bit_nogpu 262144 1024 1024 20
COMPILING: make -C /home/chrisarg/software-dev/Bit/scripts/.. -f Makefile -B build/openmp_bit_nogpu GPU=NONE LIBPOPCNT=1 CPU_TILE=16 BITVECTOR_TILE=1024 BUFFER_SIZE=512 OUTER_ROW_NUM=6 OUTER_COL_NUM=2 OUTER_VEC_BLK=3
EXECUTING: numactl --interleave=all /home/chrisarg/software-dev/Bit/scripts/../build/openmp_bit_nogpu 262144 1024 1024 20
COMPILING: make -C /home/chrisarg/software-dev/Bit/scripts/.. -f Makefile -B build/openmp_bit_nogpu GPU=NONE LIBPOPCNT=0 CPU_TILE=32 BITVECTOR_TILE=512 BUFFER_SIZE=128 OUTER_ROW_NUM=4 OUTER_COL_NUM=2 OUTER_VEC_BLK=6
EXECUTING: numactl --interleave=all /home/chrisarg/software-dev/Bit/scripts/../build/openmp_bit_nogpu 262144 1024 1024 20
COMPILING: make -C /home/chrisarg/software-dev/Bit/scripts/.. -f Makefile -B build/openmp_bit_nogpu GPU=NONE LIBPOPCNT=1 CPU_TILE=32 BITVECTOR_TILE=512 BUFFER_SIZE=1024 OUTER_ROW_NUM=3 OUTER_COL_NUM=3 OUTER_VEC_BLK=3
EXECUTING: numactl --interleave=all /home/chrisarg/software-dev/Bit/scripts/../build/openmp_bit_nogpu 65536 1024 1024 20
COMPILING: make -C /home/chrisarg/software-dev/Bit/scripts/.. -f Makefile -B build/openmp_bit_nogpu GPU=NONE LIBPOPCNT=1 CPU_TILE=64 BITVECTOR_TILE=2048 BUFFER_SIZE=512 OUTER_ROW_NUM=6 OUTER_COL_NUM=2 OUTER_VEC_BLK=3
EXECUTING: numactl --interleave=all /home/chrisarg/software-dev/Bit/scripts/../build/openmp_bit_nogpu 65536 1024 1024 20
COMPILING: make -C /home/chrisarg/software-dev/Bit/scripts/.. -f Makefile -B build/openmp_bit_nogpu GPU=NONE LIBPOPCNT=1 CPU_TILE=16 BITVECTOR_TILE=1024 BUFFER_SIZE=512 OUTER_ROW_NUM=6 OUTER_COL_NUM=2 OUTER_VEC_BLK=4
EXECUTING: numactl --interleave=all /home/chrisarg/software-dev/Bit/scripts/../build/openmp_bit_nogpu 262144 1024 1024 20
COMPILING: make -C /home/chrisarg/software-dev/Bit/scripts/.. -f Makefile -B build/openmp_bit_nogpu GPU=NONE LIBPOPCNT=0 CPU_TILE=16 BITVECTOR_TILE=2048 BUFFER_SIZE=128 OUTER_ROW_NUM=4 OUTER_COL_NUM=2 OUTER_VEC_BLK=2
EXECUTING: numactl --interleave=all /home/chrisarg/software-dev/Bit/scripts/../build/openmp_bit_nogpu 65536 1024 1024 20
COMPILING: make -C /home/chrisarg/software-dev/Bit/scripts/.. -f Makefile -B build/openmp_bit_nogpu GPU=NONE LIBPOPCNT=1 CPU_TILE=16 BITVECTOR_TILE=1024 BUFFER_SIZE=512 OUTER_ROW_NUM=2 OUTER_COL_NUM=5 OUTER_VEC_BLK=8
EXECUTING: numactl --interleave=all /home/chrisarg/software-dev/Bit/scripts/../build/openmp_bit_nogpu 262144 1024 1024 20
COMPILING: make -C /home/chrisarg/software-dev/Bit/scripts/.. -f Makefile -B build/openmp_bit_nogpu GPU=NONE LIBPOPCNT=1 CPU_TILE=64 BITVECTOR_TILE=2048 BUFFER_SIZE=256 OUTER_ROW_NUM=5 OUTER_COL_NUM=5 OUTER_VEC_BLK=1
EXECUTING: numactl --interleave=all /home/chrisarg/software-dev/Bit/scripts/../build/openmp_bit_nogpu 262144 1024 1024 20
COMPILING: make -C /home/chrisarg/software-dev/Bit/scripts/.. -f Makefile -B build/openmp_bit_nogpu GPU=NONE LIBPOPCNT=0 CPU_TILE=16 BITVECTOR_TILE=1024 BUFFER_SIZE=512 OUTER_ROW_NUM=6 OUTER_COL_NUM=4 OUTER_VEC_BLK=4
EXECUTING: numactl --interleave=all /home/chrisarg/software-dev/Bit/scripts/../build/openmp_bit_nogpu 65536 1024 1024 20
COMPILING: make -C /home/chrisarg/software-dev/Bit/scripts/.. -f Makefile -B build/openmp_bit_nogpu GPU=NONE LIBPOPCNT=0 CPU_TILE=64 BITVECTOR_TILE=2048 BUFFER_SIZE=512 OUTER_ROW_NUM=3 OUTER_COL_NUM=5 OUTER_VEC_BLK=3
EXECUTING: numactl --interleave=all /home/chrisarg/software-dev/Bit/scripts/../build/openmp_bit_nogpu 262144 1024 1024 20
COMPILING: make -C /home/chrisarg/software-dev/Bit/scripts/.. -f Makefile -B build/openmp_bit_nogpu GPU=NONE LIBPOPCNT=0 CPU_TILE=16 BITVECTOR_TILE=512 BUFFER_SIZE=128 OUTER_ROW_NUM=2 OUTER_COL_NUM=1 OUTER_VEC_BLK=6
EXECUTING: numactl --interleave=all /home/chrisarg/software-dev/Bit/scripts/../build/openmp_bit_nogpu 65536 1024 1024 20
COMPILING: make -C /home/chrisarg/software-dev/Bit/scripts/.. -f Makefile -B build/openmp_bit_nogpu GPU=NONE LIBPOPCNT=0 CPU_TILE=16 BITVECTOR_TILE=1024 BUFFER_SIZE=4096 OUTER_ROW_NUM=1 OUTER_COL_NUM=1 OUTER_VEC_BLK=1
EXECUTING: numactl --interleave=all /home/chrisarg/software-dev/Bit/scripts/../build/openmp_bit_nogpu 65536 1024 1024 20
COMPILING: make -C /home/chrisarg/software-dev/Bit/scripts/.. -f Makefile -B build/openmp_bit_nogpu GPU=NONE LIBPOPCNT=1 CPU_TILE=64 BITVECTOR_TILE=2048 BUFFER_SIZE=256 OUTER_ROW_NUM=4 OUTER_COL_NUM=2 OUTER_VEC_BLK=2
EXECUTING: numactl --interleave=all /home/chrisarg/software-dev/Bit/scripts/../build/openmp_bit_nogpu 262144 1024 1024 20
COMPILING: make -C /home/chrisarg/software-dev/Bit/scripts/.. -f Makefile -B build/openmp_bit_nogpu GPU=NONE LIBPOPCNT=0 CPU_TILE=16 BITVECTOR_TILE=1024 BUFFER_SIZE=1024 OUTER_ROW_NUM=4 OUTER_COL_NUM=3 OUTER_VEC_BLK=4
EXECUTING: numactl --interleave=all /home/chrisarg/software-dev/Bit/scripts/../build/openmp_bit_nogpu 262144 1024 1024 20
COMPILING: make -C /home/chrisarg/software-dev/Bit/scripts/.. -f Makefile -B build/openmp_bit_nogpu GPU=NONE LIBPOPCNT=1 CPU_TILE=16 BITVECTOR_TILE=2048 BUFFER_SIZE=4096 OUTER_ROW_NUM=4 OUTER_COL_NUM=3 OUTER_VEC_BLK=1
EXECUTING: numactl --interleave=all /home/chrisarg/software-dev/Bit/scripts/../build/openmp_bit_nogpu 65536 1024 1024 20
COMPILING: make -C /home/chrisarg/software-dev/Bit/scripts/.. -f Makefile -B build/openmp_bit_nogpu GPU=NONE LIBPOPCNT=1 CPU_TILE=16 BITVECTOR_TILE=2048 BUFFER_SIZE=256 OUTER_ROW_NUM=4 OUTER_COL_NUM=4 OUTER_VEC_BLK=1
EXECUTING: numactl --interleave=all /home/chrisarg/software-dev/Bit/scripts/../build/openmp_bit_nogpu 65536 1024 1024 20
COMPILING: make -C /home/chrisarg/software-dev/Bit/scripts/.. -f Makefile -B build/openmp_bit_nogpu GPU=NONE LIBPOPCNT=0 CPU_TILE=16 BITVECTOR_TILE=2048 BUFFER_SIZE=4096 OUTER_ROW_NUM=4 OUTER_COL_NUM=5 OUTER_VEC_BLK=8
EXECUTING: numactl --interleave=all /home/chrisarg/software-dev/Bit/scripts/../build/openmp_bit_nogpu 262144 1024 1024 20
COMPILING: make -C /home/chrisarg/software-dev/Bit/scripts/.. -f Makefile -B build/openmp_bit_nogpu GPU=NONE LIBPOPCNT=0 CPU_TILE=16 BITVECTOR_TILE=1024 BUFFER_SIZE=4096 OUTER_ROW_NUM=2 OUTER_COL_NUM=5 OUTER_VEC_BLK=2
EXECUTING: numactl --interleave=all /home/chrisarg/software-dev/Bit/scripts/../build/openmp_bit_nogpu 262144 1024 1024 20
COMPILING: make -C /home/chrisarg/software-dev/Bit/scripts/.. -f Makefile -B build/openmp_bit_nogpu GPU=NONE LIBPOPCNT=1 CPU_TILE=64 BITVECTOR_TILE=2048 BUFFER_SIZE=1024 OUTER_ROW_NUM=4 OUTER_COL_NUM=2 OUTER_VEC_BLK=6
EXECUTING: numactl --interleave=all /home/chrisarg/software-dev/Bit/scripts/../build/openmp_bit_nogpu 262144 1024 1024 20
COMPILING: make -C /home/chrisarg/software-dev/Bit/scripts/.. -f Makefile -B build/openmp_bit_nogpu GPU=NONE LIBPOPCNT=1 CPU_TILE=64 BITVECTOR_TILE=2048 BUFFER_SIZE=4096 OUTER_ROW_NUM=2 OUTER_COL_NUM=3 OUTER_VEC_BLK=6
EXECUTING: numactl --interleave=all /home/chrisarg/software-dev/Bit/scripts/../build/openmp_bit_nogpu 262144 1024 1024 20
COMPILING: make -C /home/chrisarg/software-dev/Bit/scripts/.. -f Makefile -B build/openmp_bit_nogpu GPU=NONE LIBPOPCNT=1 CPU_TILE=64 BITVECTOR_TILE=1024 BUFFER_SIZE=256 OUTER_ROW_NUM=4 OUTER_COL_NUM=3 OUTER_VEC_BLK=2
EXECUTING: numactl --interleave=all /home/chrisarg/software-dev/Bit/scripts/../build/openmp_bit_nogpu 262144 1024 1024 20
COMPILING: make -C /home/chrisarg/software-dev/Bit/scripts/.. -f Makefile -B build/openmp_bit_nogpu GPU=NONE LIBPOPCNT=0 CPU_TILE=64 BITVECTOR_TILE=1024 BUFFER_SIZE=256 OUTER_ROW_NUM=6 OUTER_COL_NUM=2 OUTER_VEC_BLK=2
EXECUTING: numactl --interleave=all /home/chrisarg/software-dev/Bit/scripts/../build/openmp_bit_nogpu 262144 1024 1024 20
COMPILING: make -C /home/chrisarg/software-dev/Bit/scripts/.. -f Makefile -B build/openmp_bit_nogpu GPU=NONE LIBPOPCNT=1 CPU_TILE=16 BITVECTOR_TILE=1024 BUFFER_SIZE=1024 OUTER_ROW_NUM=4 OUTER_COL_NUM=6 OUTER_VEC_BLK=6
EXECUTING: numactl --interleave=all /home/chrisarg/software-dev/Bit/scripts/../build/openmp_bit_nogpu 65536 1024 1024 20
COMPILING: make -C /home/chrisarg/software-dev/Bit/scripts/.. -f Makefile -B build/openmp_bit_nogpu GPU=NONE LIBPOPCNT=1 CPU_TILE=32 BITVECTOR_TILE=512 BUFFER_SIZE=256 OUTER_ROW_NUM=4 OUTER_COL_NUM=2 OUTER_VEC_BLK=6
EXECUTING: numactl --interleave=all /home/chrisarg/software-dev/Bit/scripts/../build/openmp_bit_nogpu 262144 1024 1024 20
COMPILING: make -C /home/chrisarg/software-dev/Bit/scripts/.. -f Makefile -B build/openmp_bit_nogpu GPU=NONE LIBPOPCNT=0 CPU_TILE=32 BITVECTOR_TILE=1024 BUFFER_SIZE=512 OUTER_ROW_NUM=1 OUTER_COL_NUM=1 OUTER_VEC_BLK=2
EXECUTING: numactl --interleave=all /home/chrisarg/software-dev/Bit/scripts/../build/openmp_bit_nogpu 65536 1024 1024 20
COMPILING: make -C /home/chrisarg/software-dev/Bit/scripts/.. -f Makefile -B build/openmp_bit_nogpu GPU=NONE LIBPOPCNT=1 CPU_TILE=16 BITVECTOR_TILE=512 BUFFER_SIZE=1024 OUTER_ROW_NUM=4 OUTER_COL_NUM=1 OUTER_VEC_BLK=8
EXECUTING: numactl --interleave=all /home/chrisarg/software-dev/Bit/scripts/../build/openmp_bit_nogpu 65536 1024 1024 20
COMPILING: make -C /home/chrisarg/software-dev/Bit/scripts/.. -f Makefile -B build/openmp_bit_nogpu GPU=NONE LIBPOPCNT=1 CPU_TILE=32 BITVECTOR_TILE=512 BUFFER_SIZE=1024 OUTER_ROW_NUM=2 OUTER_COL_NUM=1 OUTER_VEC_BLK=8
EXECUTING: numactl --interleave=all /home/chrisarg/software-dev/Bit/scripts/../build/openmp_bit_nogpu 65536 1024 1024 20
COMPILING: make -C /home/chrisarg/software-dev/Bit/scripts/.. -f Makefile -B build/openmp_bit_nogpu GPU=NONE LIBPOPCNT=1 CPU_TILE=64 BITVECTOR_TILE=512 BUFFER_SIZE=128 OUTER_ROW_NUM=1 OUTER_COL_NUM=6 OUTER_VEC_BLK=1
EXECUTING: numactl --interleave=all /home/chrisarg/software-dev/Bit/scripts/../build/openmp_bit_nogpu 262144 1024 1024 20
COMPILING: make -C /home/chrisarg/software-dev/Bit/scripts/.. -f Makefile -B build/openmp_bit_nogpu GPU=NONE LIBPOPCNT=1 CPU_TILE=64 BITVECTOR_TILE=2048 BUFFER_SIZE=1024 OUTER_ROW_NUM=2 OUTER_COL_NUM=1 OUTER_VEC_BLK=1
EXECUTING: numactl --interleave=all /home/chrisarg/software-dev/Bit/scripts/../build/openmp_bit_nogpu 262144 1024 1024 20
COMPILING: make -C /home/chrisarg/software-dev/Bit/scripts/.. -f Makefile -B build/openmp_bit_nogpu GPU=NONE LIBPOPCNT=1 CPU_TILE=64 BITVECTOR_TILE=2048 BUFFER_SIZE=128 OUTER_ROW_NUM=4 OUTER_COL_NUM=3 OUTER_VEC_BLK=3
EXECUTING: numactl --interleave=all /home/chrisarg/software-dev/Bit/scripts/../build/openmp_bit_nogpu 262144 1024 1024 20
COMPILING: make -C /home/chrisarg/software-dev/Bit/scripts/.. -f Makefile -B build/openmp_bit_nogpu GPU=NONE LIBPOPCNT=1 CPU_TILE=16 BITVECTOR_TILE=1024 BUFFER_SIZE=128 OUTER_ROW_NUM=4 OUTER_COL_NUM=3 OUTER_VEC_BLK=2
EXECUTING: numactl --interleave=all /home/chrisarg/software-dev/Bit/scripts/../build/openmp_bit_nogpu 262144 1024 1024 20
COMPILING: make -C /home/chrisarg/software-dev/Bit/scripts/.. -f Makefile -B build/openmp_bit_nogpu GPU=NONE LIBPOPCNT=1 CPU_TILE=32 BITVECTOR_TILE=512 BUFFER_SIZE=4096 OUTER_ROW_NUM=4 OUTER_COL_NUM=5 OUTER_VEC_BLK=2
EXECUTING: numactl --interleave=all /home/chrisarg/software-dev/Bit/scripts/../build/openmp_bit_nogpu 65536 1024 1024 20
COMPILING: make -C /home/chrisarg/software-dev/Bit/scripts/.. -f Makefile -B build/openmp_bit_nogpu GPU=NONE LIBPOPCNT=1 CPU_TILE=64 BITVECTOR_TILE=2048 BUFFER_SIZE=128 OUTER_ROW_NUM=2 OUTER_COL_NUM=6 OUTER_VEC_BLK=4
EXECUTING: numactl --interleave=all /home/chrisarg/software-dev/Bit/scripts/../build/openmp_bit_nogpu 262144 1024 1024 20
COMPILING: make -C /home/chrisarg/software-dev/Bit/scripts/.. -f Makefile -B build/openmp_bit_nogpu GPU=NONE LIBPOPCNT=0 CPU_TILE=64 BITVECTOR_TILE=2048 BUFFER_SIZE=1024 OUTER_ROW_NUM=1 OUTER_COL_NUM=4 OUTER_VEC_BLK=2
EXECUTING: numactl --interleave=all /home/chrisarg/software-dev/Bit/scripts/../build/openmp_bit_nogpu 262144 1024 1024 20
COMPILING: make -C /home/chrisarg/software-dev/Bit/scripts/.. -f Makefile -B build/openmp_bit_nogpu GPU=NONE LIBPOPCNT=0 CPU_TILE=16 BITVECTOR_TILE=1024 BUFFER_SIZE=512 OUTER_ROW_NUM=1 OUTER_COL_NUM=6 OUTER_VEC_BLK=4
EXECUTING: numactl --interleave=all /home/chrisarg/software-dev/Bit/scripts/../build/openmp_bit_nogpu 65536 1024 1024 20
COMPILING: make -C /home/chrisarg/software-dev/Bit/scripts/.. -f Makefile -B build/openmp_bit_nogpu GPU=NONE LIBPOPCNT=0 CPU_TILE=16 BITVECTOR_TILE=512 BUFFER_SIZE=128 OUTER_ROW_NUM=4 OUTER_COL_NUM=2 OUTER_VEC_BLK=1
EXECUTING: numactl --interleave=all /home/chrisarg/software-dev/Bit/scripts/../build/openmp_bit_nogpu 262144 1024 1024 20
COMPILING: make -C /home/chrisarg/software-dev/Bit/scripts/.. -f Makefile -B build/openmp_bit_nogpu GPU=NONE LIBPOPCNT=1 CPU_TILE=64 BITVECTOR_TILE=512 BUFFER_SIZE=256 OUTER_ROW_NUM=4 OUTER_COL_NUM=1 OUTER_VEC_BLK=4
EXECUTING: numactl --interleave=all /home/chrisarg/software-dev/Bit/scripts/../build/openmp_bit_nogpu 262144 1024 1024 20
COMPILING: make -C /home/chrisarg/software-dev/Bit/scripts/.. -f Makefile -B build/openmp_bit_nogpu GPU=NONE LIBPOPCNT=0 CPU_TILE=16 BITVECTOR_TILE=512 BUFFER_SIZE=256 OUTER_ROW_NUM=2 OUTER_COL_NUM=2 OUTER_VEC_BLK=1
EXECUTING: numactl --interleave=all /home/chrisarg/software-dev/Bit/scripts/../build/openmp_bit_nogpu 65536 1024 1024 20
COMPILING: make -C /home/chrisarg/software-dev/Bit/scripts/.. -f Makefile -B build/openmp_bit_nogpu GPU=NONE LIBPOPCNT=0 CPU_TILE=32 BITVECTOR_TILE=512 BUFFER_SIZE=256 OUTER_ROW_NUM=4 OUTER_COL_NUM=3 OUTER_VEC_BLK=1
EXECUTING: numactl --interleave=all /home/chrisarg/software-dev/Bit/scripts/../build/openmp_bit_nogpu 262144 1024 1024 20
COMPILING: make -C /home/chrisarg/software-dev/Bit/scripts/.. -f Makefile -B build/openmp_bit_nogpu GPU=NONE LIBPOPCNT=1 CPU_TILE=16 BITVECTOR_TILE=2048 BUFFER_SIZE=128 OUTER_ROW_NUM=1 OUTER_COL_NUM=3 OUTER_VEC_BLK=6
EXECUTING: numactl --interleave=all /home/chrisarg/software-dev/Bit/scripts/../build/openmp_bit_nogpu 262144 1024 1024 20
COMPILING: make -C /home/chrisarg/software-dev/Bit/scripts/.. -f Makefile -B build/openmp_bit_nogpu GPU=NONE LIBPOPCNT=0 CPU_TILE=32 BITVECTOR_TILE=2048 BUFFER_SIZE=512 OUTER_ROW_NUM=6 OUTER_COL_NUM=6 OUTER_VEC_BLK=8
EXECUTING: numactl --interleave=all /home/chrisarg/software-dev/Bit/scripts/../build/openmp_bit_nogpu 65536 1024 1024 20
COMPILING: make -C /home/chrisarg/software-dev/Bit/scripts/.. -f Makefile -B build/openmp_bit_nogpu GPU=NONE LIBPOPCNT=0 CPU_TILE=32 BITVECTOR_TILE=512 BUFFER_SIZE=512 OUTER_ROW_NUM=3 OUTER_COL_NUM=1 OUTER_VEC_BLK=6
EXECUTING: numactl --interleave=all /home/chrisarg/software-dev/Bit/scripts/../build/openmp_bit_nogpu 65536 1024 1024 20
COMPILING: make -C /home/chrisarg/software-dev/Bit/scripts/.. -f Makefile -B build/openmp_bit_nogpu GPU=NONE LIBPOPCNT=1 CPU_TILE=32 BITVECTOR_TILE=512 BUFFER_SIZE=512 OUTER_ROW_NUM=4 OUTER_COL_NUM=6 OUTER_VEC_BLK=8
EXECUTING: numactl --interleave=all /home/chrisarg/software-dev/Bit/scripts/../build/openmp_bit_nogpu 65536 1024 1024 20
COMPILING: make -C /home/chrisarg/software-dev/Bit/scripts/.. -f Makefile -B build/openmp_bit_nogpu GPU=NONE LIBPOPCNT=0 CPU_TILE=16 BITVECTOR_TILE=1024 BUFFER_SIZE=4096 OUTER_ROW_NUM=2 OUTER_COL_NUM=2 OUTER_VEC_BLK=3
EXECUTING: numactl --interleave=all /home/chrisarg/software-dev/Bit/scripts/../build/openmp_bit_nogpu 65536 1024 1024 20
COMPILING: make -C /home/chrisarg/software-dev/Bit/scripts/.. -f Makefile -B build/openmp_bit_nogpu GPU=NONE LIBPOPCNT=0 CPU_TILE=32 BITVECTOR_TILE=1024 BUFFER_SIZE=4096 OUTER_ROW_NUM=2 OUTER_COL_NUM=3 OUTER_VEC_BLK=3
EXECUTING: numactl --interleave=all /home/chrisarg/software-dev/Bit/scripts/../build/openmp_bit_nogpu 65536 1024 1024 20
COMPILING: make -C /home/chrisarg/software-dev/Bit/scripts/.. -f Makefile -B build/openmp_bit_nogpu GPU=NONE LIBPOPCNT=0 CPU_TILE=32 BITVECTOR_TILE=512 BUFFER_SIZE=4096 OUTER_ROW_NUM=5 OUTER_COL_NUM=2 OUTER_VEC_BLK=4
EXECUTING: numactl --interleave=all /home/chrisarg/software-dev/Bit/scripts/../build/openmp_bit_nogpu 262144 1024 1024 20
COMPILING: make -C /home/chrisarg/software-dev/Bit/scripts/.. -f Makefile -B build/openmp_bit_nogpu GPU=NONE LIBPOPCNT=1 CPU_TILE=32 BITVECTOR_TILE=512 BUFFER_SIZE=256 OUTER_ROW_NUM=4 OUTER_COL_NUM=5 OUTER_VEC_BLK=3
EXECUTING: numactl --interleave=all /home/chrisarg/software-dev/Bit/scripts/../build/openmp_bit_nogpu 65536 1024 1024 20
COMPILING: make -C /home/chrisarg/software-dev/Bit/scripts/.. -f Makefile -B build/openmp_bit_nogpu GPU=NONE LIBPOPCNT=0 CPU_TILE=16 BITVECTOR_TILE=512 BUFFER_SIZE=512 OUTER_ROW_NUM=6 OUTER_COL_NUM=4 OUTER_VEC_BLK=8
EXECUTING: numactl --interleave=all /home/chrisarg/software-dev/Bit/scripts/../build/openmp_bit_nogpu 262144 1024 1024 20
COMPILING: make -C /home/chrisarg/software-dev/Bit/scripts/.. -f Makefile -B build/openmp_bit_nogpu GPU=NONE LIBPOPCNT=1 CPU_TILE=64 BITVECTOR_TILE=1024 BUFFER_SIZE=512 OUTER_ROW_NUM=6 OUTER_COL_NUM=1 OUTER_VEC_BLK=1
EXECUTING: numactl --interleave=all /home/chrisarg/software-dev/Bit/scripts/../build/openmp_bit_nogpu 262144 1024 1024 20
COMPILING: make -C /home/chrisarg/software-dev/Bit/scripts/.. -f Makefile -B build/openmp_bit_nogpu GPU=NONE LIBPOPCNT=0 CPU_TILE=16 BITVECTOR_TILE=2048 BUFFER_SIZE=4096 OUTER_ROW_NUM=6 OUTER_COL_NUM=3 OUTER_VEC_BLK=6
EXECUTING: numactl --interleave=all /home/chrisarg/software-dev/Bit/scripts/../build/openmp_bit_nogpu 262144 1024 1024 20
COMPILING: make -C /home/chrisarg/software-dev/Bit/scripts/.. -f Makefile -B build/openmp_bit_nogpu GPU=NONE LIBPOPCNT=1 CPU_TILE=32 BITVECTOR_TILE=2048 BUFFER_SIZE=512 OUTER_ROW_NUM=3 OUTER_COL_NUM=6 OUTER_VEC_BLK=2
EXECUTING: numactl --interleave=all /home/chrisarg/software-dev/Bit/scripts/../build/openmp_bit_nogpu 262144 1024 1024 20
COMPILING: make -C /home/chrisarg/software-dev/Bit/scripts/.. -f Makefile -B build/openmp_bit_nogpu GPU=NONE LIBPOPCNT=0 CPU_TILE=16 BITVECTOR_TILE=2048 BUFFER_SIZE=128 OUTER_ROW_NUM=1 OUTER_COL_NUM=1 OUTER_VEC_BLK=6
EXECUTING: numactl --interleave=all /home/chrisarg/software-dev/Bit/scripts/../build/openmp_bit_nogpu 262144 1024 1024 20
COMPILING: make -C /home/chrisarg/software-dev/Bit/scripts/.. -f Makefile -B build/openmp_bit_nogpu GPU=NONE LIBPOPCNT=0 CPU_TILE=32 BITVECTOR_TILE=1024 BUFFER_SIZE=256 OUTER_ROW_NUM=3 OUTER_COL_NUM=5 OUTER_VEC_BLK=4
EXECUTING: numactl --interleave=all /home/chrisarg/software-dev/Bit/scripts/../build/openmp_bit_nogpu 65536 1024 1024 20
COMPILING: make -C /home/chrisarg/software-dev/Bit/scripts/.. -f Makefile -B build/openmp_bit_nogpu GPU=NONE LIBPOPCNT=1 CPU_TILE=64 BITVECTOR_TILE=512 BUFFER_SIZE=256 OUTER_ROW_NUM=3 OUTER_COL_NUM=5 OUTER_VEC_BLK=4
EXECUTING: numactl --interleave=all /home/chrisarg/software-dev/Bit/scripts/../build/openmp_bit_nogpu 262144 1024 1024 20
COMPILING: make -C /home/chrisarg/software-dev/Bit/scripts/.. -f Makefile -B build/openmp_bit_nogpu GPU=NONE LIBPOPCNT=0 CPU_TILE=32 BITVECTOR_TILE=512 BUFFER_SIZE=4096 OUTER_ROW_NUM=4 OUTER_COL_NUM=5 OUTER_VEC_BLK=4
EXECUTING: numactl --interleave=all /home/chrisarg/software-dev/Bit/scripts/../build/openmp_bit_nogpu 65536 1024 1024 20
COMPILING: make -C /home/chrisarg/software-dev/Bit/scripts/.. -f Makefile -B build/openmp_bit_nogpu GPU=NONE LIBPOPCNT=1 CPU_TILE=32 BITVECTOR_TILE=2048 BUFFER_SIZE=1024 OUTER_ROW_NUM=2 OUTER_COL_NUM=1 OUTER_VEC_BLK=4
EXECUTING: numactl --interleave=all /home/chrisarg/software-dev/Bit/scripts/../build/openmp_bit_nogpu 65536 1024 1024 20
COMPILING: make -C /home/chrisarg/software-dev/Bit/scripts/.. -f Makefile -B build/openmp_bit_nogpu GPU=NONE LIBPOPCNT=0 CPU_TILE=32 BITVECTOR_TILE=512 BUFFER_SIZE=1024 OUTER_ROW_NUM=3 OUTER_COL_NUM=4 OUTER_VEC_BLK=1
EXECUTING: numactl --interleave=all /home/chrisarg/software-dev/Bit/scripts/../build/openmp_bit_nogpu 262144 1024 1024 20
COMPILING: make -C /home/chrisarg/software-dev/Bit/scripts/.. -f Makefile -B build/openmp_bit_nogpu GPU=NONE LIBPOPCNT=0 CPU_TILE=32 BITVECTOR_TILE=1024 BUFFER_SIZE=1024 OUTER_ROW_NUM=5 OUTER_COL_NUM=1 OUTER_VEC_BLK=4
EXECUTING: numactl --interleave=all /home/chrisarg/software-dev/Bit/scripts/../build/openmp_bit_nogpu 65536 1024 1024 20
COMPILING: make -C /home/chrisarg/software-dev/Bit/scripts/.. -f Makefile -B build/openmp_bit_nogpu GPU=NONE LIBPOPCNT=0 CPU_TILE=32 BITVECTOR_TILE=1024 BUFFER_SIZE=4096 OUTER_ROW_NUM=4 OUTER_COL_NUM=1 OUTER_VEC_BLK=3
EXECUTING: numactl --interleave=all /home/chrisarg/software-dev/Bit/scripts/../build/openmp_bit_nogpu 65536 1024 1024 20
COMPILING: make -C /home/chrisarg/software-dev/Bit/scripts/.. -f Makefile -B build/openmp_bit_nogpu GPU=NONE LIBPOPCNT=1 CPU_TILE=64 BITVECTOR_TILE=2048 BUFFER_SIZE=256 OUTER_ROW_NUM=4 OUTER_COL_NUM=2 OUTER_VEC_BLK=3
EXECUTING: numactl --interleave=all /home/chrisarg/software-dev/Bit/scripts/../build/openmp_bit_nogpu 262144 1024 1024 20
COMPILING: make -C /home/chrisarg/software-dev/Bit/scripts/.. -f Makefile -B build/openmp_bit_nogpu GPU=NONE LIBPOPCNT=0 CPU_TILE=32 BITVECTOR_TILE=1024 BUFFER_SIZE=1024 OUTER_ROW_NUM=4 OUTER_COL_NUM=4 OUTER_VEC_BLK=1
EXECUTING: numactl --interleave=all /home/chrisarg/software-dev/Bit/scripts/../build/openmp_bit_nogpu 65536 1024 1024 20
COMPILING: make -C /home/chrisarg/software-dev/Bit/scripts/.. -f Makefile -B build/openmp_bit_nogpu GPU=NONE LIBPOPCNT=0 CPU_TILE=64 BITVECTOR_TILE=2048 BUFFER_SIZE=4096 OUTER_ROW_NUM=3 OUTER_COL_NUM=3 OUTER_VEC_BLK=4
EXECUTING: numactl --interleave=all /home/chrisarg/software-dev/Bit/scripts/../build/openmp_bit_nogpu 262144 1024 1024 20
COMPILING: make -C /home/chrisarg/software-dev/Bit/scripts/.. -f Makefile -B build/openmp_bit_nogpu GPU=NONE LIBPOPCNT=0 CPU_TILE=32 BITVECTOR_TILE=1024 BUFFER_SIZE=4096 OUTER_ROW_NUM=2 OUTER_COL_NUM=1 OUTER_VEC_BLK=6
EXECUTING: numactl --interleave=all /home/chrisarg/software-dev/Bit/scripts/../build/openmp_bit_nogpu 65536 1024 1024 20
COMPILING: make -C /home/chrisarg/software-dev/Bit/scripts/.. -f Makefile -B build/openmp_bit_nogpu GPU=NONE LIBPOPCNT=1 CPU_TILE=64 BITVECTOR_TILE=1024 BUFFER_SIZE=128 OUTER_ROW_NUM=6 OUTER_COL_NUM=2 OUTER_VEC_BLK=1
EXECUTING: numactl --interleave=all /home/chrisarg/software-dev/Bit/scripts/../build/openmp_bit_nogpu 262144 1024 1024 20
COMPILING: make -C /home/chrisarg/software-dev/Bit/scripts/.. -f Makefile -B build/openmp_bit_nogpu GPU=NONE LIBPOPCNT=0 CPU_TILE=64 BITVECTOR_TILE=1024 BUFFER_SIZE=4096 OUTER_ROW_NUM=2 OUTER_COL_NUM=4 OUTER_VEC_BLK=6
EXECUTING: numactl --interleave=all /home/chrisarg/software-dev/Bit/scripts/../build/openmp_bit_nogpu 262144 1024 1024 20
COMPILING: make -C /home/chrisarg/software-dev/Bit/scripts/.. -f Makefile -B build/openmp_bit_nogpu GPU=NONE LIBPOPCNT=1 CPU_TILE=32 BITVECTOR_TILE=1024 BUFFER_SIZE=4096 OUTER_ROW_NUM=3 OUTER_COL_NUM=6 OUTER_VEC_BLK=6
EXECUTING: numactl --interleave=all /home/chrisarg/software-dev/Bit/scripts/../build/openmp_bit_nogpu 65536 1024 1024 20
COMPILING: make -C /home/chrisarg/software-dev/Bit/scripts/.. -f Makefile -B build/openmp_bit_nogpu GPU=NONE LIBPOPCNT=1 CPU_TILE=16 BITVECTOR_TILE=512 BUFFER_SIZE=4096 OUTER_ROW_NUM=2 OUTER_COL_NUM=6 OUTER_VEC_BLK=8
EXECUTING: numactl --interleave=all /home/chrisarg/software-dev/Bit/scripts/../build/openmp_bit_nogpu 65536 1024 1024 20
COMPILING: make -C /home/chrisarg/software-dev/Bit/scripts/.. -f Makefile -B build/openmp_bit_nogpu GPU=NONE LIBPOPCNT=1 CPU_TILE=16 BITVECTOR_TILE=1024 BUFFER_SIZE=512 OUTER_ROW_NUM=2 OUTER_COL_NUM=3 OUTER_VEC_BLK=3
EXECUTING: numactl --interleave=all /home/chrisarg/software-dev/Bit/scripts/../build/openmp_bit_nogpu 262144 1024 1024 20
COMPILING: make -C /home/chrisarg/software-dev/Bit/scripts/.. -f Makefile -B build/openmp_bit_nogpu GPU=NONE LIBPOPCNT=1 CPU_TILE=64 BITVECTOR_TILE=2048 BUFFER_SIZE=1024 OUTER_ROW_NUM=3 OUTER_COL_NUM=5 OUTER_VEC_BLK=6
EXECUTING: numactl --interleave=all /home/chrisarg/software-dev/Bit/scripts/../build/openmp_bit_nogpu 262144 1024 1024 20
COMPILING: make -C /home/chrisarg/software-dev/Bit/scripts/.. -f Makefile -B build/openmp_bit_nogpu GPU=NONE LIBPOPCNT=1 CPU_TILE=32 BITVECTOR_TILE=512 BUFFER_SIZE=256 OUTER_ROW_NUM=4 OUTER_COL_NUM=5 OUTER_VEC_BLK=8
EXECUTING: numactl --interleave=all /home/chrisarg/software-dev/Bit/scripts/../build/openmp_bit_nogpu 262144 1024 1024 20
COMPILING: make -C /home/chrisarg/software-dev/Bit/scripts/.. -f Makefile -B build/openmp_bit_nogpu GPU=NONE LIBPOPCNT=0 CPU_TILE=16 BITVECTOR_TILE=2048 BUFFER_SIZE=256 OUTER_ROW_NUM=2 OUTER_COL_NUM=2 OUTER_VEC_BLK=3
EXECUTING: numactl --interleave=all /home/chrisarg/software-dev/Bit/scripts/../build/openmp_bit_nogpu 262144 1024 1024 20
COMPILING: make -C /home/chrisarg/software-dev/Bit/scripts/.. -f Makefile -B build/openmp_bit_nogpu GPU=NONE LIBPOPCNT=0 CPU_TILE=16 BITVECTOR_TILE=2048 BUFFER_SIZE=1024 OUTER_ROW_NUM=2 OUTER_COL_NUM=1 OUTER_VEC_BLK=6
EXECUTING: numactl --interleave=all /home/chrisarg/software-dev/Bit/scripts/../build/openmp_bit_nogpu 262144 1024 1024 20
COMPILING: make -C /home/chrisarg/software-dev/Bit/scripts/.. -f Makefile -B build/openmp_bit_nogpu GPU=NONE LIBPOPCNT=1 CPU_TILE=32 BITVECTOR_TILE=1024 BUFFER_SIZE=512 OUTER_ROW_NUM=1 OUTER_COL_NUM=5 OUTER_VEC_BLK=8
EXECUTING: numactl --interleave=all /home/chrisarg/software-dev/Bit/scripts/../build/openmp_bit_nogpu 262144 1024 1024 20
COMPILING: make -C /home/chrisarg/software-dev/Bit/scripts/.. -f Makefile -B build/openmp_bit_nogpu GPU=NONE LIBPOPCNT=0 CPU_TILE=32 BITVECTOR_TILE=512 BUFFER_SIZE=512 OUTER_ROW_NUM=6 OUTER_COL_NUM=2 OUTER_VEC_BLK=1
EXECUTING: numactl --interleave=all /home/chrisarg/software-dev/Bit/scripts/../build/openmp_bit_nogpu 65536 1024 1024 20
COMPILING: make -C /home/chrisarg/software-dev/Bit/scripts/.. -f Makefile -B build/openmp_bit_nogpu GPU=NONE LIBPOPCNT=0 CPU_TILE=64 BITVECTOR_TILE=1024 BUFFER_SIZE=256 OUTER_ROW_NUM=6 OUTER_COL_NUM=4 OUTER_VEC_BLK=2
EXECUTING: numactl --interleave=all /home/chrisarg/software-dev/Bit/scripts/../build/openmp_bit_nogpu 262144 1024 1024 20
COMPILING: make -C /home/chrisarg/software-dev/Bit/scripts/.. -f Makefile -B build/openmp_bit_nogpu GPU=NONE LIBPOPCNT=1 CPU_TILE=64 BITVECTOR_TILE=512 BUFFER_SIZE=4096 OUTER_ROW_NUM=2 OUTER_COL_NUM=5 OUTER_VEC_BLK=3
EXECUTING: numactl --interleave=all /home/chrisarg/software-dev/Bit/scripts/../build/openmp_bit_nogpu 65536 1024 1024 20
COMPILING: make -C /home/chrisarg/software-dev/Bit/scripts/.. -f Makefile -B build/openmp_bit_nogpu GPU=NONE LIBPOPCNT=1 CPU_TILE=64 BITVECTOR_TILE=2048 BUFFER_SIZE=128 OUTER_ROW_NUM=6 OUTER_COL_NUM=3 OUTER_VEC_BLK=3
EXECUTING: numactl --interleave=all /home/chrisarg/software-dev/Bit/scripts/../build/openmp_bit_nogpu 262144 1024 1024 20
COMPILING: make -C /home/chrisarg/software-dev/Bit/scripts/.. -f Makefile -B build/openmp_bit_nogpu GPU=NONE LIBPOPCNT=1 CPU_TILE=32 BITVECTOR_TILE=1024 BUFFER_SIZE=128 OUTER_ROW_NUM=4 OUTER_COL_NUM=1 OUTER_VEC_BLK=1
EXECUTING: numactl --interleave=all /home/chrisarg/software-dev/Bit/scripts/../build/openmp_bit_nogpu 65536 1024 1024 20
COMPILING: make -C /home/chrisarg/software-dev/Bit/scripts/.. -f Makefile -B build/openmp_bit_nogpu GPU=NONE LIBPOPCNT=0 CPU_TILE=16 BITVECTOR_TILE=512 BUFFER_SIZE=128 OUTER_ROW_NUM=3 OUTER_COL_NUM=6 OUTER_VEC_BLK=2
EXECUTING: numactl --interleave=all /home/chrisarg/software-dev/Bit/scripts/../build/openmp_bit_nogpu 262144 1024 1024 20
COMPILING: make -C /home/chrisarg/software-dev/Bit/scripts/.. -f Makefile -B build/openmp_bit_nogpu GPU=NONE LIBPOPCNT=0 CPU_TILE=32 BITVECTOR_TILE=2048 BUFFER_SIZE=128 OUTER_ROW_NUM=6 OUTER_COL_NUM=6 OUTER_VEC_BLK=1
EXECUTING: numactl --interleave=all /home/chrisarg/software-dev/Bit/scripts/../build/openmp_bit_nogpu 262144 1024 1024 20
COMPILING: make -C /home/chrisarg/software-dev/Bit/scripts/.. -f Makefile -B build/openmp_bit_nogpu GPU=NONE LIBPOPCNT=1 CPU_TILE=32 BITVECTOR_TILE=512 BUFFER_SIZE=1024 OUTER_ROW_NUM=1 OUTER_COL_NUM=2 OUTER_VEC_BLK=1
EXECUTING: numactl --interleave=all /home/chrisarg/software-dev/Bit/scripts/../build/openmp_bit_nogpu 262144 1024 1024 20
COMPILING: make -C /home/chrisarg/software-dev/Bit/scripts/.. -f Makefile -B build/openmp_bit_nogpu GPU=NONE LIBPOPCNT=1 CPU_TILE=32 BITVECTOR_TILE=512 BUFFER_SIZE=512 OUTER_ROW_NUM=4 OUTER_COL_NUM=2 OUTER_VEC_BLK=8
EXECUTING: numactl --interleave=all /home/chrisarg/software-dev/Bit/scripts/../build/openmp_bit_nogpu 262144 1024 1024 20
COMPILING: make -C /home/chrisarg/software-dev/Bit/scripts/.. -f Makefile -B build/openmp_bit_nogpu GPU=NONE LIBPOPCNT=0 CPU_TILE=16 BITVECTOR_TILE=1024 BUFFER_SIZE=256 OUTER_ROW_NUM=1 OUTER_COL_NUM=2 OUTER_VEC_BLK=6
EXECUTING: numactl --interleave=all /home/chrisarg/software-dev/Bit/scripts/../build/openmp_bit_nogpu 65536 1024 1024 20
COMPILING: make -C /home/chrisarg/software-dev/Bit/scripts/.. -f Makefile -B build/openmp_bit_nogpu GPU=NONE LIBPOPCNT=0 CPU_TILE=64 BITVECTOR_TILE=2048 BUFFER_SIZE=1024 OUTER_ROW_NUM=6 OUTER_COL_NUM=4 OUTER_VEC_BLK=8
EXECUTING: numactl --interleave=all /home/chrisarg/software-dev/Bit/scripts/../build/openmp_bit_nogpu 65536 1024 1024 20
COMPILING: make -C /home/chrisarg/software-dev/Bit/scripts/.. -f Makefile -B build/openmp_bit_nogpu GPU=NONE LIBPOPCNT=0 CPU_TILE=16 BITVECTOR_TILE=512 BUFFER_SIZE=256 OUTER_ROW_NUM=2 OUTER_COL_NUM=1 OUTER_VEC_BLK=2
EXECUTING: numactl --interleave=all /home/chrisarg/software-dev/Bit/scripts/../build/openmp_bit_nogpu 262144 1024 1024 20
COMPILING: make -C /home/chrisarg/software-dev/Bit/scripts/.. -f Makefile -B build/openmp_bit_nogpu GPU=NONE LIBPOPCNT=1 CPU_TILE=16 BITVECTOR_TILE=2048 BUFFER_SIZE=128 OUTER_ROW_NUM=2 OUTER_COL_NUM=3 OUTER_VEC_BLK=6
EXECUTING: numactl --interleave=all /home/chrisarg/software-dev/Bit/scripts/../build/openmp_bit_nogpu 262144 1024 1024 20
COMPILING: make -C /home/chrisarg/software-dev/Bit/scripts/.. -f Makefile -B build/openmp_bit_nogpu GPU=NONE LIBPOPCNT=1 CPU_TILE=16 BITVECTOR_TILE=1024 BUFFER_SIZE=1024 OUTER_ROW_NUM=3 OUTER_COL_NUM=4 OUTER_VEC_BLK=3
EXECUTING: numactl --interleave=all /home/chrisarg/software-dev/Bit/scripts/../build/openmp_bit_nogpu 262144 1024 1024 20
COMPILING: make -C /home/chrisarg/software-dev/Bit/scripts/.. -f Makefile -B build/openmp_bit_nogpu GPU=NONE LIBPOPCNT=1 CPU_TILE=16 BITVECTOR_TILE=2048 BUFFER_SIZE=1024 OUTER_ROW_NUM=4 OUTER_COL_NUM=4 OUTER_VEC_BLK=8
EXECUTING: numactl --interleave=all /home/chrisarg/software-dev/Bit/scripts/../build/openmp_bit_nogpu 262144 1024 1024 20
COMPILING: make -C /home/chrisarg/software-dev/Bit/scripts/.. -f Makefile -B build/openmp_bit_nogpu GPU=NONE LIBPOPCNT=1 CPU_TILE=16 BITVECTOR_TILE=512 BUFFER_SIZE=4096 OUTER_ROW_NUM=2 OUTER_COL_NUM=5 OUTER_VEC_BLK=2
EXECUTING: numactl --interleave=all /home/chrisarg/software-dev/Bit/scripts/../build/openmp_bit_nogpu 65536 1024 1024 20
COMPILING: make -C /home/chrisarg/software-dev/Bit/scripts/.. -f Makefile -B build/openmp_bit_nogpu GPU=NONE LIBPOPCNT=1 CPU_TILE=64 BITVECTOR_TILE=1024 BUFFER_SIZE=128 OUTER_ROW_NUM=5 OUTER_COL_NUM=2 OUTER_VEC_BLK=4
EXECUTING: numactl --interleave=all /home/chrisarg/software-dev/Bit/scripts/../build/openmp_bit_nogpu 262144 1024 1024 20
COMPILING: make -C /home/chrisarg/software-dev/Bit/scripts/.. -f Makefile -B build/openmp_bit_nogpu GPU=NONE LIBPOPCNT=1 CPU_TILE=32 BITVECTOR_TILE=2048 BUFFER_SIZE=1024 OUTER_ROW_NUM=1 OUTER_COL_NUM=1 OUTER_VEC_BLK=4
EXECUTING: numactl --interleave=all /home/chrisarg/software-dev/Bit/scripts/../build/openmp_bit_nogpu 262144 1024 1024 20
COMPILING: make -C /home/chrisarg/software-dev/Bit/scripts/.. -f Makefile -B build/openmp_bit_nogpu GPU=NONE LIBPOPCNT=1 CPU_TILE=64 BITVECTOR_TILE=1024 BUFFER_SIZE=256 OUTER_ROW_NUM=1 OUTER_COL_NUM=6 OUTER_VEC_BLK=2
EXECUTING: numactl --interleave=all /home/chrisarg/software-dev/Bit/scripts/../build/openmp_bit_nogpu 262144 1024 1024 20
COMPILING: make -C /home/chrisarg/software-dev/Bit/scripts/.. -f Makefile -B build/openmp_bit_nogpu GPU=NONE LIBPOPCNT=1 CPU_TILE=64 BITVECTOR_TILE=1024 BUFFER_SIZE=256 OUTER_ROW_NUM=1 OUTER_COL_NUM=3 OUTER_VEC_BLK=2
EXECUTING: numactl --interleave=all /home/chrisarg/software-dev/Bit/scripts/../build/openmp_bit_nogpu 262144 1024 1024 20
COMPILING: make -C /home/chrisarg/software-dev/Bit/scripts/.. -f Makefile -B build/openmp_bit_nogpu GPU=NONE LIBPOPCNT=1 CPU_TILE=16 BITVECTOR_TILE=512 BUFFER_SIZE=256 OUTER_ROW_NUM=3 OUTER_COL_NUM=3 OUTER_VEC_BLK=6
EXECUTING: numactl --interleave=all /home/chrisarg/software-dev/Bit/scripts/../build/openmp_bit_nogpu 262144 1024 1024 20
COMPILING: make -C /home/chrisarg/software-dev/Bit/scripts/.. -f Makefile -B build/openmp_bit_nogpu GPU=NONE LIBPOPCNT=0 CPU_TILE=64 BITVECTOR_TILE=1024 BUFFER_SIZE=512 OUTER_ROW_NUM=3 OUTER_COL_NUM=2 OUTER_VEC_BLK=3
EXECUTING: numactl --interleave=all /home/chrisarg/software-dev/Bit/scripts/../build/openmp_bit_nogpu 262144 1024 1024 20
COMPILING: make -C /home/chrisarg/software-dev/Bit/scripts/.. -f Makefile -B build/openmp_bit_nogpu GPU=NONE LIBPOPCNT=0 CPU_TILE=64 BITVECTOR_TILE=512 BUFFER_SIZE=4096 OUTER_ROW_NUM=3 OUTER_COL_NUM=5 OUTER_VEC_BLK=1
EXECUTING: numactl --interleave=all /home/chrisarg/software-dev/Bit/scripts/../build/openmp_bit_nogpu 262144 1024 1024 20
COMPILING: make -C /home/chrisarg/software-dev/Bit/scripts/.. -f Makefile -B build/openmp_bit_nogpu GPU=NONE LIBPOPCNT=1 CPU_TILE=32 BITVECTOR_TILE=512 BUFFER_SIZE=256 OUTER_ROW_NUM=4 OUTER_COL_NUM=1 OUTER_VEC_BLK=6
EXECUTING: numactl --interleave=all /home/chrisarg/software-dev/Bit/scripts/../build/openmp_bit_nogpu 262144 1024 1024 20
COMPILING: make -C /home/chrisarg/software-dev/Bit/scripts/.. -f Makefile -B build/openmp_bit_nogpu GPU=NONE LIBPOPCNT=0 CPU_TILE=32 BITVECTOR_TILE=1024 BUFFER_SIZE=512 OUTER_ROW_NUM=6 OUTER_COL_NUM=1 OUTER_VEC_BLK=3
EXECUTING: numactl --interleave=all /home/chrisarg/software-dev/Bit/scripts/../build/openmp_bit_nogpu 65536 1024 1024 20
COMPILING: make -C /home/chrisarg/software-dev/Bit/scripts/.. -f Makefile -B build/openmp_bit_nogpu GPU=NONE LIBPOPCNT=0 CPU_TILE=32 BITVECTOR_TILE=512 BUFFER_SIZE=4096 OUTER_ROW_NUM=4 OUTER_COL_NUM=4 OUTER_VEC_BLK=4
EXECUTING: numactl --interleave=all /home/chrisarg/software-dev/Bit/scripts/../build/openmp_bit_nogpu 262144 1024 1024 20
COMPILING: make -C /home/chrisarg/software-dev/Bit/scripts/.. -f Makefile -B build/openmp_bit_nogpu GPU=NONE LIBPOPCNT=1 CPU_TILE=16 BITVECTOR_TILE=1024 BUFFER_SIZE=1024 OUTER_ROW_NUM=2 OUTER_COL_NUM=1 OUTER_VEC_BLK=1
EXECUTING: numactl --interleave=all /home/chrisarg/software-dev/Bit/scripts/../build/openmp_bit_nogpu 262144 1024 1024 20
COMPILING: make -C /home/chrisarg/software-dev/Bit/scripts/.. -f Makefile -B build/openmp_bit_nogpu GPU=NONE LIBPOPCNT=1 CPU_TILE=64 BITVECTOR_TILE=2048 BUFFER_SIZE=512 OUTER_ROW_NUM=3 OUTER_COL_NUM=2 OUTER_VEC_BLK=1
EXECUTING: numactl --interleave=all /home/chrisarg/software-dev/Bit/scripts/../build/openmp_bit_nogpu 65536 1024 1024 20
COMPILING: make -C /home/chrisarg/software-dev/Bit/scripts/.. -f Makefile -B build/openmp_bit_nogpu GPU=NONE LIBPOPCNT=1 CPU_TILE=32 BITVECTOR_TILE=512 BUFFER_SIZE=4096 OUTER_ROW_NUM=5 OUTER_COL_NUM=3 OUTER_VEC_BLK=6
EXECUTING: numactl --interleave=all /home/chrisarg/software-dev/Bit/scripts/../build/openmp_bit_nogpu 262144 1024 1024 20
COMPILING: make -C /home/chrisarg/software-dev/Bit/scripts/.. -f Makefile -B build/openmp_bit_nogpu GPU=NONE LIBPOPCNT=0 CPU_TILE=16 BITVECTOR_TILE=2048 BUFFER_SIZE=128 OUTER_ROW_NUM=2 OUTER_COL_NUM=1 OUTER_VEC_BLK=3
EXECUTING: numactl --interleave=all /home/chrisarg/software-dev/Bit/scripts/../build/openmp_bit_nogpu 262144 1024 1024 20
COMPILING: make -C /home/chrisarg/software-dev/Bit/scripts/.. -f Makefile -B build/openmp_bit_nogpu GPU=NONE LIBPOPCNT=0 CPU_TILE=32 BITVECTOR_TILE=512 BUFFER_SIZE=256 OUTER_ROW_NUM=4 OUTER_COL_NUM=6 OUTER_VEC_BLK=3
EXECUTING: numactl --interleave=all /home/chrisarg/software-dev/Bit/scripts/../build/openmp_bit_nogpu 65536 1024 1024 20
COMPILING: make -C /home/chrisarg/software-dev/Bit/scripts/.. -f Makefile -B build/openmp_bit_nogpu GPU=NONE LIBPOPCNT=0 CPU_TILE=16 BITVECTOR_TILE=512 BUFFER_SIZE=1024 OUTER_ROW_NUM=2 OUTER_COL_NUM=2 OUTER_VEC_BLK=2
EXECUTING: numactl --interleave=all /home/chrisarg/software-dev/Bit/scripts/../build/openmp_bit_nogpu 65536 1024 1024 20
COMPILING: make -C /home/chrisarg/software-dev/Bit/scripts/.. -f Makefile -B build/openmp_bit_nogpu GPU=NONE LIBPOPCNT=1 CPU_TILE=32 BITVECTOR_TILE=2048 BUFFER_SIZE=1024 OUTER_ROW_NUM=2 OUTER_COL_NUM=2 OUTER_VEC_BLK=2
EXECUTING: numactl --interleave=all /home/chrisarg/software-dev/Bit/scripts/../build/openmp_bit_nogpu 65536 1024 1024 20
COMPILING: make -C /home/chrisarg/software-dev/Bit/scripts/.. -f Makefile -B build/openmp_bit_nogpu GPU=NONE LIBPOPCNT=1 CPU_TILE=64 BITVECTOR_TILE=2048 BUFFER_SIZE=512 OUTER_ROW_NUM=2 OUTER_COL_NUM=2 OUTER_VEC_BLK=8
EXECUTING: numactl --interleave=all /home/chrisarg/software-dev/Bit/scripts/../build/openmp_bit_nogpu 65536 1024 1024 20
COMPILING: make -C /home/chrisarg/software-dev/Bit/scripts/.. -f Makefile -B build/openmp_bit_nogpu GPU=NONE LIBPOPCNT=1 CPU_TILE=16 BITVECTOR_TILE=1024 BUFFER_SIZE=512 OUTER_ROW_NUM=3 OUTER_COL_NUM=2 OUTER_VEC_BLK=1
EXECUTING: numactl --interleave=all /home/chrisarg/software-dev/Bit/scripts/../build/openmp_bit_nogpu 262144 1024 1024 20
COMPILING: make -C /home/chrisarg/software-dev/Bit/scripts/.. -f Makefile -B build/openmp_bit_nogpu GPU=NONE LIBPOPCNT=1 CPU_TILE=64 BITVECTOR_TILE=1024 BUFFER_SIZE=256 OUTER_ROW_NUM=2 OUTER_COL_NUM=3 OUTER_VEC_BLK=6
EXECUTING: numactl --interleave=all /home/chrisarg/software-dev/Bit/scripts/../build/openmp_bit_nogpu 65536 1024 1024 20
COMPILING: make -C /home/chrisarg/software-dev/Bit/scripts/.. -f Makefile -B build/openmp_bit_nogpu GPU=NONE LIBPOPCNT=1 CPU_TILE=32 BITVECTOR_TILE=512 BUFFER_SIZE=512 OUTER_ROW_NUM=3 OUTER_COL_NUM=6 OUTER_VEC_BLK=4
EXECUTING: numactl --interleave=all /home/chrisarg/software-dev/Bit/scripts/../build/openmp_bit_nogpu 262144 1024 1024 20
COMPILING: make -C /home/chrisarg/software-dev/Bit/scripts/.. -f Makefile -B build/openmp_bit_nogpu GPU=NONE LIBPOPCNT=1 CPU_TILE=32 BITVECTOR_TILE=1024 BUFFER_SIZE=1024 OUTER_ROW_NUM=3 OUTER_COL_NUM=3 OUTER_VEC_BLK=3
EXECUTING: numactl --interleave=all /home/chrisarg/software-dev/Bit/scripts/../build/openmp_bit_nogpu 65536 1024 1024 20
COMPILING: make -C /home/chrisarg/software-dev/Bit/scripts/.. -f Makefile -B build/openmp_bit_nogpu GPU=NONE LIBPOPCNT=1 CPU_TILE=64 BITVECTOR_TILE=2048 BUFFER_SIZE=128 OUTER_ROW_NUM=3 OUTER_COL_NUM=1 OUTER_VEC_BLK=2
EXECUTING: numactl --interleave=all /home/chrisarg/software-dev/Bit/scripts/../build/openmp_bit_nogpu 262144 1024 1024 20
COMPILING: make -C /home/chrisarg/software-dev/Bit/scripts/.. -f Makefile -B build/openmp_bit_nogpu GPU=NONE LIBPOPCNT=1 CPU_TILE=16 BITVECTOR_TILE=1024 BUFFER_SIZE=4096 OUTER_ROW_NUM=6 OUTER_COL_NUM=3 OUTER_VEC_BLK=8
EXECUTING: numactl --interleave=all /home/chrisarg/software-dev/Bit/scripts/../build/openmp_bit_nogpu 65536 1024 1024 20
COMPILING: make -C /home/chrisarg/software-dev/Bit/scripts/.. -f Makefile -B build/openmp_bit_nogpu GPU=NONE LIBPOPCNT=0 CPU_TILE=32 BITVECTOR_TILE=2048 BUFFER_SIZE=512 OUTER_ROW_NUM=1 OUTER_COL_NUM=3 OUTER_VEC_BLK=6
EXECUTING: numactl --interleave=all /home/chrisarg/software-dev/Bit/scripts/../build/openmp_bit_nogpu 262144 1024 1024 20
COMPILING: make -C /home/chrisarg/software-dev/Bit/scripts/.. -f Makefile -B build/openmp_bit_nogpu GPU=NONE LIBPOPCNT=0 CPU_TILE=64 BITVECTOR_TILE=2048 BUFFER_SIZE=1024 OUTER_ROW_NUM=6 OUTER_COL_NUM=4 OUTER_VEC_BLK=6
EXECUTING: numactl --interleave=all /home/chrisarg/software-dev/Bit/scripts/../build/openmp_bit_nogpu 262144 1024 1024 20
COMPILING: make -C /home/chrisarg/software-dev/Bit/scripts/.. -f Makefile -B build/openmp_bit_nogpu GPU=NONE LIBPOPCNT=1 CPU_TILE=64 BITVECTOR_TILE=512 BUFFER_SIZE=4096 OUTER_ROW_NUM=6 OUTER_COL_NUM=6 OUTER_VEC_BLK=2
EXECUTING: numactl --interleave=all /home/chrisarg/software-dev/Bit/scripts/../build/openmp_bit_nogpu 65536 1024 1024 20
COMPILING: make -C /home/chrisarg/software-dev/Bit/scripts/.. -f Makefile -B build/openmp_bit_nogpu GPU=NONE LIBPOPCNT=0 CPU_TILE=32 BITVECTOR_TILE=1024 BUFFER_SIZE=1024 OUTER_ROW_NUM=4 OUTER_COL_NUM=1 OUTER_VEC_BLK=8
EXECUTING: numactl --interleave=all /home/chrisarg/software-dev/Bit/scripts/../build/openmp_bit_nogpu 65536 1024 1024 20
COMPILING: make -C /home/chrisarg/software-dev/Bit/scripts/.. -f Makefile -B build/openmp_bit_nogpu GPU=NONE LIBPOPCNT=1 CPU_TILE=16 BITVECTOR_TILE=1024 BUFFER_SIZE=4096 OUTER_ROW_NUM=5 OUTER_COL_NUM=4 OUTER_VEC_BLK=6
EXECUTING: numactl --interleave=all /home/chrisarg/software-dev/Bit/scripts/../build/openmp_bit_nogpu 65536 1024 1024 20
COMPILING: make -C /home/chrisarg/software-dev/Bit/scripts/.. -f Makefile -B build/openmp_bit_nogpu GPU=NONE LIBPOPCNT=0 CPU_TILE=64 BITVECTOR_TILE=1024 BUFFER_SIZE=256 OUTER_ROW_NUM=2 OUTER_COL_NUM=4 OUTER_VEC_BLK=3
EXECUTING: numactl --interleave=all /home/chrisarg/software-dev/Bit/scripts/../build/openmp_bit_nogpu 262144 1024 1024 20
COMPILING: make -C /home/chrisarg/software-dev/Bit/scripts/.. -f Makefile -B build/openmp_bit_nogpu GPU=NONE LIBPOPCNT=1 CPU_TILE=32 BITVECTOR_TILE=512 BUFFER_SIZE=128 OUTER_ROW_NUM=4 OUTER_COL_NUM=1 OUTER_VEC_BLK=4
EXECUTING: numactl --interleave=all /home/chrisarg/software-dev/Bit/scripts/../build/openmp_bit_nogpu 262144 1024 1024 20
COMPILING: make -C /home/chrisarg/software-dev/Bit/scripts/.. -f Makefile -B build/openmp_bit_nogpu GPU=NONE LIBPOPCNT=0 CPU_TILE=32 BITVECTOR_TILE=2048 BUFFER_SIZE=128 OUTER_ROW_NUM=4 OUTER_COL_NUM=4 OUTER_VEC_BLK=3
EXECUTING: numactl --interleave=all /home/chrisarg/software-dev/Bit/scripts/../build/openmp_bit_nogpu 262144 1024 1024 20
COMPILING: make -C /home/chrisarg/software-dev/Bit/scripts/.. -f Makefile -B build/openmp_bit_nogpu GPU=NONE LIBPOPCNT=1 CPU_TILE=64 BITVECTOR_TILE=512 BUFFER_SIZE=256 OUTER_ROW_NUM=5 OUTER_COL_NUM=6 OUTER_VEC_BLK=3
EXECUTING: numactl --interleave=all /home/chrisarg/software-dev/Bit/scripts/../build/openmp_bit_nogpu 262144 1024 1024 20
COMPILING: make -C /home/chrisarg/software-dev/Bit/scripts/.. -f Makefile -B build/openmp_bit_nogpu GPU=NONE LIBPOPCNT=1 CPU_TILE=16 BITVECTOR_TILE=1024 BUFFER_SIZE=4096 OUTER_ROW_NUM=1 OUTER_COL_NUM=6 OUTER_VEC_BLK=2
EXECUTING: numactl --interleave=all /home/chrisarg/software-dev/Bit/scripts/../build/openmp_bit_nogpu 65536 1024 1024 20
COMPILING: make -C /home/chrisarg/software-dev/Bit/scripts/.. -f Makefile -B build/openmp_bit_nogpu GPU=NONE LIBPOPCNT=1 CPU_TILE=32 BITVECTOR_TILE=512 BUFFER_SIZE=512 OUTER_ROW_NUM=3 OUTER_COL_NUM=6 OUTER_VEC_BLK=3
EXECUTING: numactl --interleave=all /home/chrisarg/software-dev/Bit/scripts/../build/openmp_bit_nogpu 65536 1024 1024 20
COMPILING: make -C /home/chrisarg/software-dev/Bit/scripts/.. -f Makefile -B build/openmp_bit_nogpu GPU=NONE LIBPOPCNT=0 CPU_TILE=64 BITVECTOR_TILE=2048 BUFFER_SIZE=1024 OUTER_ROW_NUM=3 OUTER_COL_NUM=1 OUTER_VEC_BLK=3
EXECUTING: numactl --interleave=all /home/chrisarg/software-dev/Bit/scripts/../build/openmp_bit_nogpu 65536 1024 1024 20
COMPILING: make -C /home/chrisarg/software-dev/Bit/scripts/.. -f Makefile -B build/openmp_bit_nogpu GPU=NONE LIBPOPCNT=1 CPU_TILE=16 BITVECTOR_TILE=512 BUFFER_SIZE=4096 OUTER_ROW_NUM=2 OUTER_COL_NUM=1 OUTER_VEC_BLK=4
EXECUTING: numactl --interleave=all /home/chrisarg/software-dev/Bit/scripts/../build/openmp_bit_nogpu 262144 1024 1024 20
COMPILING: make -C /home/chrisarg/software-dev/Bit/scripts/.. -f Makefile -B build/openmp_bit_nogpu GPU=NONE LIBPOPCNT=1 CPU_TILE=32 BITVECTOR_TILE=2048 BUFFER_SIZE=256 OUTER_ROW_NUM=4 OUTER_COL_NUM=5 OUTER_VEC_BLK=2
EXECUTING: numactl --interleave=all /home/chrisarg/software-dev/Bit/scripts/../build/openmp_bit_nogpu 262144 1024 1024 20
COMPILING: make -C /home/chrisarg/software-dev/Bit/scripts/.. -f Makefile -B build/openmp_bit_nogpu GPU=NONE LIBPOPCNT=1 CPU_TILE=16 BITVECTOR_TILE=1024 BUFFER_SIZE=128 OUTER_ROW_NUM=3 OUTER_COL_NUM=6 OUTER_VEC_BLK=1
EXECUTING: numactl --interleave=all /home/chrisarg/software-dev/Bit/scripts/../build/openmp_bit_nogpu 262144 1024 1024 20
COMPILING: make -C /home/chrisarg/software-dev/Bit/scripts/.. -f Makefile -B build/openmp_bit_nogpu GPU=NONE LIBPOPCNT=0 CPU_TILE=64 BITVECTOR_TILE=512 BUFFER_SIZE=128 OUTER_ROW_NUM=1 OUTER_COL_NUM=1 OUTER_VEC_BLK=6
EXECUTING: numactl --interleave=all /home/chrisarg/software-dev/Bit/scripts/../build/openmp_bit_nogpu 262144 1024 1024 20
COMPILING: make -C /home/chrisarg/software-dev/Bit/scripts/.. -f Makefile -B build/openmp_bit_nogpu GPU=NONE LIBPOPCNT=1 CPU_TILE=32 BITVECTOR_TILE=512 BUFFER_SIZE=4096 OUTER_ROW_NUM=3 OUTER_COL_NUM=3 OUTER_VEC_BLK=4
EXECUTING: numactl --interleave=all /home/chrisarg/software-dev/Bit/scripts/../build/openmp_bit_nogpu 65536 1024 1024 20
COMPILING: make -C /home/chrisarg/software-dev/Bit/scripts/.. -f Makefile -B build/openmp_bit_nogpu GPU=NONE LIBPOPCNT=1 CPU_TILE=16 BITVECTOR_TILE=1024 BUFFER_SIZE=1024 OUTER_ROW_NUM=5 OUTER_COL_NUM=4 OUTER_VEC_BLK=1
EXECUTING: numactl --interleave=all /home/chrisarg/software-dev/Bit/scripts/../build/openmp_bit_nogpu 262144 1024 1024 20
COMPILING: make -C /home/chrisarg/software-dev/Bit/scripts/.. -f Makefile -B build/openmp_bit_nogpu GPU=NONE LIBPOPCNT=1 CPU_TILE=64 BITVECTOR_TILE=512 BUFFER_SIZE=128 OUTER_ROW_NUM=1 OUTER_COL_NUM=3 OUTER_VEC_BLK=8
EXECUTING: numactl --interleave=all /home/chrisarg/software-dev/Bit/scripts/../build/openmp_bit_nogpu 65536 1024 1024 20
COMPILING: make -C /home/chrisarg/software-dev/Bit/scripts/.. -f Makefile -B build/openmp_bit_nogpu GPU=NONE LIBPOPCNT=1 CPU_TILE=64 BITVECTOR_TILE=512 BUFFER_SIZE=256 OUTER_ROW_NUM=2 OUTER_COL_NUM=3 OUTER_VEC_BLK=2
EXECUTING: numactl --interleave=all /home/chrisarg/software-dev/Bit/scripts/../build/openmp_bit_nogpu 262144 1024 1024 20
COMPILING: make -C /home/chrisarg/software-dev/Bit/scripts/.. -f Makefile -B build/openmp_bit_nogpu GPU=NONE LIBPOPCNT=1 CPU_TILE=32 BITVECTOR_TILE=2048 BUFFER_SIZE=256 OUTER_ROW_NUM=1 OUTER_COL_NUM=5 OUTER_VEC_BLK=6
EXECUTING: numactl --interleave=all /home/chrisarg/software-dev/Bit/scripts/../build/openmp_bit_nogpu 65536 1024 1024 20
COMPILING: make -C /home/chrisarg/software-dev/Bit/scripts/.. -f Makefile -B build/openmp_bit_nogpu GPU=NONE LIBPOPCNT=0 CPU_TILE=32 BITVECTOR_TILE=2048 BUFFER_SIZE=512 OUTER_ROW_NUM=4 OUTER_COL_NUM=6 OUTER_VEC_BLK=1
EXECUTING: numactl --interleave=all /home/chrisarg/software-dev/Bit/scripts/../build/openmp_bit_nogpu 262144 1024 1024 20
COMPILING: make -C /home/chrisarg/software-dev/Bit/scripts/.. -f Makefile -B build/openmp_bit_nogpu GPU=NONE LIBPOPCNT=0 CPU_TILE=16 BITVECTOR_TILE=1024 BUFFER_SIZE=512 OUTER_ROW_NUM=4 OUTER_COL_NUM=6 OUTER_VEC_BLK=8
EXECUTING: numactl --interleave=all /home/chrisarg/software-dev/Bit/scripts/../build/openmp_bit_nogpu 65536 1024 1024 20
COMPILING: make -C /home/chrisarg/software-dev/Bit/scripts/.. -f Makefile -B build/openmp_bit_nogpu GPU=NONE LIBPOPCNT=1 CPU_TILE=16 BITVECTOR_TILE=2048 BUFFER_SIZE=512 OUTER_ROW_NUM=5 OUTER_COL_NUM=4 OUTER_VEC_BLK=2
EXECUTING: numactl --interleave=all /home/chrisarg/software-dev/Bit/scripts/../build/openmp_bit_nogpu 262144 1024 1024 20
COMPILING: make -C /home/chrisarg/software-dev/Bit/scripts/.. -f Makefile -B build/openmp_bit_nogpu GPU=NONE LIBPOPCNT=0 CPU_TILE=32 BITVECTOR_TILE=512 BUFFER_SIZE=128 OUTER_ROW_NUM=5 OUTER_COL_NUM=5 OUTER_VEC_BLK=4
EXECUTING: numactl --interleave=all /home/chrisarg/software-dev/Bit/scripts/../build/openmp_bit_nogpu 262144 1024 1024 20
COMPILING: make -C /home/chrisarg/software-dev/Bit/scripts/.. -f Makefile -B build/openmp_bit_nogpu GPU=NONE LIBPOPCNT=1 CPU_TILE=16 BITVECTOR_TILE=512 BUFFER_SIZE=128 OUTER_ROW_NUM=4 OUTER_COL_NUM=3 OUTER_VEC_BLK=4
EXECUTING: numactl --interleave=all /home/chrisarg/software-dev/Bit/scripts/../build/openmp_bit_nogpu 262144 1024 1024 20
COMPILING: make -C /home/chrisarg/software-dev/Bit/scripts/.. -f Makefile -B build/openmp_bit_nogpu GPU=NONE LIBPOPCNT=1 CPU_TILE=16 BITVECTOR_TILE=1024 BUFFER_SIZE=1024 OUTER_ROW_NUM=6 OUTER_COL_NUM=4 OUTER_VEC_BLK=4
EXECUTING: numactl --interleave=all /home/chrisarg/software-dev/Bit/scripts/../build/openmp_bit_nogpu 65536 1024 1024 20
COMPILING: make -C /home/chrisarg/software-dev/Bit/scripts/.. -f Makefile -B build/openmp_bit_nogpu GPU=NONE LIBPOPCNT=1 CPU_TILE=16 BITVECTOR_TILE=2048 BUFFER_SIZE=4096 OUTER_ROW_NUM=1 OUTER_COL_NUM=3 OUTER_VEC_BLK=8
EXECUTING: numactl --interleave=all /home/chrisarg/software-dev/Bit/scripts/../build/openmp_bit_nogpu 262144 1024 1024 20
COMPILING: make -C /home/chrisarg/software-dev/Bit/scripts/.. -f Makefile -B build/openmp_bit_nogpu GPU=NONE LIBPOPCNT=1 CPU_TILE=32 BITVECTOR_TILE=1024 BUFFER_SIZE=256 OUTER_ROW_NUM=5 OUTER_COL_NUM=6 OUTER_VEC_BLK=4
EXECUTING: numactl --interleave=all /home/chrisarg/software-dev/Bit/scripts/../build/openmp_bit_nogpu 65536 1024 1024 20
COMPILING: make -C /home/chrisarg/software-dev/Bit/scripts/.. -f Makefile -B build/openmp_bit_nogpu GPU=NONE LIBPOPCNT=0 CPU_TILE=32 BITVECTOR_TILE=1024 BUFFER_SIZE=128 OUTER_ROW_NUM=2 OUTER_COL_NUM=5 OUTER_VEC_BLK=6
EXECUTING: numactl --interleave=all /home/chrisarg/software-dev/Bit/scripts/../build/openmp_bit_nogpu 65536 1024 1024 20
COMPILING: make -C /home/chrisarg/software-dev/Bit/scripts/.. -f Makefile -B build/openmp_bit_nogpu GPU=NONE LIBPOPCNT=1 CPU_TILE=16 BITVECTOR_TILE=512 BUFFER_SIZE=1024 OUTER_ROW_NUM=5 OUTER_COL_NUM=4 OUTER_VEC_BLK=2
EXECUTING: numactl --interleave=all /home/chrisarg/software-dev/Bit/scripts/../build/openmp_bit_nogpu 65536 1024 1024 20
COMPILING: make -C /home/chrisarg/software-dev/Bit/scripts/.. -f Makefile -B build/openmp_bit_nogpu GPU=NONE LIBPOPCNT=1 CPU_TILE=32 BITVECTOR_TILE=1024 BUFFER_SIZE=1024 OUTER_ROW_NUM=4 OUTER_COL_NUM=6 OUTER_VEC_BLK=3
EXECUTING: numactl --interleave=all /home/chrisarg/software-dev/Bit/scripts/../build/openmp_bit_nogpu 65536 1024 1024 20
COMPILING: make -C /home/chrisarg/software-dev/Bit/scripts/.. -f Makefile -B build/openmp_bit_nogpu GPU=NONE LIBPOPCNT=0 CPU_TILE=64 BITVECTOR_TILE=2048 BUFFER_SIZE=128 OUTER_ROW_NUM=1 OUTER_COL_NUM=6 OUTER_VEC_BLK=3
EXECUTING: numactl --interleave=all /home/chrisarg/software-dev/Bit/scripts/../build/openmp_bit_nogpu 262144 1024 1024 20
COMPILING: make -C /home/chrisarg/software-dev/Bit/scripts/.. -f Makefile -B build/openmp_bit_nogpu GPU=NONE LIBPOPCNT=0 CPU_TILE=16 BITVECTOR_TILE=2048 BUFFER_SIZE=512 OUTER_ROW_NUM=1 OUTER_COL_NUM=2 OUTER_VEC_BLK=1
EXECUTING: numactl --interleave=all /home/chrisarg/software-dev/Bit/scripts/../build/openmp_bit_nogpu 65536 1024 1024 20
COMPILING: make -C /home/chrisarg/software-dev/Bit/scripts/.. -f Makefile -B build/openmp_bit_nogpu GPU=NONE LIBPOPCNT=1 CPU_TILE=16 BITVECTOR_TILE=1024 BUFFER_SIZE=4096 OUTER_ROW_NUM=3 OUTER_COL_NUM=6 OUTER_VEC_BLK=3
EXECUTING: numactl --interleave=all /home/chrisarg/software-dev/Bit/scripts/../build/openmp_bit_nogpu 262144 1024 1024 20
COMPILING: make -C /home/chrisarg/software-dev/Bit/scripts/.. -f Makefile -B build/openmp_bit_nogpu GPU=NONE LIBPOPCNT=1 CPU_TILE=16 BITVECTOR_TILE=1024 BUFFER_SIZE=4096 OUTER_ROW_NUM=3 OUTER_COL_NUM=5 OUTER_VEC_BLK=2
EXECUTING: numactl --interleave=all /home/chrisarg/software-dev/Bit/scripts/../build/openmp_bit_nogpu 65536 1024 1024 20
COMPILING: make -C /home/chrisarg/software-dev/Bit/scripts/.. -f Makefile -B build/openmp_bit_nogpu GPU=NONE LIBPOPCNT=0 CPU_TILE=64 BITVECTOR_TILE=2048 BUFFER_SIZE=1024 OUTER_ROW_NUM=1 OUTER_COL_NUM=1 OUTER_VEC_BLK=4
EXECUTING: numactl --interleave=all /home/chrisarg/software-dev/Bit/scripts/../build/openmp_bit_nogpu 262144 1024 1024 20
COMPILING: make -C /home/chrisarg/software-dev/Bit/scripts/.. -f Makefile -B build/openmp_bit_nogpu GPU=NONE LIBPOPCNT=1 CPU_TILE=64 BITVECTOR_TILE=512 BUFFER_SIZE=256 OUTER_ROW_NUM=4 OUTER_COL_NUM=3 OUTER_VEC_BLK=3
EXECUTING: numactl --interleave=all /home/chrisarg/software-dev/Bit/scripts/../build/openmp_bit_nogpu 65536 1024 1024 20
COMPILING: make -C /home/chrisarg/software-dev/Bit/scripts/.. -f Makefile -B build/openmp_bit_nogpu GPU=NONE LIBPOPCNT=0 CPU_TILE=32 BITVECTOR_TILE=1024 BUFFER_SIZE=1024 OUTER_ROW_NUM=5 OUTER_COL_NUM=5 OUTER_VEC_BLK=4
EXECUTING: numactl --interleave=all /home/chrisarg/software-dev/Bit/scripts/../build/openmp_bit_nogpu 262144 1024 1024 20
COMPILING: make -C /home/chrisarg/software-dev/Bit/scripts/.. -f Makefile -B build/openmp_bit_nogpu GPU=NONE LIBPOPCNT=0 CPU_TILE=32 BITVECTOR_TILE=1024 BUFFER_SIZE=128 OUTER_ROW_NUM=4 OUTER_COL_NUM=2 OUTER_VEC_BLK=6
EXECUTING: numactl --interleave=all /home/chrisarg/software-dev/Bit/scripts/../build/openmp_bit_nogpu 65536 1024 1024 20
COMPILING: make -C /home/chrisarg/software-dev/Bit/scripts/.. -f Makefile -B build/openmp_bit_nogpu GPU=NONE LIBPOPCNT=0 CPU_TILE=32 BITVECTOR_TILE=2048 BUFFER_SIZE=128 OUTER_ROW_NUM=5 OUTER_COL_NUM=4 OUTER_VEC_BLK=6
EXECUTING: numactl --interleave=all /home/chrisarg/software-dev/Bit/scripts/../build/openmp_bit_nogpu 65536 1024 1024 20
COMPILING: make -C /home/chrisarg/software-dev/Bit/scripts/.. -f Makefile -B build/openmp_bit_nogpu GPU=NONE LIBPOPCNT=0 CPU_TILE=32 BITVECTOR_TILE=2048 BUFFER_SIZE=128 OUTER_ROW_NUM=1 OUTER_COL_NUM=4 OUTER_VEC_BLK=2
EXECUTING: numactl --interleave=all /home/chrisarg/software-dev/Bit/scripts/../build/openmp_bit_nogpu 262144 1024 1024 20
COMPILING: make -C /home/chrisarg/software-dev/Bit/scripts/.. -f Makefile -B build/openmp_bit_nogpu GPU=NONE LIBPOPCNT=1 CPU_TILE=64 BITVECTOR_TILE=512 BUFFER_SIZE=1024 OUTER_ROW_NUM=3 OUTER_COL_NUM=6 OUTER_VEC_BLK=2
EXECUTING: numactl --interleave=all /home/chrisarg/software-dev/Bit/scripts/../build/openmp_bit_nogpu 262144 1024 1024 20
COMPILING: make -C /home/chrisarg/software-dev/Bit/scripts/.. -f Makefile -B build/openmp_bit_nogpu GPU=NONE LIBPOPCNT=1 CPU_TILE=64 BITVECTOR_TILE=2048 BUFFER_SIZE=256 OUTER_ROW_NUM=4 OUTER_COL_NUM=4 OUTER_VEC_BLK=4
EXECUTING: numactl --interleave=all /home/chrisarg/software-dev/Bit/scripts/../build/openmp_bit_nogpu 65536 1024 1024 20
COMPILING: make -C /home/chrisarg/software-dev/Bit/scripts/.. -f Makefile -B build/openmp_bit_nogpu GPU=NONE LIBPOPCNT=1 CPU_TILE=32 BITVECTOR_TILE=512 BUFFER_SIZE=4096 OUTER_ROW_NUM=2 OUTER_COL_NUM=3 OUTER_VEC_BLK=1
EXECUTING: numactl --interleave=all /home/chrisarg/software-dev/Bit/scripts/../build/openmp_bit_nogpu 262144 1024 1024 20
COMPILING: make -C /home/chrisarg/software-dev/Bit/scripts/.. -f Makefile -B build/openmp_bit_nogpu GPU=NONE LIBPOPCNT=0 CPU_TILE=64 BITVECTOR_TILE=512 BUFFER_SIZE=256 OUTER_ROW_NUM=5 OUTER_COL_NUM=1 OUTER_VEC_BLK=3
EXECUTING: numactl --interleave=all /home/chrisarg/software-dev/Bit/scripts/../build/openmp_bit_nogpu 65536 1024 1024 20
COMPILING: make -C /home/chrisarg/software-dev/Bit/scripts/.. -f Makefile -B build/openmp_bit_nogpu GPU=NONE LIBPOPCNT=0 CPU_TILE=32 BITVECTOR_TILE=2048 BUFFER_SIZE=4096 OUTER_ROW_NUM=3 OUTER_COL_NUM=5 OUTER_VEC_BLK=4
EXECUTING: numactl --interleave=all /home/chrisarg/software-dev/Bit/scripts/../build/openmp_bit_nogpu 65536 1024 1024 20
COMPILING: make -C /home/chrisarg/software-dev/Bit/scripts/.. -f Makefile -B build/openmp_bit_nogpu GPU=NONE LIBPOPCNT=1 CPU_TILE=32 BITVECTOR_TILE=512 BUFFER_SIZE=1024 OUTER_ROW_NUM=4 OUTER_COL_NUM=2 OUTER_VEC_BLK=4
EXECUTING: numactl --interleave=all /home/chrisarg/software-dev/Bit/scripts/../build/openmp_bit_nogpu 65536 1024 1024 20
COMPILING: make -C /home/chrisarg/software-dev/Bit/scripts/.. -f Makefile -B build/openmp_bit_nogpu GPU=NONE LIBPOPCNT=0 CPU_TILE=32 BITVECTOR_TILE=1024 BUFFER_SIZE=512 OUTER_ROW_NUM=4 OUTER_COL_NUM=5 OUTER_VEC_BLK=2
EXECUTING: numactl --interleave=all /home/chrisarg/software-dev/Bit/scripts/../build/openmp_bit_nogpu 262144 1024 1024 20
COMPILING: make -C /home/chrisarg/software-dev/Bit/scripts/.. -f Makefile -B build/openmp_bit_nogpu GPU=NONE LIBPOPCNT=1 CPU_TILE=32 BITVECTOR_TILE=2048 BUFFER_SIZE=128 OUTER_ROW_NUM=2 OUTER_COL_NUM=4 OUTER_VEC_BLK=1
EXECUTING: numactl --interleave=all /home/chrisarg/software-dev/Bit/scripts/../build/openmp_bit_nogpu 262144 1024 1024 20
COMPILING: make -C /home/chrisarg/software-dev/Bit/scripts/.. -f Makefile -B build/openmp_bit_nogpu GPU=NONE LIBPOPCNT=1 CPU_TILE=32 BITVECTOR_TILE=512 BUFFER_SIZE=512 OUTER_ROW_NUM=4 OUTER_COL_NUM=5 OUTER_VEC_BLK=4
EXECUTING: numactl --interleave=all /home/chrisarg/software-dev/Bit/scripts/../build/openmp_bit_nogpu 262144 1024 1024 20
COMPILING: make -C /home/chrisarg/software-dev/Bit/scripts/.. -f Makefile -B build/openmp_bit_nogpu GPU=NONE LIBPOPCNT=0 CPU_TILE=16 BITVECTOR_TILE=1024 BUFFER_SIZE=1024 OUTER_ROW_NUM=5 OUTER_COL_NUM=4 OUTER_VEC_BLK=8
EXECUTING: numactl --interleave=all /home/chrisarg/software-dev/Bit/scripts/../build/openmp_bit_nogpu 65536 1024 1024 20
COMPILING: make -C /home/chrisarg/software-dev/Bit/scripts/.. -f Makefile -B build/openmp_bit_nogpu GPU=NONE LIBPOPCNT=0 CPU_TILE=32 BITVECTOR_TILE=512 BUFFER_SIZE=128 OUTER_ROW_NUM=2 OUTER_COL_NUM=5 OUTER_VEC_BLK=1
EXECUTING: numactl --interleave=all /home/chrisarg/software-dev/Bit/scripts/../build/openmp_bit_nogpu 262144 1024 1024 20
COMPILING: make -C /home/chrisarg/software-dev/Bit/scripts/.. -f Makefile -B build/openmp_bit_nogpu GPU=NONE LIBPOPCNT=1 CPU_TILE=16 BITVECTOR_TILE=512 BUFFER_SIZE=128 OUTER_ROW_NUM=4 OUTER_COL_NUM=2 OUTER_VEC_BLK=1
EXECUTING: numactl --interleave=all /home/chrisarg/software-dev/Bit/scripts/../build/openmp_bit_nogpu 65536 1024 1024 20
COMPILING: make -C /home/chrisarg/software-dev/Bit/scripts/.. -f Makefile -B build/openmp_bit_nogpu GPU=NONE LIBPOPCNT=0 CPU_TILE=32 BITVECTOR_TILE=512 BUFFER_SIZE=1024 OUTER_ROW_NUM=1 OUTER_COL_NUM=1 OUTER_VEC_BLK=2
EXECUTING: numactl --interleave=all /home/chrisarg/software-dev/Bit/scripts/../build/openmp_bit_nogpu 262144 1024 1024 20
COMPILING: make -C /home/chrisarg/software-dev/Bit/scripts/.. -f Makefile -B build/openmp_bit_nogpu GPU=NONE LIBPOPCNT=0 CPU_TILE=32 BITVECTOR_TILE=2048 BUFFER_SIZE=256 OUTER_ROW_NUM=1 OUTER_COL_NUM=5 OUTER_VEC_BLK=3
EXECUTING: numactl --interleave=all /home/chrisarg/software-dev/Bit/scripts/../build/openmp_bit_nogpu 262144 1024 1024 20
COMPILING: make -C /home/chrisarg/software-dev/Bit/scripts/.. -f Makefile -B build/openmp_bit_nogpu GPU=NONE LIBPOPCNT=0 CPU_TILE=16 BITVECTOR_TILE=2048 BUFFER_SIZE=256 OUTER_ROW_NUM=6 OUTER_COL_NUM=6 OUTER_VEC_BLK=3
EXECUTING: numactl --interleave=all /home/chrisarg/software-dev/Bit/scripts/../build/openmp_bit_nogpu 65536 1024 1024 20
COMPILING: make -C /home/chrisarg/software-dev/Bit/scripts/.. -f Makefile -B build/openmp_bit_nogpu GPU=NONE LIBPOPCNT=1 CPU_TILE=32 BITVECTOR_TILE=1024 BUFFER_SIZE=1024 OUTER_ROW_NUM=3 OUTER_COL_NUM=6 OUTER_VEC_BLK=3
EXECUTING: numactl --interleave=all /home/chrisarg/software-dev/Bit/scripts/../build/openmp_bit_nogpu 65536 1024 1024 20
COMPILING: make -C /home/chrisarg/software-dev/Bit/scripts/.. -f Makefile -B build/openmp_bit_nogpu GPU=NONE LIBPOPCNT=0 CPU_TILE=64 BITVECTOR_TILE=1024 BUFFER_SIZE=1024 OUTER_ROW_NUM=1 OUTER_COL_NUM=6 OUTER_VEC_BLK=2
EXECUTING: numactl --interleave=all /home/chrisarg/software-dev/Bit/scripts/../build/openmp_bit_nogpu 262144 1024 1024 20
COMPILING: make -C /home/chrisarg/software-dev/Bit/scripts/.. -f Makefile -B build/openmp_bit_nogpu GPU=NONE LIBPOPCNT=0 CPU_TILE=16 BITVECTOR_TILE=512 BUFFER_SIZE=512 OUTER_ROW_NUM=1 OUTER_COL_NUM=3 OUTER_VEC_BLK=8
EXECUTING: numactl --interleave=all /home/chrisarg/software-dev/Bit/scripts/../build/openmp_bit_nogpu 65536 1024 1024 20
COMPILING: make -C /home/chrisarg/software-dev/Bit/scripts/.. -f Makefile -B build/openmp_bit_nogpu GPU=NONE LIBPOPCNT=1 CPU_TILE=32 BITVECTOR_TILE=512 BUFFER_SIZE=4096 OUTER_ROW_NUM=5 OUTER_COL_NUM=2 OUTER_VEC_BLK=3
EXECUTING: numactl --interleave=all /home/chrisarg/software-dev/Bit/scripts/../build/openmp_bit_nogpu 262144 1024 1024 20
COMPILING: make -C /home/chrisarg/software-dev/Bit/scripts/.. -f Makefile -B build/openmp_bit_nogpu GPU=NONE LIBPOPCNT=0 CPU_TILE=16 BITVECTOR_TILE=2048 BUFFER_SIZE=1024 OUTER_ROW_NUM=1 OUTER_COL_NUM=6 OUTER_VEC_BLK=8
EXECUTING: numactl --interleave=all /home/chrisarg/software-dev/Bit/scripts/../build/openmp_bit_nogpu 65536 1024 1024 20
COMPILING: make -C /home/chrisarg/software-dev/Bit/scripts/.. -f Makefile -B build/openmp_bit_nogpu GPU=NONE LIBPOPCNT=1 CPU_TILE=32 BITVECTOR_TILE=512 BUFFER_SIZE=256 OUTER_ROW_NUM=2 OUTER_COL_NUM=5 OUTER_VEC_BLK=2
EXECUTING: numactl --interleave=all /home/chrisarg/software-dev/Bit/scripts/../build/openmp_bit_nogpu 65536 1024 1024 20
COMPILING: make -C /home/chrisarg/software-dev/Bit/scripts/.. -f Makefile -B build/openmp_bit_nogpu GPU=NONE LIBPOPCNT=0 CPU_TILE=32 BITVECTOR_TILE=2048 BUFFER_SIZE=4096 OUTER_ROW_NUM=6 OUTER_COL_NUM=1 OUTER_VEC_BLK=2
EXECUTING: numactl --interleave=all /home/chrisarg/software-dev/Bit/scripts/../build/openmp_bit_nogpu 65536 1024 1024 20
COMPILING: make -C /home/chrisarg/software-dev/Bit/scripts/.. -f Makefile -B build/openmp_bit_nogpu GPU=NONE LIBPOPCNT=0 CPU_TILE=32 BITVECTOR_TILE=1024 BUFFER_SIZE=512 OUTER_ROW_NUM=6 OUTER_COL_NUM=6 OUTER_VEC_BLK=6
EXECUTING: numactl --interleave=all /home/chrisarg/software-dev/Bit/scripts/../build/openmp_bit_nogpu 65536 1024 1024 20
COMPILING: make -C /home/chrisarg/software-dev/Bit/scripts/.. -f Makefile -B build/openmp_bit_nogpu GPU=NONE LIBPOPCNT=0 CPU_TILE=32 BITVECTOR_TILE=2048 BUFFER_SIZE=128 OUTER_ROW_NUM=1 OUTER_COL_NUM=6 OUTER_VEC_BLK=2
EXECUTING: numactl --interleave=all /home/chrisarg/software-dev/Bit/scripts/../build/openmp_bit_nogpu 262144 1024 1024 20
COMPILING: make -C /home/chrisarg/software-dev/Bit/scripts/.. -f Makefile -B build/openmp_bit_nogpu GPU=NONE LIBPOPCNT=1 CPU_TILE=16 BITVECTOR_TILE=1024 BUFFER_SIZE=512 OUTER_ROW_NUM=4 OUTER_COL_NUM=3 OUTER_VEC_BLK=4
EXECUTING: numactl --interleave=all /home/chrisarg/software-dev/Bit/scripts/../build/openmp_bit_nogpu 262144 1024 1024 20
COMPILING: make -C /home/chrisarg/software-dev/Bit/scripts/.. -f Makefile -B build/openmp_bit_nogpu GPU=NONE LIBPOPCNT=0 CPU_TILE=32 BITVECTOR_TILE=2048 BUFFER_SIZE=1024 OUTER_ROW_NUM=5 OUTER_COL_NUM=6 OUTER_VEC_BLK=3
EXECUTING: numactl --interleave=all /home/chrisarg/software-dev/Bit/scripts/../build/openmp_bit_nogpu 65536 1024 1024 20
COMPILING: make -C /home/chrisarg/software-dev/Bit/scripts/.. -f Makefile -B build/openmp_bit_nogpu GPU=NONE LIBPOPCNT=1 CPU_TILE=32 BITVECTOR_TILE=1024 BUFFER_SIZE=1024 OUTER_ROW_NUM=4 OUTER_COL_NUM=3 OUTER_VEC_BLK=2
EXECUTING: numactl --interleave=all /home/chrisarg/software-dev/Bit/scripts/../build/openmp_bit_nogpu 65536 1024 1024 20
COMPILING: make -C /home/chrisarg/software-dev/Bit/scripts/.. -f Makefile -B build/openmp_bit_nogpu GPU=NONE LIBPOPCNT=1 CPU_TILE=64 BITVECTOR_TILE=1024 BUFFER_SIZE=4096 OUTER_ROW_NUM=2 OUTER_COL_NUM=5 OUTER_VEC_BLK=1
EXECUTING: numactl --interleave=all /home/chrisarg/software-dev/Bit/scripts/../build/openmp_bit_nogpu 262144 1024 1024 20
COMPILING: make -C /home/chrisarg/software-dev/Bit/scripts/.. -f Makefile -B build/openmp_bit_nogpu GPU=NONE LIBPOPCNT=0 CPU_TILE=32 BITVECTOR_TILE=2048 BUFFER_SIZE=256 OUTER_ROW_NUM=6 OUTER_COL_NUM=5 OUTER_VEC_BLK=8
EXECUTING: numactl --interleave=all /home/chrisarg/software-dev/Bit/scripts/../build/openmp_bit_nogpu 262144 1024 1024 20
COMPILING: make -C /home/chrisarg/software-dev/Bit/scripts/.. -f Makefile -B build/openmp_bit_nogpu GPU=NONE LIBPOPCNT=1 CPU_TILE=16 BITVECTOR_TILE=512 BUFFER_SIZE=128 OUTER_ROW_NUM=5 OUTER_COL_NUM=5 OUTER_VEC_BLK=3
EXECUTING: numactl --interleave=all /home/chrisarg/software-dev/Bit/scripts/../build/openmp_bit_nogpu 262144 1024 1024 20
COMPILING: make -C /home/chrisarg/software-dev/Bit/scripts/.. -f Makefile -B build/openmp_bit_nogpu GPU=NONE LIBPOPCNT=1 CPU_TILE=16 BITVECTOR_TILE=2048 BUFFER_SIZE=4096 OUTER_ROW_NUM=3 OUTER_COL_NUM=3 OUTER_VEC_BLK=6
EXECUTING: numactl --interleave=all /home/chrisarg/software-dev/Bit/scripts/../build/openmp_bit_nogpu 262144 1024 1024 20
COMPILING: make -C /home/chrisarg/software-dev/Bit/scripts/.. -f Makefile -B build/openmp_bit_nogpu GPU=NONE LIBPOPCNT=0 CPU_TILE=32 BITVECTOR_TILE=512 BUFFER_SIZE=512 OUTER_ROW_NUM=5 OUTER_COL_NUM=6 OUTER_VEC_BLK=4
EXECUTING: numactl --interleave=all /home/chrisarg/software-dev/Bit/scripts/../build/openmp_bit_nogpu 262144 1024 1024 20
COMPILING: make -C /home/chrisarg/software-dev/Bit/scripts/.. -f Makefile -B build/openmp_bit_nogpu GPU=NONE LIBPOPCNT=1 CPU_TILE=16 BITVECTOR_TILE=2048 BUFFER_SIZE=128 OUTER_ROW_NUM=1 OUTER_COL_NUM=3 OUTER_VEC_BLK=8
EXECUTING: numactl --interleave=all /home/chrisarg/software-dev/Bit/scripts/../build/openmp_bit_nogpu 65536 1024 1024 20
COMPILING: make -C /home/chrisarg/software-dev/Bit/scripts/.. -f Makefile -B build/openmp_bit_nogpu GPU=NONE LIBPOPCNT=1 CPU_TILE=16 BITVECTOR_TILE=512 BUFFER_SIZE=1024 OUTER_ROW_NUM=5 OUTER_COL_NUM=2 OUTER_VEC_BLK=8
EXECUTING: numactl --interleave=all /home/chrisarg/software-dev/Bit/scripts/../build/openmp_bit_nogpu 262144 1024 1024 20
COMPILING: make -C /home/chrisarg/software-dev/Bit/scripts/.. -f Makefile -B build/openmp_bit_nogpu GPU=NONE LIBPOPCNT=0 CPU_TILE=16 BITVECTOR_TILE=2048 BUFFER_SIZE=1024 OUTER_ROW_NUM=2 OUTER_COL_NUM=1 OUTER_VEC_BLK=8
EXECUTING: numactl --interleave=all /home/chrisarg/software-dev/Bit/scripts/../build/openmp_bit_nogpu 262144 1024 1024 20
COMPILING: make -C /home/chrisarg/software-dev/Bit/scripts/.. -f Makefile -B build/openmp_bit_nogpu GPU=NONE LIBPOPCNT=0 CPU_TILE=16 BITVECTOR_TILE=2048 BUFFER_SIZE=512 OUTER_ROW_NUM=6 OUTER_COL_NUM=6 OUTER_VEC_BLK=8
EXECUTING: numactl --interleave=all /home/chrisarg/software-dev/Bit/scripts/../build/openmp_bit_nogpu 65536 1024 1024 20
COMPILING: make -C /home/chrisarg/software-dev/Bit/scripts/.. -f Makefile -B build/openmp_bit_nogpu GPU=NONE LIBPOPCNT=1 CPU_TILE=64 BITVECTOR_TILE=512 BUFFER_SIZE=256 OUTER_ROW_NUM=6 OUTER_COL_NUM=1 OUTER_VEC_BLK=3
EXECUTING: numactl --interleave=all /home/chrisarg/software-dev/Bit/scripts/../build/openmp_bit_nogpu 65536 1024 1024 20
COMPILING: make -C /home/chrisarg/software-dev/Bit/scripts/.. -f Makefile -B build/openmp_bit_nogpu GPU=NONE LIBPOPCNT=0 CPU_TILE=32 BITVECTOR_TILE=2048 BUFFER_SIZE=128 OUTER_ROW_NUM=3 OUTER_COL_NUM=4 OUTER_VEC_BLK=4
EXECUTING: numactl --interleave=all /home/chrisarg/software-dev/Bit/scripts/../build/openmp_bit_nogpu 262144 1024 1024 20
COMPILING: make -C /home/chrisarg/software-dev/Bit/scripts/.. -f Makefile -B build/openmp_bit_nogpu GPU=NONE LIBPOPCNT=0 CPU_TILE=32 BITVECTOR_TILE=1024 BUFFER_SIZE=512 OUTER_ROW_NUM=5 OUTER_COL_NUM=4 OUTER_VEC_BLK=1
EXECUTING: numactl --interleave=all /home/chrisarg/software-dev/Bit/scripts/../build/openmp_bit_nogpu 65536 1024 1024 20
COMPILING: make -C /home/chrisarg/software-dev/Bit/scripts/.. -f Makefile -B build/openmp_bit_nogpu GPU=NONE LIBPOPCNT=0 CPU_TILE=16 BITVECTOR_TILE=512 BUFFER_SIZE=128 OUTER_ROW_NUM=4 OUTER_COL_NUM=2 OUTER_VEC_BLK=6
EXECUTING: numactl --interleave=all /home/chrisarg/software-dev/Bit/scripts/../build/openmp_bit_nogpu 65536 1024 1024 20
COMPILING: make -C /home/chrisarg/software-dev/Bit/scripts/.. -f Makefile -B build/openmp_bit_nogpu GPU=NONE LIBPOPCNT=0 CPU_TILE=16 BITVECTOR_TILE=2048 BUFFER_SIZE=512 OUTER_ROW_NUM=4 OUTER_COL_NUM=2 OUTER_VEC_BLK=6
EXECUTING: numactl --interleave=all /home/chrisarg/software-dev/Bit/scripts/../build/openmp_bit_nogpu 65536 1024 1024 20
COMPILING: make -C /home/chrisarg/software-dev/Bit/scripts/.. -f Makefile -B build/openmp_bit_nogpu GPU=NONE LIBPOPCNT=0 CPU_TILE=64 BITVECTOR_TILE=2048 BUFFER_SIZE=512 OUTER_ROW_NUM=3 OUTER_COL_NUM=1 OUTER_VEC_BLK=4
EXECUTING: numactl --interleave=all /home/chrisarg/software-dev/Bit/scripts/../build/openmp_bit_nogpu 262144 1024 1024 20
COMPILING: make -C /home/chrisarg/software-dev/Bit/scripts/.. -f Makefile -B build/openmp_bit_nogpu GPU=NONE LIBPOPCNT=1 CPU_TILE=32 BITVECTOR_TILE=2048 BUFFER_SIZE=1024 OUTER_ROW_NUM=5 OUTER_COL_NUM=3 OUTER_VEC_BLK=6
EXECUTING: numactl --interleave=all /home/chrisarg/software-dev/Bit/scripts/../build/openmp_bit_nogpu 262144 1024 1024 20
COMPILING: make -C /home/chrisarg/software-dev/Bit/scripts/.. -f Makefile -B build/openmp_bit_nogpu GPU=NONE LIBPOPCNT=0 CPU_TILE=16 BITVECTOR_TILE=1024 BUFFER_SIZE=256 OUTER_ROW_NUM=1 OUTER_COL_NUM=3 OUTER_VEC_BLK=2
EXECUTING: numactl --interleave=all /home/chrisarg/software-dev/Bit/scripts/../build/openmp_bit_nogpu 262144 1024 1024 20
COMPILING: make -C /home/chrisarg/software-dev/Bit/scripts/.. -f Makefile -B build/openmp_bit_nogpu GPU=NONE LIBPOPCNT=0 CPU_TILE=64 BITVECTOR_TILE=2048 BUFFER_SIZE=512 OUTER_ROW_NUM=6 OUTER_COL_NUM=1 OUTER_VEC_BLK=2
EXECUTING: numactl --interleave=all /home/chrisarg/software-dev/Bit/scripts/../build/openmp_bit_nogpu 65536 1024 1024 20
COMPILING: make -C /home/chrisarg/software-dev/Bit/scripts/.. -f Makefile -B build/openmp_bit_nogpu GPU=NONE LIBPOPCNT=0 CPU_TILE=32 BITVECTOR_TILE=512 BUFFER_SIZE=256 OUTER_ROW_NUM=1 OUTER_COL_NUM=3 OUTER_VEC_BLK=1
EXECUTING: numactl --interleave=all /home/chrisarg/software-dev/Bit/scripts/../build/openmp_bit_nogpu 65536 1024 1024 20
COMPILING: make -C /home/chrisarg/software-dev/Bit/scripts/.. -f Makefile -B build/openmp_bit_nogpu GPU=NONE LIBPOPCNT=1 CPU_TILE=32 BITVECTOR_TILE=2048 BUFFER_SIZE=256 OUTER_ROW_NUM=4 OUTER_COL_NUM=6 OUTER_VEC_BLK=6
EXECUTING: numactl --interleave=all /home/chrisarg/software-dev/Bit/scripts/../build/openmp_bit_nogpu 65536 1024 1024 20
COMPILING: make -C /home/chrisarg/software-dev/Bit/scripts/.. -f Makefile -B build/openmp_bit_nogpu GPU=NONE LIBPOPCNT=0 CPU_TILE=64 BITVECTOR_TILE=2048 BUFFER_SIZE=256 OUTER_ROW_NUM=2 OUTER_COL_NUM=5 OUTER_VEC_BLK=3
EXECUTING: numactl --interleave=all /home/chrisarg/software-dev/Bit/scripts/../build/openmp_bit_nogpu 262144 1024 1024 20
COMPILING: make -C /home/chrisarg/software-dev/Bit/scripts/.. -f Makefile -B build/openmp_bit_nogpu GPU=NONE LIBPOPCNT=1 CPU_TILE=64 BITVECTOR_TILE=1024 BUFFER_SIZE=4096 OUTER_ROW_NUM=1 OUTER_COL_NUM=2 OUTER_VEC_BLK=2
EXECUTING: numactl --interleave=all /home/chrisarg/software-dev/Bit/scripts/../build/openmp_bit_nogpu 65536 1024 1024 20
COMPILING: make -C /home/chrisarg/software-dev/Bit/scripts/.. -f Makefile -B build/openmp_bit_nogpu GPU=NONE LIBPOPCNT=1 CPU_TILE=32 BITVECTOR_TILE=512 BUFFER_SIZE=4096 OUTER_ROW_NUM=4 OUTER_COL_NUM=1 OUTER_VEC_BLK=8
EXECUTING: numactl --interleave=all /home/chrisarg/software-dev/Bit/scripts/../build/openmp_bit_nogpu 262144 1024 1024 20
COMPILING: make -C /home/chrisarg/software-dev/Bit/scripts/.. -f Makefile -B build/openmp_bit_nogpu GPU=NONE LIBPOPCNT=0 CPU_TILE=64 BITVECTOR_TILE=1024 BUFFER_SIZE=1024 OUTER_ROW_NUM=5 OUTER_COL_NUM=1 OUTER_VEC_BLK=8
EXECUTING: numactl --interleave=all /home/chrisarg/software-dev/Bit/scripts/../build/openmp_bit_nogpu 262144 1024 1024 20
COMPILING: make -C /home/chrisarg/software-dev/Bit/scripts/.. -f Makefile -B build/openmp_bit_nogpu GPU=NONE LIBPOPCNT=0 CPU_TILE=32 BITVECTOR_TILE=512 BUFFER_SIZE=4096 OUTER_ROW_NUM=6 OUTER_COL_NUM=1 OUTER_VEC_BLK=1
EXECUTING: numactl --interleave=all /home/chrisarg/software-dev/Bit/scripts/../build/openmp_bit_nogpu 262144 1024 1024 20
COMPILING: make -C /home/chrisarg/software-dev/Bit/scripts/.. -f Makefile -B build/openmp_bit_nogpu GPU=NONE LIBPOPCNT=1 CPU_TILE=32 BITVECTOR_TILE=1024 BUFFER_SIZE=4096 OUTER_ROW_NUM=2 OUTER_COL_NUM=2 OUTER_VEC_BLK=6
EXECUTING: numactl --interleave=all /home/chrisarg/software-dev/Bit/scripts/../build/openmp_bit_nogpu 262144 1024 1024 20
COMPILING: make -C /home/chrisarg/software-dev/Bit/scripts/.. -f Makefile -B build/openmp_bit_nogpu GPU=NONE LIBPOPCNT=1 CPU_TILE=32 BITVECTOR_TILE=2048 BUFFER_SIZE=256 OUTER_ROW_NUM=1 OUTER_COL_NUM=3 OUTER_VEC_BLK=1
EXECUTING: numactl --interleave=all /home/chrisarg/software-dev/Bit/scripts/../build/openmp_bit_nogpu 262144 1024 1024 20
COMPILING: make -C /home/chrisarg/software-dev/Bit/scripts/.. -f Makefile -B build/openmp_bit_nogpu GPU=NONE LIBPOPCNT=1 CPU_TILE=32 BITVECTOR_TILE=2048 BUFFER_SIZE=1024 OUTER_ROW_NUM=6 OUTER_COL_NUM=4 OUTER_VEC_BLK=8
EXECUTING: numactl --interleave=all /home/chrisarg/software-dev/Bit/scripts/../build/openmp_bit_nogpu 262144 1024 1024 20
COMPILING: make -C /home/chrisarg/software-dev/Bit/scripts/.. -f Makefile -B build/openmp_bit_nogpu GPU=NONE LIBPOPCNT=1 CPU_TILE=32 BITVECTOR_TILE=512 BUFFER_SIZE=256 OUTER_ROW_NUM=1 OUTER_COL_NUM=2 OUTER_VEC_BLK=1
EXECUTING: numactl --interleave=all /home/chrisarg/software-dev/Bit/scripts/../build/openmp_bit_nogpu 65536 1024 1024 20
COMPILING: make -C /home/chrisarg/software-dev/Bit/scripts/.. -f Makefile -B build/openmp_bit_nogpu GPU=NONE LIBPOPCNT=0 CPU_TILE=64 BITVECTOR_TILE=1024 BUFFER_SIZE=512 OUTER_ROW_NUM=2 OUTER_COL_NUM=3 OUTER_VEC_BLK=2
EXECUTING: numactl --interleave=all /home/chrisarg/software-dev/Bit/scripts/../build/openmp_bit_nogpu 65536 1024 1024 20
COMPILING: make -C /home/chrisarg/software-dev/Bit/scripts/.. -f Makefile -B build/openmp_bit_nogpu GPU=NONE LIBPOPCNT=0 CPU_TILE=32 BITVECTOR_TILE=2048 BUFFER_SIZE=256 OUTER_ROW_NUM=4 OUTER_COL_NUM=5 OUTER_VEC_BLK=6
EXECUTING: numactl --interleave=all /home/chrisarg/software-dev/Bit/scripts/../build/openmp_bit_nogpu 262144 1024 1024 20
COMPILING: make -C /home/chrisarg/software-dev/Bit/scripts/.. -f Makefile -B build/openmp_bit_nogpu GPU=NONE LIBPOPCNT=0 CPU_TILE=16 BITVECTOR_TILE=2048 BUFFER_SIZE=256 OUTER_ROW_NUM=1 OUTER_COL_NUM=4 OUTER_VEC_BLK=1
EXECUTING: numactl --interleave=all /home/chrisarg/software-dev/Bit/scripts/../build/openmp_bit_nogpu 65536 1024 1024 20
COMPILING: make -C /home/chrisarg/software-dev/Bit/scripts/.. -f Makefile -B build/openmp_bit_nogpu GPU=NONE LIBPOPCNT=0 CPU_TILE=64 BITVECTOR_TILE=2048 BUFFER_SIZE=128 OUTER_ROW_NUM=5 OUTER_COL_NUM=4 OUTER_VEC_BLK=6
EXECUTING: numactl --interleave=all /home/chrisarg/software-dev/Bit/scripts/../build/openmp_bit_nogpu 65536 1024 1024 20
COMPILING: make -C /home/chrisarg/software-dev/Bit/scripts/.. -f Makefile -B build/openmp_bit_nogpu GPU=NONE LIBPOPCNT=0 CPU_TILE=64 BITVECTOR_TILE=2048 BUFFER_SIZE=1024 OUTER_ROW_NUM=5 OUTER_COL_NUM=1 OUTER_VEC_BLK=8
EXECUTING: numactl --interleave=all /home/chrisarg/software-dev/Bit/scripts/../build/openmp_bit_nogpu 65536 1024 1024 20
COMPILING: make -C /home/chrisarg/software-dev/Bit/scripts/.. -f Makefile -B build/openmp_bit_nogpu GPU=NONE LIBPOPCNT=1 CPU_TILE=64 BITVECTOR_TILE=512 BUFFER_SIZE=512 OUTER_ROW_NUM=3 OUTER_COL_NUM=2 OUTER_VEC_BLK=3
EXECUTING: numactl --interleave=all /home/chrisarg/software-dev/Bit/scripts/../build/openmp_bit_nogpu 262144 1024 1024 20
COMPILING: make -C /home/chrisarg/software-dev/Bit/scripts/.. -f Makefile -B build/openmp_bit_nogpu GPU=NONE LIBPOPCNT=1 CPU_TILE=16 BITVECTOR_TILE=512 BUFFER_SIZE=1024 OUTER_ROW_NUM=3 OUTER_COL_NUM=2 OUTER_VEC_BLK=1
EXECUTING: numactl --interleave=all /home/chrisarg/software-dev/Bit/scripts/../build/openmp_bit_nogpu 65536 1024 1024 20
COMPILING: make -C /home/chrisarg/software-dev/Bit/scripts/.. -f Makefile -B build/openmp_bit_nogpu GPU=NONE LIBPOPCNT=1 CPU_TILE=16 BITVECTOR_TILE=512 BUFFER_SIZE=4096 OUTER_ROW_NUM=2 OUTER_COL_NUM=6 OUTER_VEC_BLK=3
EXECUTING: numactl --interleave=all /home/chrisarg/software-dev/Bit/scripts/../build/openmp_bit_nogpu 65536 1024 1024 20
COMPILING: make -C /home/chrisarg/software-dev/Bit/scripts/.. -f Makefile -B build/openmp_bit_nogpu GPU=NONE LIBPOPCNT=0 CPU_TILE=16 BITVECTOR_TILE=512 BUFFER_SIZE=256 OUTER_ROW_NUM=3 OUTER_COL_NUM=2 OUTER_VEC_BLK=3
EXECUTING: numactl --interleave=all /home/chrisarg/software-dev/Bit/scripts/../build/openmp_bit_nogpu 262144 1024 1024 20
COMPILING: make -C /home/chrisarg/software-dev/Bit/scripts/.. -f Makefile -B build/openmp_bit_nogpu GPU=NONE LIBPOPCNT=1 CPU_TILE=64 BITVECTOR_TILE=1024 BUFFER_SIZE=4096 OUTER_ROW_NUM=5 OUTER_COL_NUM=6 OUTER_VEC_BLK=2
EXECUTING: numactl --interleave=all /home/chrisarg/software-dev/Bit/scripts/../build/openmp_bit_nogpu 65536 1024 1024 20
COMPILING: make -C /home/chrisarg/software-dev/Bit/scripts/.. -f Makefile -B build/openmp_bit_nogpu GPU=NONE LIBPOPCNT=0 CPU_TILE=16 BITVECTOR_TILE=2048 BUFFER_SIZE=1024 OUTER_ROW_NUM=5 OUTER_COL_NUM=4 OUTER_VEC_BLK=8
EXECUTING: numactl --interleave=all /home/chrisarg/software-dev/Bit/scripts/../build/openmp_bit_nogpu 65536 1024 1024 20
COMPILING: make -C /home/chrisarg/software-dev/Bit/scripts/.. -f Makefile -B build/openmp_bit_nogpu GPU=NONE LIBPOPCNT=1 CPU_TILE=16 BITVECTOR_TILE=1024 BUFFER_SIZE=1024 OUTER_ROW_NUM=6 OUTER_COL_NUM=2 OUTER_VEC_BLK=3
EXECUTING: numactl --interleave=all /home/chrisarg/software-dev/Bit/scripts/../build/openmp_bit_nogpu 65536 1024 1024 20
COMPILING: make -C /home/chrisarg/software-dev/Bit/scripts/.. -f Makefile -B build/openmp_bit_nogpu GPU=NONE LIBPOPCNT=0 CPU_TILE=16 BITVECTOR_TILE=2048 BUFFER_SIZE=1024 OUTER_ROW_NUM=6 OUTER_COL_NUM=5 OUTER_VEC_BLK=2
EXECUTING: numactl --interleave=all /home/chrisarg/software-dev/Bit/scripts/../build/openmp_bit_nogpu 262144 1024 1024 20
COMPILING: make -C /home/chrisarg/software-dev/Bit/scripts/.. -f Makefile -B build/openmp_bit_nogpu GPU=NONE LIBPOPCNT=1 CPU_TILE=64 BITVECTOR_TILE=512 BUFFER_SIZE=128 OUTER_ROW_NUM=2 OUTER_COL_NUM=3 OUTER_VEC_BLK=4
EXECUTING: numactl --interleave=all /home/chrisarg/software-dev/Bit/scripts/../build/openmp_bit_nogpu 262144 1024 1024 20
COMPILING: make -C /home/chrisarg/software-dev/Bit/scripts/.. -f Makefile -B build/openmp_bit_nogpu GPU=NONE LIBPOPCNT=0 CPU_TILE=64 BITVECTOR_TILE=2048 BUFFER_SIZE=4096 OUTER_ROW_NUM=5 OUTER_COL_NUM=5 OUTER_VEC_BLK=6
EXECUTING: numactl --interleave=all /home/chrisarg/software-dev/Bit/scripts/../build/openmp_bit_nogpu 65536 1024 1024 20
COMPILING: make -C /home/chrisarg/software-dev/Bit/scripts/.. -f Makefile -B build/openmp_bit_nogpu GPU=NONE LIBPOPCNT=1 CPU_TILE=16 BITVECTOR_TILE=1024 BUFFER_SIZE=4096 OUTER_ROW_NUM=5 OUTER_COL_NUM=4 OUTER_VEC_BLK=2
EXECUTING: numactl --interleave=all /home/chrisarg/software-dev/Bit/scripts/../build/openmp_bit_nogpu 65536 1024 1024 20
COMPILING: make -C /home/chrisarg/software-dev/Bit/scripts/.. -f Makefile -B build/openmp_bit_nogpu GPU=NONE LIBPOPCNT=0 CPU_TILE=32 BITVECTOR_TILE=512 BUFFER_SIZE=4096 OUTER_ROW_NUM=1 OUTER_COL_NUM=5 OUTER_VEC_BLK=1
EXECUTING: numactl --interleave=all /home/chrisarg/software-dev/Bit/scripts/../build/openmp_bit_nogpu 65536 1024 1024 20
COMPILING: make -C /home/chrisarg/software-dev/Bit/scripts/.. -f Makefile -B build/openmp_bit_nogpu GPU=NONE LIBPOPCNT=1 CPU_TILE=64 BITVECTOR_TILE=1024 BUFFER_SIZE=128 OUTER_ROW_NUM=3 OUTER_COL_NUM=2 OUTER_VEC_BLK=8
EXECUTING: numactl --interleave=all /home/chrisarg/software-dev/Bit/scripts/../build/openmp_bit_nogpu 65536 1024 1024 20
COMPILING: make -C /home/chrisarg/software-dev/Bit/scripts/.. -f Makefile -B build/openmp_bit_nogpu GPU=NONE LIBPOPCNT=0 CPU_TILE=64 BITVECTOR_TILE=2048 BUFFER_SIZE=512 OUTER_ROW_NUM=3 OUTER_COL_NUM=1 OUTER_VEC_BLK=1
EXECUTING: numactl --interleave=all /home/chrisarg/software-dev/Bit/scripts/../build/openmp_bit_nogpu 65536 1024 1024 20
COMPILING: make -C /home/chrisarg/software-dev/Bit/scripts/.. -f Makefile -B build/openmp_bit_nogpu GPU=NONE LIBPOPCNT=0 CPU_TILE=64 BITVECTOR_TILE=2048 BUFFER_SIZE=128 OUTER_ROW_NUM=6 OUTER_COL_NUM=3 OUTER_VEC_BLK=4
EXECUTING: numactl --interleave=all /home/chrisarg/software-dev/Bit/scripts/../build/openmp_bit_nogpu 65536 1024 1024 20
COMPILING: make -C /home/chrisarg/software-dev/Bit/scripts/.. -f Makefile -B build/openmp_bit_nogpu GPU=NONE LIBPOPCNT=0 CPU_TILE=32 BITVECTOR_TILE=2048 BUFFER_SIZE=1024 OUTER_ROW_NUM=6 OUTER_COL_NUM=5 OUTER_VEC_BLK=6
EXECUTING: numactl --interleave=all /home/chrisarg/software-dev/Bit/scripts/../build/openmp_bit_nogpu 65536 1024 1024 20
COMPILING: make -C /home/chrisarg/software-dev/Bit/scripts/.. -f Makefile -B build/openmp_bit_nogpu GPU=NONE LIBPOPCNT=0 CPU_TILE=16 BITVECTOR_TILE=2048 BUFFER_SIZE=256 OUTER_ROW_NUM=3 OUTER_COL_NUM=6 OUTER_VEC_BLK=8
EXECUTING: numactl --interleave=all /home/chrisarg/software-dev/Bit/scripts/../build/openmp_bit_nogpu 65536 1024 1024 20
COMPILING: make -C /home/chrisarg/software-dev/Bit/scripts/.. -f Makefile -B build/openmp_bit_nogpu GPU=NONE LIBPOPCNT=0 CPU_TILE=32 BITVECTOR_TILE=1024 BUFFER_SIZE=4096 OUTER_ROW_NUM=2 OUTER_COL_NUM=2 OUTER_VEC_BLK=8
EXECUTING: numactl --interleave=all /home/chrisarg/software-dev/Bit/scripts/../build/openmp_bit_nogpu 65536 1024 1024 20
COMPILING: make -C /home/chrisarg/software-dev/Bit/scripts/.. -f Makefile -B build/openmp_bit_nogpu GPU=NONE LIBPOPCNT=1 CPU_TILE=64 BITVECTOR_TILE=512 BUFFER_SIZE=512 OUTER_ROW_NUM=3 OUTER_COL_NUM=6 OUTER_VEC_BLK=4
EXECUTING: numactl --interleave=all /home/chrisarg/software-dev/Bit/scripts/../build/openmp_bit_nogpu 65536 1024 1024 20
COMPILING: make -C /home/chrisarg/software-dev/Bit/scripts/.. -f Makefile -B build/openmp_bit_nogpu GPU=NONE LIBPOPCNT=1 CPU_TILE=32 BITVECTOR_TILE=512 BUFFER_SIZE=256 OUTER_ROW_NUM=3 OUTER_COL_NUM=3 OUTER_VEC_BLK=6
EXECUTING: numactl --interleave=all /home/chrisarg/software-dev/Bit/scripts/../build/openmp_bit_nogpu 65536 1024 1024 20
COMPILING: make -C /home/chrisarg/software-dev/Bit/scripts/.. -f Makefile -B build/openmp_bit_nogpu GPU=NONE LIBPOPCNT=0 CPU_TILE=16 BITVECTOR_TILE=512 BUFFER_SIZE=256 OUTER_ROW_NUM=2 OUTER_COL_NUM=4 OUTER_VEC_BLK=2
EXECUTING: numactl --interleave=all /home/chrisarg/software-dev/Bit/scripts/../build/openmp_bit_nogpu 262144 1024 1024 20
COMPILING: make -C /home/chrisarg/software-dev/Bit/scripts/.. -f Makefile -B build/openmp_bit_nogpu GPU=NONE LIBPOPCNT=1 CPU_TILE=32 BITVECTOR_TILE=512 BUFFER_SIZE=512 OUTER_ROW_NUM=2 OUTER_COL_NUM=2 OUTER_VEC_BLK=1
EXECUTING: numactl --interleave=all /home/chrisarg/software-dev/Bit/scripts/../build/openmp_bit_nogpu 65536 1024 1024 20
COMPILING: make -C /home/chrisarg/software-dev/Bit/scripts/.. -f Makefile -B build/openmp_bit_nogpu GPU=NONE LIBPOPCNT=1 CPU_TILE=16 BITVECTOR_TILE=512 BUFFER_SIZE=1024 OUTER_ROW_NUM=2 OUTER_COL_NUM=4 OUTER_VEC_BLK=4
EXECUTING: numactl --interleave=all /home/chrisarg/software-dev/Bit/scripts/../build/openmp_bit_nogpu 262144 1024 1024 20
COMPILING: make -C /home/chrisarg/software-dev/Bit/scripts/.. -f Makefile -B build/openmp_bit_nogpu GPU=NONE LIBPOPCNT=1 CPU_TILE=16 BITVECTOR_TILE=2048 BUFFER_SIZE=256 OUTER_ROW_NUM=6 OUTER_COL_NUM=2 OUTER_VEC_BLK=6
EXECUTING: numactl --interleave=all /home/chrisarg/software-dev/Bit/scripts/../build/openmp_bit_nogpu 65536 1024 1024 20
COMPILING: make -C /home/chrisarg/software-dev/Bit/scripts/.. -f Makefile -B build/openmp_bit_nogpu GPU=NONE LIBPOPCNT=1 CPU_TILE=16 BITVECTOR_TILE=2048 BUFFER_SIZE=1024 OUTER_ROW_NUM=1 OUTER_COL_NUM=3 OUTER_VEC_BLK=8
EXECUTING: numactl --interleave=all /home/chrisarg/software-dev/Bit/scripts/../build/openmp_bit_nogpu 65536 1024 1024 20
COMPILING: make -C /home/chrisarg/software-dev/Bit/scripts/.. -f Makefile -B build/openmp_bit_nogpu GPU=NONE LIBPOPCNT=0 CPU_TILE=32 BITVECTOR_TILE=512 BUFFER_SIZE=128 OUTER_ROW_NUM=3 OUTER_COL_NUM=5 OUTER_VEC_BLK=1
EXECUTING: numactl --interleave=all /home/chrisarg/software-dev/Bit/scripts/../build/openmp_bit_nogpu 262144 1024 1024 20
COMPILING: make -C /home/chrisarg/software-dev/Bit/scripts/.. -f Makefile -B build/openmp_bit_nogpu GPU=NONE LIBPOPCNT=1 CPU_TILE=64 BITVECTOR_TILE=2048 BUFFER_SIZE=256 OUTER_ROW_NUM=4 OUTER_COL_NUM=6 OUTER_VEC_BLK=4
EXECUTING: numactl --interleave=all /home/chrisarg/software-dev/Bit/scripts/../build/openmp_bit_nogpu 262144 1024 1024 20
COMPILING: make -C /home/chrisarg/software-dev/Bit/scripts/.. -f Makefile -B build/openmp_bit_nogpu GPU=NONE LIBPOPCNT=1 CPU_TILE=32 BITVECTOR_TILE=2048 BUFFER_SIZE=256 OUTER_ROW_NUM=6 OUTER_COL_NUM=6 OUTER_VEC_BLK=2
EXECUTING: numactl --interleave=all /home/chrisarg/software-dev/Bit/scripts/../build/openmp_bit_nogpu 262144 1024 1024 20
COMPILING: make -C /home/chrisarg/software-dev/Bit/scripts/.. -f Makefile -B build/openmp_bit_nogpu GPU=NONE LIBPOPCNT=0 CPU_TILE=64 BITVECTOR_TILE=512 BUFFER_SIZE=1024 OUTER_ROW_NUM=6 OUTER_COL_NUM=5 OUTER_VEC_BLK=4
EXECUTING: numactl --interleave=all /home/chrisarg/software-dev/Bit/scripts/../build/openmp_bit_nogpu 262144 1024 1024 20
COMPILING: make -C /home/chrisarg/software-dev/Bit/scripts/.. -f Makefile -B build/openmp_bit_nogpu GPU=NONE LIBPOPCNT=0 CPU_TILE=16 BITVECTOR_TILE=1024 BUFFER_SIZE=512 OUTER_ROW_NUM=4 OUTER_COL_NUM=3 OUTER_VEC_BLK=8
EXECUTING: numactl --interleave=all /home/chrisarg/software-dev/Bit/scripts/../build/openmp_bit_nogpu 262144 1024 1024 20
COMPILING: make -C /home/chrisarg/software-dev/Bit/scripts/.. -f Makefile -B build/openmp_bit_nogpu GPU=NONE LIBPOPCNT=1 CPU_TILE=16 BITVECTOR_TILE=512 BUFFER_SIZE=256 OUTER_ROW_NUM=5 OUTER_COL_NUM=5 OUTER_VEC_BLK=8
EXECUTING: numactl --interleave=all /home/chrisarg/software-dev/Bit/scripts/../build/openmp_bit_nogpu 262144 1024 1024 20
COMPILING: make -C /home/chrisarg/software-dev/Bit/scripts/.. -f Makefile -B build/openmp_bit_nogpu GPU=NONE LIBPOPCNT=0 CPU_TILE=64 BITVECTOR_TILE=2048 BUFFER_SIZE=1024 OUTER_ROW_NUM=6 OUTER_COL_NUM=5 OUTER_VEC_BLK=2
EXECUTING: numactl --interleave=all /home/chrisarg/software-dev/Bit/scripts/../build/openmp_bit_nogpu 65536 1024 1024 20
COMPILING: make -C /home/chrisarg/software-dev/Bit/scripts/.. -f Makefile -B build/openmp_bit_nogpu GPU=NONE LIBPOPCNT=1 CPU_TILE=16 BITVECTOR_TILE=2048 BUFFER_SIZE=1024 OUTER_ROW_NUM=6 OUTER_COL_NUM=4 OUTER_VEC_BLK=1
EXECUTING: numactl --interleave=all /home/chrisarg/software-dev/Bit/scripts/../build/openmp_bit_nogpu 65536 1024 1024 20
COMPILING: make -C /home/chrisarg/software-dev/Bit/scripts/.. -f Makefile -B build/openmp_bit_nogpu GPU=NONE LIBPOPCNT=1 CPU_TILE=32 BITVECTOR_TILE=1024 BUFFER_SIZE=128 OUTER_ROW_NUM=2 OUTER_COL_NUM=2 OUTER_VEC_BLK=6
EXECUTING: numactl --interleave=all /home/chrisarg/software-dev/Bit/scripts/../build/openmp_bit_nogpu 262144 1024 1024 20
COMPILING: make -C /home/chrisarg/software-dev/Bit/scripts/.. -f Makefile -B build/openmp_bit_nogpu GPU=NONE LIBPOPCNT=0 CPU_TILE=32 BITVECTOR_TILE=2048 BUFFER_SIZE=1024 OUTER_ROW_NUM=4 OUTER_COL_NUM=2 OUTER_VEC_BLK=8
EXECUTING: numactl --interleave=all /home/chrisarg/software-dev/Bit/scripts/../build/openmp_bit_nogpu 262144 1024 1024 20
COMPILING: make -C /home/chrisarg/software-dev/Bit/scripts/.. -f Makefile -B build/openmp_bit_nogpu GPU=NONE LIBPOPCNT=1 CPU_TILE=32 BITVECTOR_TILE=512 BUFFER_SIZE=4096 OUTER_ROW_NUM=4 OUTER_COL_NUM=5 OUTER_VEC_BLK=8
EXECUTING: numactl --interleave=all /home/chrisarg/software-dev/Bit/scripts/../build/openmp_bit_nogpu 65536 1024 1024 20
COMPILING: make -C /home/chrisarg/software-dev/Bit/scripts/.. -f Makefile -B build/openmp_bit_nogpu GPU=NONE LIBPOPCNT=1 CPU_TILE=64 BITVECTOR_TILE=512 BUFFER_SIZE=128 OUTER_ROW_NUM=3 OUTER_COL_NUM=6 OUTER_VEC_BLK=1
EXECUTING: numactl --interleave=all /home/chrisarg/software-dev/Bit/scripts/../build/openmp_bit_nogpu 262144 1024 1024 20
COMPILING: make -C /home/chrisarg/software-dev/Bit/scripts/.. -f Makefile -B build/openmp_bit_nogpu GPU=NONE LIBPOPCNT=0 CPU_TILE=16 BITVECTOR_TILE=1024 BUFFER_SIZE=256 OUTER_ROW_NUM=2 OUTER_COL_NUM=1 OUTER_VEC_BLK=3
EXECUTING: numactl --interleave=all /home/chrisarg/software-dev/Bit/scripts/../build/openmp_bit_nogpu 65536 1024 1024 20
COMPILING: make -C /home/chrisarg/software-dev/Bit/scripts/.. -f Makefile -B build/openmp_bit_nogpu GPU=NONE LIBPOPCNT=1 CPU_TILE=32 BITVECTOR_TILE=1024 BUFFER_SIZE=4096 OUTER_ROW_NUM=2 OUTER_COL_NUM=2 OUTER_VEC_BLK=2
EXECUTING: numactl --interleave=all /home/chrisarg/software-dev/Bit/scripts/../build/openmp_bit_nogpu 65536 1024 1024 20
COMPILING: make -C /home/chrisarg/software-dev/Bit/scripts/.. -f Makefile -B build/openmp_bit_nogpu GPU=NONE LIBPOPCNT=1 CPU_TILE=16 BITVECTOR_TILE=1024 BUFFER_SIZE=512 OUTER_ROW_NUM=5 OUTER_COL_NUM=6 OUTER_VEC_BLK=1
EXECUTING: numactl --interleave=all /home/chrisarg/software-dev/Bit/scripts/../build/openmp_bit_nogpu 65536 1024 1024 20
COMPILING: make -C /home/chrisarg/software-dev/Bit/scripts/.. -f Makefile -B build/openmp_bit_nogpu GPU=NONE LIBPOPCNT=1 CPU_TILE=64 BITVECTOR_TILE=2048 BUFFER_SIZE=512 OUTER_ROW_NUM=3 OUTER_COL_NUM=4 OUTER_VEC_BLK=1
EXECUTING: numactl --interleave=all /home/chrisarg/software-dev/Bit/scripts/../build/openmp_bit_nogpu 65536 1024 1024 20
COMPILING: make -C /home/chrisarg/software-dev/Bit/scripts/.. -f Makefile -B build/openmp_bit_nogpu GPU=NONE LIBPOPCNT=1 CPU_TILE=16 BITVECTOR_TILE=2048 BUFFER_SIZE=1024 OUTER_ROW_NUM=6 OUTER_COL_NUM=6 OUTER_VEC_BLK=8
EXECUTING: numactl --interleave=all /home/chrisarg/software-dev/Bit/scripts/../build/openmp_bit_nogpu 65536 1024 1024 20
COMPILING: make -C /home/chrisarg/software-dev/Bit/scripts/.. -f Makefile -B build/openmp_bit_nogpu GPU=NONE LIBPOPCNT=1 CPU_TILE=16 BITVECTOR_TILE=512 BUFFER_SIZE=512 OUTER_ROW_NUM=6 OUTER_COL_NUM=1 OUTER_VEC_BLK=3
EXECUTING: numactl --interleave=all /home/chrisarg/software-dev/Bit/scripts/../build/openmp_bit_nogpu 262144 1024 1024 20
COMPILING: make -C /home/chrisarg/software-dev/Bit/scripts/.. -f Makefile -B build/openmp_bit_nogpu GPU=NONE LIBPOPCNT=1 CPU_TILE=64 BITVECTOR_TILE=2048 BUFFER_SIZE=1024 OUTER_ROW_NUM=4 OUTER_COL_NUM=1 OUTER_VEC_BLK=3
EXECUTING: numactl --interleave=all /home/chrisarg/software-dev/Bit/scripts/../build/openmp_bit_nogpu 262144 1024 1024 20
COMPILING: make -C /home/chrisarg/software-dev/Bit/scripts/.. -f Makefile -B build/openmp_bit_nogpu GPU=NONE LIBPOPCNT=1 CPU_TILE=64 BITVECTOR_TILE=2048 BUFFER_SIZE=128 OUTER_ROW_NUM=5 OUTER_COL_NUM=2 OUTER_VEC_BLK=6
EXECUTING: numactl --interleave=all /home/chrisarg/software-dev/Bit/scripts/../build/openmp_bit_nogpu 65536 1024 1024 20
COMPILING: make -C /home/chrisarg/software-dev/Bit/scripts/.. -f Makefile -B build/openmp_bit_nogpu GPU=NONE LIBPOPCNT=1 CPU_TILE=32 BITVECTOR_TILE=512 BUFFER_SIZE=1024 OUTER_ROW_NUM=4 OUTER_COL_NUM=6 OUTER_VEC_BLK=1
EXECUTING: numactl --interleave=all /home/chrisarg/software-dev/Bit/scripts/../build/openmp_bit_nogpu 262144 1024 1024 20
COMPILING: make -C /home/chrisarg/software-dev/Bit/scripts/.. -f Makefile -B build/openmp_bit_nogpu GPU=NONE LIBPOPCNT=0 CPU_TILE=64 BITVECTOR_TILE=1024 BUFFER_SIZE=1024 OUTER_ROW_NUM=2 OUTER_COL_NUM=3 OUTER_VEC_BLK=3
EXECUTING: numactl --interleave=all /home/chrisarg/software-dev/Bit/scripts/../build/openmp_bit_nogpu 65536 1024 1024 20
COMPILING: make -C /home/chrisarg/software-dev/Bit/scripts/.. -f Makefile -B build/openmp_bit_nogpu GPU=NONE LIBPOPCNT=1 CPU_TILE=16 BITVECTOR_TILE=2048 BUFFER_SIZE=128 OUTER_ROW_NUM=1 OUTER_COL_NUM=1 OUTER_VEC_BLK=2
EXECUTING: numactl --interleave=all /home/chrisarg/software-dev/Bit/scripts/../build/openmp_bit_nogpu 65536 1024 1024 20
COMPILING: make -C /home/chrisarg/software-dev/Bit/scripts/.. -f Makefile -B build/openmp_bit_nogpu GPU=NONE LIBPOPCNT=1 CPU_TILE=64 BITVECTOR_TILE=1024 BUFFER_SIZE=512 OUTER_ROW_NUM=4 OUTER_COL_NUM=6 OUTER_VEC_BLK=4
EXECUTING: numactl --interleave=all /home/chrisarg/software-dev/Bit/scripts/../build/openmp_bit_nogpu 65536 1024 1024 20
COMPILING: make -C /home/chrisarg/software-dev/Bit/scripts/.. -f Makefile -B build/openmp_bit_nogpu GPU=NONE LIBPOPCNT=0 CPU_TILE=64 BITVECTOR_TILE=1024 BUFFER_SIZE=4096 OUTER_ROW_NUM=4 OUTER_COL_NUM=6 OUTER_VEC_BLK=1
EXECUTING: numactl --interleave=all /home/chrisarg/software-dev/Bit/scripts/../build/openmp_bit_nogpu 262144 1024 1024 20
COMPILING: make -C /home/chrisarg/software-dev/Bit/scripts/.. -f Makefile -B build/openmp_bit_nogpu GPU=NONE LIBPOPCNT=1 CPU_TILE=32 BITVECTOR_TILE=512 BUFFER_SIZE=1024 OUTER_ROW_NUM=2 OUTER_COL_NUM=4 OUTER_VEC_BLK=2
EXECUTING: numactl --interleave=all /home/chrisarg/software-dev/Bit/scripts/../build/openmp_bit_nogpu 65536 1024 1024 20
COMPILING: make -C /home/chrisarg/software-dev/Bit/scripts/.. -f Makefile -B build/openmp_bit_nogpu GPU=NONE LIBPOPCNT=0 CPU_TILE=32 BITVECTOR_TILE=2048 BUFFER_SIZE=512 OUTER_ROW_NUM=1 OUTER_COL_NUM=5 OUTER_VEC_BLK=2
EXECUTING: numactl --interleave=all /home/chrisarg/software-dev/Bit/scripts/../build/openmp_bit_nogpu 262144 1024 1024 20
COMPILING: make -C /home/chrisarg/software-dev/Bit/scripts/.. -f Makefile -B build/openmp_bit_nogpu GPU=NONE LIBPOPCNT=1 CPU_TILE=32 BITVECTOR_TILE=1024 BUFFER_SIZE=512 OUTER_ROW_NUM=3 OUTER_COL_NUM=3 OUTER_VEC_BLK=3
EXECUTING: numactl --interleave=all /home/chrisarg/software-dev/Bit/scripts/../build/openmp_bit_nogpu 262144 1024 1024 20
COMPILING: make -C /home/chrisarg/software-dev/Bit/scripts/.. -f Makefile -B build/openmp_bit_nogpu GPU=NONE LIBPOPCNT=0 CPU_TILE=16 BITVECTOR_TILE=1024 BUFFER_SIZE=4096 OUTER_ROW_NUM=3 OUTER_COL_NUM=1 OUTER_VEC_BLK=3
EXECUTING: numactl --interleave=all /home/chrisarg/software-dev/Bit/scripts/../build/openmp_bit_nogpu 262144 1024 1024 20
COMPILING: make -C /home/chrisarg/software-dev/Bit/scripts/.. -f Makefile -B build/openmp_bit_nogpu GPU=NONE LIBPOPCNT=1 CPU_TILE=16 BITVECTOR_TILE=1024 BUFFER_SIZE=1024 OUTER_ROW_NUM=4 OUTER_COL_NUM=6 OUTER_VEC_BLK=4
EXECUTING: numactl --interleave=all /home/chrisarg/software-dev/Bit/scripts/../build/openmp_bit_nogpu 65536 1024 1024 20
COMPILING: make -C /home/chrisarg/software-dev/Bit/scripts/.. -f Makefile -B build/openmp_bit_nogpu GPU=NONE LIBPOPCNT=1 CPU_TILE=32 BITVECTOR_TILE=2048 BUFFER_SIZE=1024 OUTER_ROW_NUM=1 OUTER_COL_NUM=4 OUTER_VEC_BLK=4
EXECUTING: numactl --interleave=all /home/chrisarg/software-dev/Bit/scripts/../build/openmp_bit_nogpu 262144 1024 1024 20
COMPILING: make -C /home/chrisarg/software-dev/Bit/scripts/.. -f Makefile -B build/openmp_bit_nogpu GPU=NONE LIBPOPCNT=1 CPU_TILE=16 BITVECTOR_TILE=512 BUFFER_SIZE=128 OUTER_ROW_NUM=1 OUTER_COL_NUM=1 OUTER_VEC_BLK=6
EXECUTING: numactl --interleave=all /home/chrisarg/software-dev/Bit/scripts/../build/openmp_bit_nogpu 262144 1024 1024 20
COMPILING: make -C /home/chrisarg/software-dev/Bit/scripts/.. -f Makefile -B build/openmp_bit_nogpu GPU=NONE LIBPOPCNT=0 CPU_TILE=16 BITVECTOR_TILE=512 BUFFER_SIZE=256 OUTER_ROW_NUM=6 OUTER_COL_NUM=4 OUTER_VEC_BLK=2
EXECUTING: numactl --interleave=all /home/chrisarg/software-dev/Bit/scripts/../build/openmp_bit_nogpu 65536 1024 1024 20
COMPILING: make -C /home/chrisarg/software-dev/Bit/scripts/.. -f Makefile -B build/openmp_bit_nogpu GPU=NONE LIBPOPCNT=1 CPU_TILE=16 BITVECTOR_TILE=1024 BUFFER_SIZE=4096 OUTER_ROW_NUM=3 OUTER_COL_NUM=6 OUTER_VEC_BLK=2
EXECUTING: numactl --interleave=all /home/chrisarg/software-dev/Bit/scripts/../build/openmp_bit_nogpu 262144 1024 1024 20
COMPILING: make -C /home/chrisarg/software-dev/Bit/scripts/.. -f Makefile -B build/openmp_bit_nogpu GPU=NONE LIBPOPCNT=0 CPU_TILE=16 BITVECTOR_TILE=1024 BUFFER_SIZE=4096 OUTER_ROW_NUM=2 OUTER_COL_NUM=5 OUTER_VEC_BLK=4
EXECUTING: numactl --interleave=all /home/chrisarg/software-dev/Bit/scripts/../build/openmp_bit_nogpu 262144 1024 1024 20
COMPILING: make -C /home/chrisarg/software-dev/Bit/scripts/.. -f Makefile -B build/openmp_bit_nogpu GPU=NONE LIBPOPCNT=0 CPU_TILE=32 BITVECTOR_TILE=2048 BUFFER_SIZE=512 OUTER_ROW_NUM=5 OUTER_COL_NUM=3 OUTER_VEC_BLK=4
EXECUTING: numactl --interleave=all /home/chrisarg/software-dev/Bit/scripts/../build/openmp_bit_nogpu 65536 1024 1024 20
COMPILING: make -C /home/chrisarg/software-dev/Bit/scripts/.. -f Makefile -B build/openmp_bit_nogpu GPU=NONE LIBPOPCNT=0 CPU_TILE=16 BITVECTOR_TILE=1024 BUFFER_SIZE=4096 OUTER_ROW_NUM=1 OUTER_COL_NUM=6 OUTER_VEC_BLK=2
EXECUTING: numactl --interleave=all /home/chrisarg/software-dev/Bit/scripts/../build/openmp_bit_nogpu 262144 1024 1024 20
COMPILING: make -C /home/chrisarg/software-dev/Bit/scripts/.. -f Makefile -B build/openmp_bit_nogpu GPU=NONE LIBPOPCNT=1 CPU_TILE=32 BITVECTOR_TILE=1024 BUFFER_SIZE=256 OUTER_ROW_NUM=3 OUTER_COL_NUM=3 OUTER_VEC_BLK=3
EXECUTING: numactl --interleave=all /home/chrisarg/software-dev/Bit/scripts/../build/openmp_bit_nogpu 65536 1024 1024 20
COMPILING: make -C /home/chrisarg/software-dev/Bit/scripts/.. -f Makefile -B build/openmp_bit_nogpu GPU=NONE LIBPOPCNT=1 CPU_TILE=64 BITVECTOR_TILE=512 BUFFER_SIZE=256 OUTER_ROW_NUM=3 OUTER_COL_NUM=3 OUTER_VEC_BLK=1
EXECUTING: numactl --interleave=all /home/chrisarg/software-dev/Bit/scripts/../build/openmp_bit_nogpu 65536 1024 1024 20
COMPILING: make -C /home/chrisarg/software-dev/Bit/scripts/.. -f Makefile -B build/openmp_bit_nogpu GPU=NONE LIBPOPCNT=1 CPU_TILE=32 BITVECTOR_TILE=512 BUFFER_SIZE=512 OUTER_ROW_NUM=4 OUTER_COL_NUM=1 OUTER_VEC_BLK=6
EXECUTING: numactl --interleave=all /home/chrisarg/software-dev/Bit/scripts/../build/openmp_bit_nogpu 65536 1024 1024 20
COMPILING: make -C /home/chrisarg/software-dev/Bit/scripts/.. -f Makefile -B build/openmp_bit_nogpu GPU=NONE LIBPOPCNT=0 CPU_TILE=16 BITVECTOR_TILE=2048 BUFFER_SIZE=4096 OUTER_ROW_NUM=4 OUTER_COL_NUM=5 OUTER_VEC_BLK=6
EXECUTING: numactl --interleave=all /home/chrisarg/software-dev/Bit/scripts/../build/openmp_bit_nogpu 65536 1024 1024 20
COMPILING: make -C /home/chrisarg/software-dev/Bit/scripts/.. -f Makefile -B build/openmp_bit_nogpu GPU=NONE LIBPOPCNT=1 CPU_TILE=32 BITVECTOR_TILE=512 BUFFER_SIZE=256 OUTER_ROW_NUM=4 OUTER_COL_NUM=5 OUTER_VEC_BLK=4
EXECUTING: numactl --interleave=all /home/chrisarg/software-dev/Bit/scripts/../build/openmp_bit_nogpu 65536 1024 1024 20
COMPILING: make -C /home/chrisarg/software-dev/Bit/scripts/.. -f Makefile -B build/openmp_bit_nogpu GPU=NONE LIBPOPCNT=0 CPU_TILE=64 BITVECTOR_TILE=1024 BUFFER_SIZE=1024 OUTER_ROW_NUM=5 OUTER_COL_NUM=6 OUTER_VEC_BLK=4
EXECUTING: numactl --interleave=all /home/chrisarg/software-dev/Bit/scripts/../build/openmp_bit_nogpu 65536 1024 1024 20
COMPILING: make -C /home/chrisarg/software-dev/Bit/scripts/.. -f Makefile -B build/openmp_bit_nogpu GPU=NONE LIBPOPCNT=1 CPU_TILE=64 BITVECTOR_TILE=1024 BUFFER_SIZE=4096 OUTER_ROW_NUM=6 OUTER_COL_NUM=3 OUTER_VEC_BLK=1
EXECUTING: numactl --interleave=all /home/chrisarg/software-dev/Bit/scripts/../build/openmp_bit_nogpu 262144 1024 1024 20
COMPILING: make -C /home/chrisarg/software-dev/Bit/scripts/.. -f Makefile -B build/openmp_bit_nogpu GPU=NONE LIBPOPCNT=1 CPU_TILE=32 BITVECTOR_TILE=1024 BUFFER_SIZE=1024 OUTER_ROW_NUM=6 OUTER_COL_NUM=5 OUTER_VEC_BLK=1
EXECUTING: numactl --interleave=all /home/chrisarg/software-dev/Bit/scripts/../build/openmp_bit_nogpu 65536 1024 1024 20
COMPILING: make -C /home/chrisarg/software-dev/Bit/scripts/.. -f Makefile -B build/openmp_bit_nogpu GPU=NONE LIBPOPCNT=1 CPU_TILE=64 BITVECTOR_TILE=512 BUFFER_SIZE=128 OUTER_ROW_NUM=1 OUTER_COL_NUM=5 OUTER_VEC_BLK=1
EXECUTING: numactl --interleave=all /home/chrisarg/software-dev/Bit/scripts/../build/openmp_bit_nogpu 65536 1024 1024 20
COMPILING: make -C /home/chrisarg/software-dev/Bit/scripts/.. -f Makefile -B build/openmp_bit_nogpu GPU=NONE LIBPOPCNT=1 CPU_TILE=16 BITVECTOR_TILE=2048 BUFFER_SIZE=256 OUTER_ROW_NUM=2 OUTER_COL_NUM=1 OUTER_VEC_BLK=4
EXECUTING: numactl --interleave=all /home/chrisarg/software-dev/Bit/scripts/../build/openmp_bit_nogpu 262144 1024 1024 20
COMPILING: make -C /home/chrisarg/software-dev/Bit/scripts/.. -f Makefile -B build/openmp_bit_nogpu GPU=NONE LIBPOPCNT=1 CPU_TILE=32 BITVECTOR_TILE=2048 BUFFER_SIZE=256 OUTER_ROW_NUM=1 OUTER_COL_NUM=3 OUTER_VEC_BLK=6
EXECUTING: numactl --interleave=all /home/chrisarg/software-dev/Bit/scripts/../build/openmp_bit_nogpu 262144 1024 1024 20
COMPILING: make -C /home/chrisarg/software-dev/Bit/scripts/.. -f Makefile -B build/openmp_bit_nogpu GPU=NONE LIBPOPCNT=0 CPU_TILE=32 BITVECTOR_TILE=2048 BUFFER_SIZE=4096 OUTER_ROW_NUM=6 OUTER_COL_NUM=5 OUTER_VEC_BLK=3
EXECUTING: numactl --interleave=all /home/chrisarg/software-dev/Bit/scripts/../build/openmp_bit_nogpu 65536 1024 1024 20
COMPILING: make -C /home/chrisarg/software-dev/Bit/scripts/.. -f Makefile -B build/openmp_bit_nogpu GPU=NONE LIBPOPCNT=0 CPU_TILE=32 BITVECTOR_TILE=2048 BUFFER_SIZE=4096 OUTER_ROW_NUM=6 OUTER_COL_NUM=2 OUTER_VEC_BLK=1
EXECUTING: numactl --interleave=all /home/chrisarg/software-dev/Bit/scripts/../build/openmp_bit_nogpu 65536 1024 1024 20
COMPILING: make -C /home/chrisarg/software-dev/Bit/scripts/.. -f Makefile -B build/openmp_bit_nogpu GPU=NONE LIBPOPCNT=1 CPU_TILE=32 BITVECTOR_TILE=2048 BUFFER_SIZE=256 OUTER_ROW_NUM=4 OUTER_COL_NUM=6 OUTER_VEC_BLK=6
EXECUTING: numactl --interleave=all /home/chrisarg/software-dev/Bit/scripts/../build/openmp_bit_nogpu 262144 1024 1024 20
COMPILING: make -C /home/chrisarg/software-dev/Bit/scripts/.. -f Makefile -B build/openmp_bit_nogpu GPU=NONE LIBPOPCNT=0 CPU_TILE=16 BITVECTOR_TILE=1024 BUFFER_SIZE=256 OUTER_ROW_NUM=1 OUTER_COL_NUM=1 OUTER_VEC_BLK=4
EXECUTING: numactl --interleave=all /home/chrisarg/software-dev/Bit/scripts/../build/openmp_bit_nogpu 65536 1024 1024 20
COMPILING: make -C /home/chrisarg/software-dev/Bit/scripts/.. -f Makefile -B build/openmp_bit_nogpu GPU=NONE LIBPOPCNT=1 CPU_TILE=16 BITVECTOR_TILE=1024 BUFFER_SIZE=4096 OUTER_ROW_NUM=3 OUTER_COL_NUM=3 OUTER_VEC_BLK=6
EXECUTING: numactl --interleave=all /home/chrisarg/software-dev/Bit/scripts/../build/openmp_bit_nogpu 65536 1024 1024 20
COMPILING: make -C /home/chrisarg/software-dev/Bit/scripts/.. -f Makefile -B build/openmp_bit_nogpu GPU=NONE LIBPOPCNT=1 CPU_TILE=32 BITVECTOR_TILE=1024 BUFFER_SIZE=256 OUTER_ROW_NUM=4 OUTER_COL_NUM=6 OUTER_VEC_BLK=6
EXECUTING: numactl --interleave=all /home/chrisarg/software-dev/Bit/scripts/../build/openmp_bit_nogpu 262144 1024 1024 20
COMPILING: make -C /home/chrisarg/software-dev/Bit/scripts/.. -f Makefile -B build/openmp_bit_nogpu GPU=NONE LIBPOPCNT=0 CPU_TILE=16 BITVECTOR_TILE=1024 BUFFER_SIZE=512 OUTER_ROW_NUM=1 OUTER_COL_NUM=4 OUTER_VEC_BLK=8
EXECUTING: numactl --interleave=all /home/chrisarg/software-dev/Bit/scripts/../build/openmp_bit_nogpu 65536 1024 1024 20
COMPILING: make -C /home/chrisarg/software-dev/Bit/scripts/.. -f Makefile -B build/openmp_bit_nogpu GPU=NONE LIBPOPCNT=0 CPU_TILE=16 BITVECTOR_TILE=1024 BUFFER_SIZE=4096 OUTER_ROW_NUM=3 OUTER_COL_NUM=3 OUTER_VEC_BLK=3
EXECUTING: numactl --interleave=all /home/chrisarg/software-dev/Bit/scripts/../build/openmp_bit_nogpu 65536 1024 1024 20
COMPILING: make -C /home/chrisarg/software-dev/Bit/scripts/.. -f Makefile -B build/openmp_bit_nogpu GPU=NONE LIBPOPCNT=0 CPU_TILE=16 BITVECTOR_TILE=512 BUFFER_SIZE=256 OUTER_ROW_NUM=5 OUTER_COL_NUM=3 OUTER_VEC_BLK=6
EXECUTING: numactl --interleave=all /home/chrisarg/software-dev/Bit/scripts/../build/openmp_bit_nogpu 65536 1024 1024 20
COMPILING: make -C /home/chrisarg/software-dev/Bit/scripts/.. -f Makefile -B build/openmp_bit_nogpu GPU=NONE LIBPOPCNT=0 CPU_TILE=16 BITVECTOR_TILE=2048 BUFFER_SIZE=4096 OUTER_ROW_NUM=3 OUTER_COL_NUM=2 OUTER_VEC_BLK=1
EXECUTING: numactl --interleave=all /home/chrisarg/software-dev/Bit/scripts/../build/openmp_bit_nogpu 262144 1024 1024 20
COMPILING: make -C /home/chrisarg/software-dev/Bit/scripts/.. -f Makefile -B build/openmp_bit_nogpu GPU=NONE LIBPOPCNT=0 CPU_TILE=64 BITVECTOR_TILE=1024 BUFFER_SIZE=512 OUTER_ROW_NUM=4 OUTER_COL_NUM=6 OUTER_VEC_BLK=8
EXECUTING: numactl --interleave=all /home/chrisarg/software-dev/Bit/scripts/../build/openmp_bit_nogpu 65536 1024 1024 20
COMPILING: make -C /home/chrisarg/software-dev/Bit/scripts/.. -f Makefile -B build/openmp_bit_nogpu GPU=NONE LIBPOPCNT=0 CPU_TILE=32 BITVECTOR_TILE=512 BUFFER_SIZE=128 OUTER_ROW_NUM=3 OUTER_COL_NUM=4 OUTER_VEC_BLK=1
EXECUTING: numactl --interleave=all /home/chrisarg/software-dev/Bit/scripts/../build/openmp_bit_nogpu 262144 1024 1024 20
COMPILING: make -C /home/chrisarg/software-dev/Bit/scripts/.. -f Makefile -B build/openmp_bit_nogpu GPU=NONE LIBPOPCNT=0 CPU_TILE=64 BITVECTOR_TILE=1024 BUFFER_SIZE=4096 OUTER_ROW_NUM=2 OUTER_COL_NUM=4 OUTER_VEC_BLK=3
EXECUTING: numactl --interleave=all /home/chrisarg/software-dev/Bit/scripts/../build/openmp_bit_nogpu 65536 1024 1024 20
COMPILING: make -C /home/chrisarg/software-dev/Bit/scripts/.. -f Makefile -B build/openmp_bit_nogpu GPU=NONE LIBPOPCNT=0 CPU_TILE=16 BITVECTOR_TILE=1024 BUFFER_SIZE=256 OUTER_ROW_NUM=1 OUTER_COL_NUM=6 OUTER_VEC_BLK=8
EXECUTING: numactl --interleave=all /home/chrisarg/software-dev/Bit/scripts/../build/openmp_bit_nogpu 65536 1024 1024 20
COMPILING: make -C /home/chrisarg/software-dev/Bit/scripts/.. -f Makefile -B build/openmp_bit_nogpu GPU=NONE LIBPOPCNT=1 CPU_TILE=64 BITVECTOR_TILE=512 BUFFER_SIZE=4096 OUTER_ROW_NUM=2 OUTER_COL_NUM=6 OUTER_VEC_BLK=1
EXECUTING: numactl --interleave=all /home/chrisarg/software-dev/Bit/scripts/../build/openmp_bit_nogpu 65536 1024 1024 20
COMPILING: make -C /home/chrisarg/software-dev/Bit/scripts/.. -f Makefile -B build/openmp_bit_nogpu GPU=NONE LIBPOPCNT=1 CPU_TILE=32 BITVECTOR_TILE=512 BUFFER_SIZE=1024 OUTER_ROW_NUM=4 OUTER_COL_NUM=2 OUTER_VEC_BLK=2
EXECUTING: numactl --interleave=all /home/chrisarg/software-dev/Bit/scripts/../build/openmp_bit_nogpu 262144 1024 1024 20
COMPILING: make -C /home/chrisarg/software-dev/Bit/scripts/.. -f Makefile -B build/openmp_bit_nogpu GPU=NONE LIBPOPCNT=0 CPU_TILE=32 BITVECTOR_TILE=2048 BUFFER_SIZE=256 OUTER_ROW_NUM=6 OUTER_COL_NUM=2 OUTER_VEC_BLK=2
EXECUTING: numactl --interleave=all /home/chrisarg/software-dev/Bit/scripts/../build/openmp_bit_nogpu 262144 1024 1024 20
COMPILING: make -C /home/chrisarg/software-dev/Bit/scripts/.. -f Makefile -B build/openmp_bit_nogpu GPU=NONE LIBPOPCNT=0 CPU_TILE=16 BITVECTOR_TILE=2048 BUFFER_SIZE=512 OUTER_ROW_NUM=6 OUTER_COL_NUM=2 OUTER_VEC_BLK=4
EXECUTING: numactl --interleave=all /home/chrisarg/software-dev/Bit/scripts/../build/openmp_bit_nogpu 262144 1024 1024 20
COMPILING: make -C /home/chrisarg/software-dev/Bit/scripts/.. -f Makefile -B build/openmp_bit_nogpu GPU=NONE LIBPOPCNT=1 CPU_TILE=16 BITVECTOR_TILE=2048 BUFFER_SIZE=128 OUTER_ROW_NUM=3 OUTER_COL_NUM=2 OUTER_VEC_BLK=2
EXECUTING: numactl --interleave=all /home/chrisarg/software-dev/Bit/scripts/../build/openmp_bit_nogpu 65536 1024 1024 20
COMPILING: make -C /home/chrisarg/software-dev/Bit/scripts/.. -f Makefile -B build/openmp_bit_nogpu GPU=NONE LIBPOPCNT=0 CPU_TILE=16 BITVECTOR_TILE=2048 BUFFER_SIZE=256 OUTER_ROW_NUM=5 OUTER_COL_NUM=6 OUTER_VEC_BLK=3
EXECUTING: numactl --interleave=all /home/chrisarg/software-dev/Bit/scripts/../build/openmp_bit_nogpu 65536 1024 1024 20
COMPILING: make -C /home/chrisarg/software-dev/Bit/scripts/.. -f Makefile -B build/openmp_bit_nogpu GPU=NONE LIBPOPCNT=1 CPU_TILE=16 BITVECTOR_TILE=1024 BUFFER_SIZE=4096 OUTER_ROW_NUM=3 OUTER_COL_NUM=1 OUTER_VEC_BLK=1
EXECUTING: numactl --interleave=all /home/chrisarg/software-dev/Bit/scripts/../build/openmp_bit_nogpu 262144 1024 1024 20
COMPILING: make -C /home/chrisarg/software-dev/Bit/scripts/.. -f Makefile -B build/openmp_bit_nogpu GPU=NONE LIBPOPCNT=0 CPU_TILE=16 BITVECTOR_TILE=2048 BUFFER_SIZE=256 OUTER_ROW_NUM=4 OUTER_COL_NUM=4 OUTER_VEC_BLK=1
EXECUTING: numactl --interleave=all /home/chrisarg/software-dev/Bit/scripts/../build/openmp_bit_nogpu 65536 1024 1024 20
COMPILING: make -C /home/chrisarg/software-dev/Bit/scripts/.. -f Makefile -B build/openmp_bit_nogpu GPU=NONE LIBPOPCNT=0 CPU_TILE=32 BITVECTOR_TILE=1024 BUFFER_SIZE=4096 OUTER_ROW_NUM=5 OUTER_COL_NUM=4 OUTER_VEC_BLK=8
EXECUTING: numactl --interleave=all /home/chrisarg/software-dev/Bit/scripts/../build/openmp_bit_nogpu 262144 1024 1024 20
COMPILING: make -C /home/chrisarg/software-dev/Bit/scripts/.. -f Makefile -B build/openmp_bit_nogpu GPU=NONE LIBPOPCNT=0 CPU_TILE=16 BITVECTOR_TILE=2048 BUFFER_SIZE=4096 OUTER_ROW_NUM=2 OUTER_COL_NUM=1 OUTER_VEC_BLK=1
EXECUTING: numactl --interleave=all /home/chrisarg/software-dev/Bit/scripts/../build/openmp_bit_nogpu 262144 1024 1024 20
COMPILING: make -C /home/chrisarg/software-dev/Bit/scripts/.. -f Makefile -B build/openmp_bit_nogpu GPU=NONE LIBPOPCNT=1 CPU_TILE=64 BITVECTOR_TILE=512 BUFFER_SIZE=128 OUTER_ROW_NUM=3 OUTER_COL_NUM=1 OUTER_VEC_BLK=8
EXECUTING: numactl --interleave=all /home/chrisarg/software-dev/Bit/scripts/../build/openmp_bit_nogpu 65536 1024 1024 20
COMPILING: make -C /home/chrisarg/software-dev/Bit/scripts/.. -f Makefile -B build/openmp_bit_nogpu GPU=NONE LIBPOPCNT=0 CPU_TILE=16 BITVECTOR_TILE=2048 BUFFER_SIZE=128 OUTER_ROW_NUM=1 OUTER_COL_NUM=5 OUTER_VEC_BLK=8
EXECUTING: numactl --interleave=all /home/chrisarg/software-dev/Bit/scripts/../build/openmp_bit_nogpu 262144 1024 1024 20
COMPILING: make -C /home/chrisarg/software-dev/Bit/scripts/.. -f Makefile -B build/openmp_bit_nogpu GPU=NONE LIBPOPCNT=1 CPU_TILE=64 BITVECTOR_TILE=2048 BUFFER_SIZE=512 OUTER_ROW_NUM=4 OUTER_COL_NUM=1 OUTER_VEC_BLK=6
EXECUTING: numactl --interleave=all /home/chrisarg/software-dev/Bit/scripts/../build/openmp_bit_nogpu 65536 1024 1024 20
COMPILING: make -C /home/chrisarg/software-dev/Bit/scripts/.. -f Makefile -B build/openmp_bit_nogpu GPU=NONE LIBPOPCNT=1 CPU_TILE=64 BITVECTOR_TILE=2048 BUFFER_SIZE=1024 OUTER_ROW_NUM=1 OUTER_COL_NUM=4 OUTER_VEC_BLK=6
EXECUTING: numactl --interleave=all /home/chrisarg/software-dev/Bit/scripts/../build/openmp_bit_nogpu 65536 1024 1024 20
COMPILING: make -C /home/chrisarg/software-dev/Bit/scripts/.. -f Makefile -B build/openmp_bit_nogpu GPU=NONE LIBPOPCNT=1 CPU_TILE=64 BITVECTOR_TILE=512 BUFFER_SIZE=4096 OUTER_ROW_NUM=6 OUTER_COL_NUM=3 OUTER_VEC_BLK=3
EXECUTING: numactl --interleave=all /home/chrisarg/software-dev/Bit/scripts/../build/openmp_bit_nogpu 262144 1024 1024 20
COMPILING: make -C /home/chrisarg/software-dev/Bit/scripts/.. -f Makefile -B build/openmp_bit_nogpu GPU=NONE LIBPOPCNT=1 CPU_TILE=32 BITVECTOR_TILE=2048 BUFFER_SIZE=4096 OUTER_ROW_NUM=5 OUTER_COL_NUM=5 OUTER_VEC_BLK=3
EXECUTING: numactl --interleave=all /home/chrisarg/software-dev/Bit/scripts/../build/openmp_bit_nogpu 65536 1024 1024 20
COMPILING: make -C /home/chrisarg/software-dev/Bit/scripts/.. -f Makefile -B build/openmp_bit_nogpu GPU=NONE LIBPOPCNT=1 CPU_TILE=32 BITVECTOR_TILE=2048 BUFFER_SIZE=1024 OUTER_ROW_NUM=1 OUTER_COL_NUM=1 OUTER_VEC_BLK=3
EXECUTING: numactl --interleave=all /home/chrisarg/software-dev/Bit/scripts/../build/openmp_bit_nogpu 262144 1024 1024 20
COMPILING: make -C /home/chrisarg/software-dev/Bit/scripts/.. -f Makefile -B build/openmp_bit_nogpu GPU=NONE LIBPOPCNT=0 CPU_TILE=16 BITVECTOR_TILE=2048 BUFFER_SIZE=512 OUTER_ROW_NUM=4 OUTER_COL_NUM=6 OUTER_VEC_BLK=6
EXECUTING: numactl --interleave=all /home/chrisarg/software-dev/Bit/scripts/../build/openmp_bit_nogpu 65536 1024 1024 20
COMPILING: make -C /home/chrisarg/software-dev/Bit/scripts/.. -f Makefile -B build/openmp_bit_nogpu GPU=NONE LIBPOPCNT=0 CPU_TILE=32 BITVECTOR_TILE=1024 BUFFER_SIZE=1024 OUTER_ROW_NUM=2 OUTER_COL_NUM=4 OUTER_VEC_BLK=6
EXECUTING: numactl --interleave=all /home/chrisarg/software-dev/Bit/scripts/../build/openmp_bit_nogpu 65536 1024 1024 20
COMPILING: make -C /home/chrisarg/software-dev/Bit/scripts/.. -f Makefile -B build/openmp_bit_nogpu GPU=NONE LIBPOPCNT=0 CPU_TILE=64 BITVECTOR_TILE=512 BUFFER_SIZE=1024 OUTER_ROW_NUM=2 OUTER_COL_NUM=3 OUTER_VEC_BLK=8
EXECUTING: numactl --interleave=all /home/chrisarg/software-dev/Bit/scripts/../build/openmp_bit_nogpu 65536 1024 1024 20
COMPILING: make -C /home/chrisarg/software-dev/Bit/scripts/.. -f Makefile -B build/openmp_bit_nogpu GPU=NONE LIBPOPCNT=0 CPU_TILE=64 BITVECTOR_TILE=2048 BUFFER_SIZE=1024 OUTER_ROW_NUM=2 OUTER_COL_NUM=5 OUTER_VEC_BLK=8
EXECUTING: numactl --interleave=all /home/chrisarg/software-dev/Bit/scripts/../build/openmp_bit_nogpu 262144 1024 1024 20
COMPILING: make -C /home/chrisarg/software-dev/Bit/scripts/.. -f Makefile -B build/openmp_bit_nogpu GPU=NONE LIBPOPCNT=0 CPU_TILE=32 BITVECTOR_TILE=2048 BUFFER_SIZE=128 OUTER_ROW_NUM=4 OUTER_COL_NUM=4 OUTER_VEC_BLK=8
EXECUTING: numactl --interleave=all /home/chrisarg/software-dev/Bit/scripts/../build/openmp_bit_nogpu 262144 1024 1024 20
COMPILING: make -C /home/chrisarg/software-dev/Bit/scripts/.. -f Makefile -B build/openmp_bit_nogpu GPU=NONE LIBPOPCNT=1 CPU_TILE=64 BITVECTOR_TILE=1024 BUFFER_SIZE=4096 OUTER_ROW_NUM=3 OUTER_COL_NUM=2 OUTER_VEC_BLK=8
EXECUTING: numactl --interleave=all /home/chrisarg/software-dev/Bit/scripts/../build/openmp_bit_nogpu 262144 1024 1024 20
COMPILING: make -C /home/chrisarg/software-dev/Bit/scripts/.. -f Makefile -B build/openmp_bit_nogpu GPU=NONE LIBPOPCNT=0 CPU_TILE=16 BITVECTOR_TILE=512 BUFFER_SIZE=256 OUTER_ROW_NUM=4 OUTER_COL_NUM=4 OUTER_VEC_BLK=8
EXECUTING: numactl --interleave=all /home/chrisarg/software-dev/Bit/scripts/../build/openmp_bit_nogpu 65536 1024 1024 20
COMPILING: make -C /home/chrisarg/software-dev/Bit/scripts/.. -f Makefile -B build/openmp_bit_nogpu GPU=NONE LIBPOPCNT=0 CPU_TILE=32 BITVECTOR_TILE=512 BUFFER_SIZE=4096 OUTER_ROW_NUM=6 OUTER_COL_NUM=3 OUTER_VEC_BLK=6
EXECUTING: numactl --interleave=all /home/chrisarg/software-dev/Bit/scripts/../build/openmp_bit_nogpu 65536 1024 1024 20
COMPILING: make -C /home/chrisarg/software-dev/Bit/scripts/.. -f Makefile -B build/openmp_bit_nogpu GPU=NONE LIBPOPCNT=0 CPU_TILE=32 BITVECTOR_TILE=1024 BUFFER_SIZE=1024 OUTER_ROW_NUM=1 OUTER_COL_NUM=1 OUTER_VEC_BLK=4
EXECUTING: numactl --interleave=all /home/chrisarg/software-dev/Bit/scripts/../build/openmp_bit_nogpu 262144 1024 1024 20
COMPILING: make -C /home/chrisarg/software-dev/Bit/scripts/.. -f Makefile -B build/openmp_bit_nogpu GPU=NONE LIBPOPCNT=1 CPU_TILE=16 BITVECTOR_TILE=512 BUFFER_SIZE=512 OUTER_ROW_NUM=1 OUTER_COL_NUM=2 OUTER_VEC_BLK=6
EXECUTING: numactl --interleave=all /home/chrisarg/software-dev/Bit/scripts/../build/openmp_bit_nogpu 262144 1024 1024 20
COMPILING: make -C /home/chrisarg/software-dev/Bit/scripts/.. -f Makefile -B build/openmp_bit_nogpu GPU=NONE LIBPOPCNT=1 CPU_TILE=16 BITVECTOR_TILE=512 BUFFER_SIZE=512 OUTER_ROW_NUM=5 OUTER_COL_NUM=4 OUTER_VEC_BLK=3
EXECUTING: numactl --interleave=all /home/chrisarg/software-dev/Bit/scripts/../build/openmp_bit_nogpu 262144 1024 1024 20
COMPILING: make -C /home/chrisarg/software-dev/Bit/scripts/.. -f Makefile -B build/openmp_bit_nogpu GPU=NONE LIBPOPCNT=1 CPU_TILE=32 BITVECTOR_TILE=512 BUFFER_SIZE=4096 OUTER_ROW_NUM=5 OUTER_COL_NUM=3 OUTER_VEC_BLK=3
EXECUTING: numactl --interleave=all /home/chrisarg/software-dev/Bit/scripts/../build/openmp_bit_nogpu 65536 1024 1024 20
COMPILING: make -C /home/chrisarg/software-dev/Bit/scripts/.. -f Makefile -B build/openmp_bit_nogpu GPU=NONE LIBPOPCNT=1 CPU_TILE=32 BITVECTOR_TILE=2048 BUFFER_SIZE=512 OUTER_ROW_NUM=6 OUTER_COL_NUM=4 OUTER_VEC_BLK=6
EXECUTING: numactl --interleave=all /home/chrisarg/software-dev/Bit/scripts/../build/openmp_bit_nogpu 65536 1024 1024 20
COMPILING: make -C /home/chrisarg/software-dev/Bit/scripts/.. -f Makefile -B build/openmp_bit_nogpu GPU=NONE LIBPOPCNT=1 CPU_TILE=32 BITVECTOR_TILE=512 BUFFER_SIZE=512 OUTER_ROW_NUM=6 OUTER_COL_NUM=5 OUTER_VEC_BLK=8
EXECUTING: numactl --interleave=all /home/chrisarg/software-dev/Bit/scripts/../build/openmp_bit_nogpu 262144 1024 1024 20
COMPILING: make -C /home/chrisarg/software-dev/Bit/scripts/.. -f Makefile -B build/openmp_bit_nogpu GPU=NONE LIBPOPCNT=1 CPU_TILE=64 BITVECTOR_TILE=2048 BUFFER_SIZE=1024 OUTER_ROW_NUM=5 OUTER_COL_NUM=4 OUTER_VEC_BLK=6
EXECUTING: numactl --interleave=all /home/chrisarg/software-dev/Bit/scripts/../build/openmp_bit_nogpu 65536 1024 1024 20
COMPILING: make -C /home/chrisarg/software-dev/Bit/scripts/.. -f Makefile -B build/openmp_bit_nogpu GPU=NONE LIBPOPCNT=0 CPU_TILE=64 BITVECTOR_TILE=1024 BUFFER_SIZE=256 OUTER_ROW_NUM=3 OUTER_COL_NUM=1 OUTER_VEC_BLK=4
EXECUTING: numactl --interleave=all /home/chrisarg/software-dev/Bit/scripts/../build/openmp_bit_nogpu 262144 1024 1024 20
COMPILING: make -C /home/chrisarg/software-dev/Bit/scripts/.. -f Makefile -B build/openmp_bit_nogpu GPU=NONE LIBPOPCNT=1 CPU_TILE=32 BITVECTOR_TILE=2048 BUFFER_SIZE=512 OUTER_ROW_NUM=6 OUTER_COL_NUM=1 OUTER_VEC_BLK=4
EXECUTING: numactl --interleave=all /home/chrisarg/software-dev/Bit/scripts/../build/openmp_bit_nogpu 65536 1024 1024 20
COMPILING: make -C /home/chrisarg/software-dev/Bit/scripts/.. -f Makefile -B build/openmp_bit_nogpu GPU=NONE LIBPOPCNT=1 CPU_TILE=64 BITVECTOR_TILE=512 BUFFER_SIZE=1024 OUTER_ROW_NUM=1 OUTER_COL_NUM=2 OUTER_VEC_BLK=2
EXECUTING: numactl --interleave=all /home/chrisarg/software-dev/Bit/scripts/../build/openmp_bit_nogpu 262144 1024 1024 20
COMPILING: make -C /home/chrisarg/software-dev/Bit/scripts/.. -f Makefile -B build/openmp_bit_nogpu GPU=NONE LIBPOPCNT=1 CPU_TILE=16 BITVECTOR_TILE=2048 BUFFER_SIZE=512 OUTER_ROW_NUM=3 OUTER_COL_NUM=3 OUTER_VEC_BLK=8
EXECUTING: numactl --interleave=all /home/chrisarg/software-dev/Bit/scripts/../build/openmp_bit_nogpu 65536 1024 1024 20
COMPILING: make -C /home/chrisarg/software-dev/Bit/scripts/.. -f Makefile -B build/openmp_bit_nogpu GPU=NONE LIBPOPCNT=0 CPU_TILE=64 BITVECTOR_TILE=512 BUFFER_SIZE=1024 OUTER_ROW_NUM=5 OUTER_COL_NUM=4 OUTER_VEC_BLK=3
EXECUTING: numactl --interleave=all /home/chrisarg/software-dev/Bit/scripts/../build/openmp_bit_nogpu 262144 1024 1024 20
COMPILING: make -C /home/chrisarg/software-dev/Bit/scripts/.. -f Makefile -B build/openmp_bit_nogpu GPU=NONE LIBPOPCNT=1 CPU_TILE=16 BITVECTOR_TILE=512 BUFFER_SIZE=512 OUTER_ROW_NUM=4 OUTER_COL_NUM=1 OUTER_VEC_BLK=6
EXECUTING: numactl --interleave=all /home/chrisarg/software-dev/Bit/scripts/../build/openmp_bit_nogpu 262144 1024 1024 20
COMPILING: make -C /home/chrisarg/software-dev/Bit/scripts/.. -f Makefile -B build/openmp_bit_nogpu GPU=NONE LIBPOPCNT=0 CPU_TILE=64 BITVECTOR_TILE=1024 BUFFER_SIZE=512 OUTER_ROW_NUM=6 OUTER_COL_NUM=6 OUTER_VEC_BLK=8
EXECUTING: numactl --interleave=all /home/chrisarg/software-dev/Bit/scripts/../build/openmp_bit_nogpu 262144 1024 1024 20
COMPILING: make -C /home/chrisarg/software-dev/Bit/scripts/.. -f Makefile -B build/openmp_bit_nogpu GPU=NONE LIBPOPCNT=0 CPU_TILE=64 BITVECTOR_TILE=1024 BUFFER_SIZE=512 OUTER_ROW_NUM=2 OUTER_COL_NUM=2 OUTER_VEC_BLK=4
EXECUTING: numactl --interleave=all /home/chrisarg/software-dev/Bit/scripts/../build/openmp_bit_nogpu 262144 1024 1024 20
COMPILING: make -C /home/chrisarg/software-dev/Bit/scripts/.. -f Makefile -B build/openmp_bit_nogpu GPU=NONE LIBPOPCNT=0 CPU_TILE=32 BITVECTOR_TILE=2048 BUFFER_SIZE=128 OUTER_ROW_NUM=1 OUTER_COL_NUM=2 OUTER_VEC_BLK=1
EXECUTING: numactl --interleave=all /home/chrisarg/software-dev/Bit/scripts/../build/openmp_bit_nogpu 65536 1024 1024 20
COMPILING: make -C /home/chrisarg/software-dev/Bit/scripts/.. -f Makefile -B build/openmp_bit_nogpu GPU=NONE LIBPOPCNT=0 CPU_TILE=32 BITVECTOR_TILE=2048 BUFFER_SIZE=128 OUTER_ROW_NUM=5 OUTER_COL_NUM=5 OUTER_VEC_BLK=2
EXECUTING: numactl --interleave=all /home/chrisarg/software-dev/Bit/scripts/../build/openmp_bit_nogpu 65536 1024 1024 20
COMPILING: make -C /home/chrisarg/software-dev/Bit/scripts/.. -f Makefile -B build/openmp_bit_nogpu GPU=NONE LIBPOPCNT=0 CPU_TILE=16 BITVECTOR_TILE=1024 BUFFER_SIZE=128 OUTER_ROW_NUM=3 OUTER_COL_NUM=1 OUTER_VEC_BLK=3
EXECUTING: numactl --interleave=all /home/chrisarg/software-dev/Bit/scripts/../build/openmp_bit_nogpu 65536 1024 1024 20
COMPILING: make -C /home/chrisarg/software-dev/Bit/scripts/.. -f Makefile -B build/openmp_bit_nogpu GPU=NONE LIBPOPCNT=0 CPU_TILE=16 BITVECTOR_TILE=1024 BUFFER_SIZE=256 OUTER_ROW_NUM=5 OUTER_COL_NUM=2 OUTER_VEC_BLK=4
EXECUTING: numactl --interleave=all /home/chrisarg/software-dev/Bit/scripts/../build/openmp_bit_nogpu 65536 1024 1024 20
COMPILING: make -C /home/chrisarg/software-dev/Bit/scripts/.. -f Makefile -B build/openmp_bit_nogpu GPU=NONE LIBPOPCNT=1 CPU_TILE=16 BITVECTOR_TILE=1024 BUFFER_SIZE=512 OUTER_ROW_NUM=3 OUTER_COL_NUM=3 OUTER_VEC_BLK=1
EXECUTING: numactl --interleave=all /home/chrisarg/software-dev/Bit/scripts/../build/openmp_bit_nogpu 262144 1024 1024 20
COMPILING: make -C /home/chrisarg/software-dev/Bit/scripts/.. -f Makefile -B build/openmp_bit_nogpu GPU=NONE LIBPOPCNT=1 CPU_TILE=64 BITVECTOR_TILE=1024 BUFFER_SIZE=4096 OUTER_ROW_NUM=2 OUTER_COL_NUM=6 OUTER_VEC_BLK=6
EXECUTING: numactl --interleave=all /home/chrisarg/software-dev/Bit/scripts/../build/openmp_bit_nogpu 262144 1024 1024 20
COMPILING: make -C /home/chrisarg/software-dev/Bit/scripts/.. -f Makefile -B build/openmp_bit_nogpu GPU=NONE LIBPOPCNT=1 CPU_TILE=32 BITVECTOR_TILE=1024 BUFFER_SIZE=256 OUTER_ROW_NUM=6 OUTER_COL_NUM=6 OUTER_VEC_BLK=8
EXECUTING: numactl --interleave=all /home/chrisarg/software-dev/Bit/scripts/../build/openmp_bit_nogpu 65536 1024 1024 20
COMPILING: make -C /home/chrisarg/software-dev/Bit/scripts/.. -f Makefile -B build/openmp_bit_nogpu GPU=NONE LIBPOPCNT=0 CPU_TILE=16 BITVECTOR_TILE=2048 BUFFER_SIZE=512 OUTER_ROW_NUM=3 OUTER_COL_NUM=1 OUTER_VEC_BLK=4
EXECUTING: numactl --interleave=all /home/chrisarg/software-dev/Bit/scripts/../build/openmp_bit_nogpu 262144 1024 1024 20
COMPILING: make -C /home/chrisarg/software-dev/Bit/scripts/.. -f Makefile -B build/openmp_bit_nogpu GPU=NONE LIBPOPCNT=0 CPU_TILE=64 BITVECTOR_TILE=1024 BUFFER_SIZE=256 OUTER_ROW_NUM=2 OUTER_COL_NUM=4 OUTER_VEC_BLK=3
EXECUTING: numactl --interleave=all /home/chrisarg/software-dev/Bit/scripts/../build/openmp_bit_nogpu 65536 1024 1024 20
COMPILING: make -C /home/chrisarg/software-dev/Bit/scripts/.. -f Makefile -B build/openmp_bit_nogpu GPU=NONE LIBPOPCNT=0 CPU_TILE=64 BITVECTOR_TILE=512 BUFFER_SIZE=4096 OUTER_ROW_NUM=1 OUTER_COL_NUM=4 OUTER_VEC_BLK=2
EXECUTING: numactl --interleave=all /home/chrisarg/software-dev/Bit/scripts/../build/openmp_bit_nogpu 65536 1024 1024 20
COMPILING: make -C /home/chrisarg/software-dev/Bit/scripts/.. -f Makefile -B build/openmp_bit_nogpu GPU=NONE LIBPOPCNT=0 CPU_TILE=64 BITVECTOR_TILE=512 BUFFER_SIZE=512 OUTER_ROW_NUM=3 OUTER_COL_NUM=5 OUTER_VEC_BLK=6
EXECUTING: numactl --interleave=all /home/chrisarg/software-dev/Bit/scripts/../build/openmp_bit_nogpu 262144 1024 1024 20
COMPILING: make -C /home/chrisarg/software-dev/Bit/scripts/.. -f Makefile -B build/openmp_bit_nogpu GPU=NONE LIBPOPCNT=1 CPU_TILE=16 BITVECTOR_TILE=1024 BUFFER_SIZE=256 OUTER_ROW_NUM=3 OUTER_COL_NUM=6 OUTER_VEC_BLK=3
EXECUTING: numactl --interleave=all /home/chrisarg/software-dev/Bit/scripts/../build/openmp_bit_nogpu 262144 1024 1024 20
COMPILING: make -C /home/chrisarg/software-dev/Bit/scripts/.. -f Makefile -B build/openmp_bit_nogpu GPU=NONE LIBPOPCNT=1 CPU_TILE=32 BITVECTOR_TILE=512 BUFFER_SIZE=4096 OUTER_ROW_NUM=6 OUTER_COL_NUM=2 OUTER_VEC_BLK=3
EXECUTING: numactl --interleave=all /home/chrisarg/software-dev/Bit/scripts/../build/openmp_bit_nogpu 65536 1024 1024 20
COMPILING: make -C /home/chrisarg/software-dev/Bit/scripts/.. -f Makefile -B build/openmp_bit_nogpu GPU=NONE LIBPOPCNT=1 CPU_TILE=32 BITVECTOR_TILE=512 BUFFER_SIZE=1024 OUTER_ROW_NUM=2 OUTER_COL_NUM=1 OUTER_VEC_BLK=4
EXECUTING: numactl --interleave=all /home/chrisarg/software-dev/Bit/scripts/../build/openmp_bit_nogpu 262144 1024 1024 20
COMPILING: make -C /home/chrisarg/software-dev/Bit/scripts/.. -f Makefile -B build/openmp_bit_nogpu GPU=NONE LIBPOPCNT=1 CPU_TILE=16 BITVECTOR_TILE=1024 BUFFER_SIZE=256 OUTER_ROW_NUM=2 OUTER_COL_NUM=4 OUTER_VEC_BLK=1
EXECUTING: numactl --interleave=all /home/chrisarg/software-dev/Bit/scripts/../build/openmp_bit_nogpu 262144 1024 1024 20
COMPILING: make -C /home/chrisarg/software-dev/Bit/scripts/.. -f Makefile -B build/openmp_bit_nogpu GPU=NONE LIBPOPCNT=1 CPU_TILE=16 BITVECTOR_TILE=1024 BUFFER_SIZE=4096 OUTER_ROW_NUM=6 OUTER_COL_NUM=4 OUTER_VEC_BLK=8
EXECUTING: numactl --interleave=all /home/chrisarg/software-dev/Bit/scripts/../build/openmp_bit_nogpu 65536 1024 1024 20
COMPILING: make -C /home/chrisarg/software-dev/Bit/scripts/.. -f Makefile -B build/openmp_bit_nogpu GPU=NONE LIBPOPCNT=1 CPU_TILE=32 BITVECTOR_TILE=512 BUFFER_SIZE=128 OUTER_ROW_NUM=6 OUTER_COL_NUM=1 OUTER_VEC_BLK=4
EXECUTING: numactl --interleave=all /home/chrisarg/software-dev/Bit/scripts/../build/openmp_bit_nogpu 65536 1024 1024 20
COMPILING: make -C /home/chrisarg/software-dev/Bit/scripts/.. -f Makefile -B build/openmp_bit_nogpu GPU=NONE LIBPOPCNT=1 CPU_TILE=64 BITVECTOR_TILE=1024 BUFFER_SIZE=256 OUTER_ROW_NUM=6 OUTER_COL_NUM=4 OUTER_VEC_BLK=1
EXECUTING: numactl --interleave=all /home/chrisarg/software-dev/Bit/scripts/../build/openmp_bit_nogpu 65536 1024 1024 20
COMPILING: make -C /home/chrisarg/software-dev/Bit/scripts/.. -f Makefile -B build/openmp_bit_nogpu GPU=NONE LIBPOPCNT=0 CPU_TILE=64 BITVECTOR_TILE=2048 BUFFER_SIZE=512 OUTER_ROW_NUM=2 OUTER_COL_NUM=2 OUTER_VEC_BLK=4
EXECUTING: numactl --interleave=all /home/chrisarg/software-dev/Bit/scripts/../build/openmp_bit_nogpu 262144 1024 1024 20
COMPILING: make -C /home/chrisarg/software-dev/Bit/scripts/.. -f Makefile -B build/openmp_bit_nogpu GPU=NONE LIBPOPCNT=0 CPU_TILE=16 BITVECTOR_TILE=512 BUFFER_SIZE=1024 OUTER_ROW_NUM=2 OUTER_COL_NUM=5 OUTER_VEC_BLK=3
EXECUTING: numactl --interleave=all /home/chrisarg/software-dev/Bit/scripts/../build/openmp_bit_nogpu 262144 1024 1024 20
COMPILING: make -C /home/chrisarg/software-dev/Bit/scripts/.. -f Makefile -B build/openmp_bit_nogpu GPU=NONE LIBPOPCNT=1 CPU_TILE=64 BITVECTOR_TILE=2048 BUFFER_SIZE=256 OUTER_ROW_NUM=2 OUTER_COL_NUM=1 OUTER_VEC_BLK=1
EXECUTING: numactl --interleave=all /home/chrisarg/software-dev/Bit/scripts/../build/openmp_bit_nogpu 262144 1024 1024 20
COMPILING: make -C /home/chrisarg/software-dev/Bit/scripts/.. -f Makefile -B build/openmp_bit_nogpu GPU=NONE LIBPOPCNT=1 CPU_TILE=32 BITVECTOR_TILE=1024 BUFFER_SIZE=128 OUTER_ROW_NUM=1 OUTER_COL_NUM=6 OUTER_VEC_BLK=1
EXECUTING: numactl --interleave=all /home/chrisarg/software-dev/Bit/scripts/../build/openmp_bit_nogpu 262144 1024 1024 20
COMPILING: make -C /home/chrisarg/software-dev/Bit/scripts/.. -f Makefile -B build/openmp_bit_nogpu GPU=NONE LIBPOPCNT=1 CPU_TILE=32 BITVECTOR_TILE=512 BUFFER_SIZE=512 OUTER_ROW_NUM=4 OUTER_COL_NUM=1 OUTER_VEC_BLK=1
EXECUTING: numactl --interleave=all /home/chrisarg/software-dev/Bit/scripts/../build/openmp_bit_nogpu 262144 1024 1024 20
COMPILING: make -C /home/chrisarg/software-dev/Bit/scripts/.. -f Makefile -B build/openmp_bit_nogpu GPU=NONE LIBPOPCNT=1 CPU_TILE=32 BITVECTOR_TILE=512 BUFFER_SIZE=1024 OUTER_ROW_NUM=6 OUTER_COL_NUM=4 OUTER_VEC_BLK=6
EXECUTING: numactl --interleave=all /home/chrisarg/software-dev/Bit/scripts/../build/openmp_bit_nogpu 65536 1024 1024 20
COMPILING: make -C /home/chrisarg/software-dev/Bit/scripts/.. -f Makefile -B build/openmp_bit_nogpu GPU=NONE LIBPOPCNT=0 CPU_TILE=64 BITVECTOR_TILE=512 BUFFER_SIZE=512 OUTER_ROW_NUM=3 OUTER_COL_NUM=3 OUTER_VEC_BLK=1
EXECUTING: numactl --interleave=all /home/chrisarg/software-dev/Bit/scripts/../build/openmp_bit_nogpu 65536 1024 1024 20
COMPILING: make -C /home/chrisarg/software-dev/Bit/scripts/.. -f Makefile -B build/openmp_bit_nogpu GPU=NONE LIBPOPCNT=1 CPU_TILE=32 BITVECTOR_TILE=2048 BUFFER_SIZE=4096 OUTER_ROW_NUM=5 OUTER_COL_NUM=2 OUTER_VEC_BLK=8
EXECUTING: numactl --interleave=all /home/chrisarg/software-dev/Bit/scripts/../build/openmp_bit_nogpu 65536 1024 1024 20
COMPILING: make -C /home/chrisarg/software-dev/Bit/scripts/.. -f Makefile -B build/openmp_bit_nogpu GPU=NONE LIBPOPCNT=0 CPU_TILE=64 BITVECTOR_TILE=2048 BUFFER_SIZE=1024 OUTER_ROW_NUM=3 OUTER_COL_NUM=5 OUTER_VEC_BLK=4
EXECUTING: numactl --interleave=all /home/chrisarg/software-dev/Bit/scripts/../build/openmp_bit_nogpu 65536 1024 1024 20
COMPILING: make -C /home/chrisarg/software-dev/Bit/scripts/.. -f Makefile -B build/openmp_bit_nogpu GPU=NONE LIBPOPCNT=1 CPU_TILE=64 BITVECTOR_TILE=1024 BUFFER_SIZE=4096 OUTER_ROW_NUM=4 OUTER_COL_NUM=2 OUTER_VEC_BLK=4
EXECUTING: numactl --interleave=all /home/chrisarg/software-dev/Bit/scripts/../build/openmp_bit_nogpu 262144 1024 1024 20
COMPILING: make -C /home/chrisarg/software-dev/Bit/scripts/.. -f Makefile -B build/openmp_bit_nogpu GPU=NONE LIBPOPCNT=1 CPU_TILE=16 BITVECTOR_TILE=2048 BUFFER_SIZE=1024 OUTER_ROW_NUM=4 OUTER_COL_NUM=3 OUTER_VEC_BLK=6
EXECUTING: numactl --interleave=all /home/chrisarg/software-dev/Bit/scripts/../build/openmp_bit_nogpu 65536 1024 1024 20
COMPILING: make -C /home/chrisarg/software-dev/Bit/scripts/.. -f Makefile -B build/openmp_bit_nogpu GPU=NONE LIBPOPCNT=0 CPU_TILE=16 BITVECTOR_TILE=2048 BUFFER_SIZE=128 OUTER_ROW_NUM=4 OUTER_COL_NUM=6 OUTER_VEC_BLK=6
EXECUTING: numactl --interleave=all /home/chrisarg/software-dev/Bit/scripts/../build/openmp_bit_nogpu 65536 1024 1024 20
COMPILING: make -C /home/chrisarg/software-dev/Bit/scripts/.. -f Makefile -B build/openmp_bit_nogpu GPU=NONE LIBPOPCNT=1 CPU_TILE=16 BITVECTOR_TILE=2048 BUFFER_SIZE=1024 OUTER_ROW_NUM=6 OUTER_COL_NUM=4 OUTER_VEC_BLK=1
EXECUTING: numactl --interleave=all /home/chrisarg/software-dev/Bit/scripts/../build/openmp_bit_nogpu 262144 1024 1024 20
COMPILING: make -C /home/chrisarg/software-dev/Bit/scripts/.. -f Makefile -B build/openmp_bit_nogpu GPU=NONE LIBPOPCNT=1 CPU_TILE=32 BITVECTOR_TILE=512 BUFFER_SIZE=1024 OUTER_ROW_NUM=6 OUTER_COL_NUM=4 OUTER_VEC_BLK=8
EXECUTING: numactl --interleave=all /home/chrisarg/software-dev/Bit/scripts/../build/openmp_bit_nogpu 262144 1024 1024 20
COMPILING: make -C /home/chrisarg/software-dev/Bit/scripts/.. -f Makefile -B build/openmp_bit_nogpu GPU=NONE LIBPOPCNT=0 CPU_TILE=16 BITVECTOR_TILE=1024 BUFFER_SIZE=1024 OUTER_ROW_NUM=6 OUTER_COL_NUM=3 OUTER_VEC_BLK=1
EXECUTING: numactl --interleave=all /home/chrisarg/software-dev/Bit/scripts/../build/openmp_bit_nogpu 262144 1024 1024 20
COMPILING: make -C /home/chrisarg/software-dev/Bit/scripts/.. -f Makefile -B build/openmp_bit_nogpu GPU=NONE LIBPOPCNT=0 CPU_TILE=16 BITVECTOR_TILE=512 BUFFER_SIZE=128 OUTER_ROW_NUM=2 OUTER_COL_NUM=1 OUTER_VEC_BLK=2
EXECUTING: numactl --interleave=all /home/chrisarg/software-dev/Bit/scripts/../build/openmp_bit_nogpu 262144 1024 1024 20
COMPILING: make -C /home/chrisarg/software-dev/Bit/scripts/.. -f Makefile -B build/openmp_bit_nogpu GPU=NONE LIBPOPCNT=0 CPU_TILE=16 BITVECTOR_TILE=1024 BUFFER_SIZE=1024 OUTER_ROW_NUM=1 OUTER_COL_NUM=5 OUTER_VEC_BLK=6
EXECUTING: numactl --interleave=all /home/chrisarg/software-dev/Bit/scripts/../build/openmp_bit_nogpu 262144 1024 1024 20
COMPILING: make -C /home/chrisarg/software-dev/Bit/scripts/.. -f Makefile -B build/openmp_bit_nogpu GPU=NONE LIBPOPCNT=1 CPU_TILE=16 BITVECTOR_TILE=1024 BUFFER_SIZE=4096 OUTER_ROW_NUM=2 OUTER_COL_NUM=3 OUTER_VEC_BLK=3
EXECUTING: numactl --interleave=all /home/chrisarg/software-dev/Bit/scripts/../build/openmp_bit_nogpu 262144 1024 1024 20
COMPILING: make -C /home/chrisarg/software-dev/Bit/scripts/.. -f Makefile -B build/openmp_bit_nogpu GPU=NONE LIBPOPCNT=1 CPU_TILE=64 BITVECTOR_TILE=512 BUFFER_SIZE=256 OUTER_ROW_NUM=6 OUTER_COL_NUM=3 OUTER_VEC_BLK=6
EXECUTING: numactl --interleave=all /home/chrisarg/software-dev/Bit/scripts/../build/openmp_bit_nogpu 262144 1024 1024 20
COMPILING: make -C /home/chrisarg/software-dev/Bit/scripts/.. -f Makefile -B build/openmp_bit_nogpu GPU=NONE LIBPOPCNT=1 CPU_TILE=16 BITVECTOR_TILE=512 BUFFER_SIZE=4096 OUTER_ROW_NUM=5 OUTER_COL_NUM=2 OUTER_VEC_BLK=6
EXECUTING: numactl --interleave=all /home/chrisarg/software-dev/Bit/scripts/../build/openmp_bit_nogpu 262144 1024 1024 20
COMPILING: make -C /home/chrisarg/software-dev/Bit/scripts/.. -f Makefile -B build/openmp_bit_nogpu GPU=NONE LIBPOPCNT=0 CPU_TILE=64 BITVECTOR_TILE=512 BUFFER_SIZE=128 OUTER_ROW_NUM=5 OUTER_COL_NUM=5 OUTER_VEC_BLK=6
EXECUTING: numactl --interleave=all /home/chrisarg/software-dev/Bit/scripts/../build/openmp_bit_nogpu 262144 1024 1024 20
COMPILING: make -C /home/chrisarg/software-dev/Bit/scripts/.. -f Makefile -B build/openmp_bit_nogpu GPU=NONE LIBPOPCNT=1 CPU_TILE=16 BITVECTOR_TILE=512 BUFFER_SIZE=4096 OUTER_ROW_NUM=3 OUTER_COL_NUM=4 OUTER_VEC_BLK=4
EXECUTING: numactl --interleave=all /home/chrisarg/software-dev/Bit/scripts/../build/openmp_bit_nogpu 262144 1024 1024 20
COMPILING: make -C /home/chrisarg/software-dev/Bit/scripts/.. -f Makefile -B build/openmp_bit_nogpu GPU=NONE LIBPOPCNT=1 CPU_TILE=16 BITVECTOR_TILE=2048 BUFFER_SIZE=512 OUTER_ROW_NUM=6 OUTER_COL_NUM=2 OUTER_VEC_BLK=1
EXECUTING: numactl --interleave=all /home/chrisarg/software-dev/Bit/scripts/../build/openmp_bit_nogpu 262144 1024 1024 20
COMPILING: make -C /home/chrisarg/software-dev/Bit/scripts/.. -f Makefile -B build/openmp_bit_nogpu GPU=NONE LIBPOPCNT=0 CPU_TILE=32 BITVECTOR_TILE=512 BUFFER_SIZE=512 OUTER_ROW_NUM=6 OUTER_COL_NUM=2 OUTER_VEC_BLK=6
EXECUTING: numactl --interleave=all /home/chrisarg/software-dev/Bit/scripts/../build/openmp_bit_nogpu 262144 1024 1024 20
COMPILING: make -C /home/chrisarg/software-dev/Bit/scripts/.. -f Makefile -B build/openmp_bit_nogpu GPU=NONE LIBPOPCNT=0 CPU_TILE=32 BITVECTOR_TILE=2048 BUFFER_SIZE=256 OUTER_ROW_NUM=2 OUTER_COL_NUM=1 OUTER_VEC_BLK=4
EXECUTING: numactl --interleave=all /home/chrisarg/software-dev/Bit/scripts/../build/openmp_bit_nogpu 262144 1024 1024 20
COMPILING: make -C /home/chrisarg/software-dev/Bit/scripts/.. -f Makefile -B build/openmp_bit_nogpu GPU=NONE LIBPOPCNT=0 CPU_TILE=32 BITVECTOR_TILE=512 BUFFER_SIZE=512 OUTER_ROW_NUM=1 OUTER_COL_NUM=2 OUTER_VEC_BLK=6
EXECUTING: numactl --interleave=all /home/chrisarg/software-dev/Bit/scripts/../build/openmp_bit_nogpu 262144 1024 1024 20
COMPILING: make -C /home/chrisarg/software-dev/Bit/scripts/.. -f Makefile -B build/openmp_bit_nogpu GPU=NONE LIBPOPCNT=1 CPU_TILE=16 BITVECTOR_TILE=512 BUFFER_SIZE=128 OUTER_ROW_NUM=4 OUTER_COL_NUM=3 OUTER_VEC_BLK=2
EXECUTING: numactl --interleave=all /home/chrisarg/software-dev/Bit/scripts/../build/openmp_bit_nogpu 65536 1024 1024 20
COMPILING: make -C /home/chrisarg/software-dev/Bit/scripts/.. -f Makefile -B build/openmp_bit_nogpu GPU=NONE LIBPOPCNT=1 CPU_TILE=16 BITVECTOR_TILE=512 BUFFER_SIZE=128 OUTER_ROW_NUM=1 OUTER_COL_NUM=1 OUTER_VEC_BLK=8
EXECUTING: numactl --interleave=all /home/chrisarg/software-dev/Bit/scripts/../build/openmp_bit_nogpu 262144 1024 1024 20
COMPILING: make -C /home/chrisarg/software-dev/Bit/scripts/.. -f Makefile -B build/openmp_bit_nogpu GPU=NONE LIBPOPCNT=1 CPU_TILE=16 BITVECTOR_TILE=2048 BUFFER_SIZE=1024 OUTER_ROW_NUM=1 OUTER_COL_NUM=1 OUTER_VEC_BLK=6
EXECUTING: numactl --interleave=all /home/chrisarg/software-dev/Bit/scripts/../build/openmp_bit_nogpu 262144 1024 1024 20
COMPILING: make -C /home/chrisarg/software-dev/Bit/scripts/.. -f Makefile -B build/openmp_bit_nogpu GPU=NONE LIBPOPCNT=0 CPU_TILE=16 BITVECTOR_TILE=1024 BUFFER_SIZE=4096 OUTER_ROW_NUM=4 OUTER_COL_NUM=3 OUTER_VEC_BLK=2
EXECUTING: numactl --interleave=all /home/chrisarg/software-dev/Bit/scripts/../build/openmp_bit_nogpu 262144 1024 1024 20
COMPILING: make -C /home/chrisarg/software-dev/Bit/scripts/.. -f Makefile -B build/openmp_bit_nogpu GPU=NONE LIBPOPCNT=1 CPU_TILE=16 BITVECTOR_TILE=2048 BUFFER_SIZE=128 OUTER_ROW_NUM=4 OUTER_COL_NUM=2 OUTER_VEC_BLK=3
EXECUTING: numactl --interleave=all /home/chrisarg/software-dev/Bit/scripts/../build/openmp_bit_nogpu 262144 1024 1024 20
COMPILING: make -C /home/chrisarg/software-dev/Bit/scripts/.. -f Makefile -B build/openmp_bit_nogpu GPU=NONE LIBPOPCNT=1 CPU_TILE=64 BITVECTOR_TILE=2048 BUFFER_SIZE=128 OUTER_ROW_NUM=2 OUTER_COL_NUM=1 OUTER_VEC_BLK=4
EXECUTING: numactl --interleave=all /home/chrisarg/software-dev/Bit/scripts/../build/openmp_bit_nogpu 65536 1024 1024 20
COMPILING: make -C /home/chrisarg/software-dev/Bit/scripts/.. -f Makefile -B build/openmp_bit_nogpu GPU=NONE LIBPOPCNT=0 CPU_TILE=64 BITVECTOR_TILE=1024 BUFFER_SIZE=4096 OUTER_ROW_NUM=4 OUTER_COL_NUM=1 OUTER_VEC_BLK=3
EXECUTING: numactl --interleave=all /home/chrisarg/software-dev/Bit/scripts/../build/openmp_bit_nogpu 262144 1024 1024 20
COMPILING: make -C /home/chrisarg/software-dev/Bit/scripts/.. -f Makefile -B build/openmp_bit_nogpu GPU=NONE LIBPOPCNT=1 CPU_TILE=16 BITVECTOR_TILE=512 BUFFER_SIZE=512 OUTER_ROW_NUM=5 OUTER_COL_NUM=5 OUTER_VEC_BLK=3
EXECUTING: numactl --interleave=all /home/chrisarg/software-dev/Bit/scripts/../build/openmp_bit_nogpu 65536 1024 1024 20
COMPILING: make -C /home/chrisarg/software-dev/Bit/scripts/.. -f Makefile -B build/openmp_bit_nogpu GPU=NONE LIBPOPCNT=1 CPU_TILE=64 BITVECTOR_TILE=512 BUFFER_SIZE=1024 OUTER_ROW_NUM=2 OUTER_COL_NUM=1 OUTER_VEC_BLK=2
EXECUTING: numactl --interleave=all /home/chrisarg/software-dev/Bit/scripts/../build/openmp_bit_nogpu 65536 1024 1024 20
COMPILING: make -C /home/chrisarg/software-dev/Bit/scripts/.. -f Makefile -B build/openmp_bit_nogpu GPU=NONE LIBPOPCNT=1 CPU_TILE=64 BITVECTOR_TILE=2048 BUFFER_SIZE=256 OUTER_ROW_NUM=4 OUTER_COL_NUM=4 OUTER_VEC_BLK=2
EXECUTING: numactl --interleave=all /home/chrisarg/software-dev/Bit/scripts/../build/openmp_bit_nogpu 262144 1024 1024 20
COMPILING: make -C /home/chrisarg/software-dev/Bit/scripts/.. -f Makefile -B build/openmp_bit_nogpu GPU=NONE LIBPOPCNT=1 CPU_TILE=16 BITVECTOR_TILE=2048 BUFFER_SIZE=512 OUTER_ROW_NUM=5 OUTER_COL_NUM=5 OUTER_VEC_BLK=2
EXECUTING: numactl --interleave=all /home/chrisarg/software-dev/Bit/scripts/../build/openmp_bit_nogpu 65536 1024 1024 20
COMPILING: make -C /home/chrisarg/software-dev/Bit/scripts/.. -f Makefile -B build/openmp_bit_nogpu GPU=NONE LIBPOPCNT=0 CPU_TILE=16 BITVECTOR_TILE=512 BUFFER_SIZE=512 OUTER_ROW_NUM=2 OUTER_COL_NUM=4 OUTER_VEC_BLK=1
EXECUTING: numactl --interleave=all /home/chrisarg/software-dev/Bit/scripts/../build/openmp_bit_nogpu 262144 1024 1024 20
COMPILING: make -C /home/chrisarg/software-dev/Bit/scripts/.. -f Makefile -B build/openmp_bit_nogpu GPU=NONE LIBPOPCNT=1 CPU_TILE=32 BITVECTOR_TILE=512 BUFFER_SIZE=4096 OUTER_ROW_NUM=4 OUTER_COL_NUM=1 OUTER_VEC_BLK=6
EXECUTING: numactl --interleave=all /home/chrisarg/software-dev/Bit/scripts/../build/openmp_bit_nogpu 262144 1024 1024 20
COMPILING: make -C /home/chrisarg/software-dev/Bit/scripts/.. -f Makefile -B build/openmp_bit_nogpu GPU=NONE LIBPOPCNT=1 CPU_TILE=64 BITVECTOR_TILE=2048 BUFFER_SIZE=256 OUTER_ROW_NUM=2 OUTER_COL_NUM=5 OUTER_VEC_BLK=1
EXECUTING: numactl --interleave=all /home/chrisarg/software-dev/Bit/scripts/../build/openmp_bit_nogpu 262144 1024 1024 20
COMPILING: make -C /home/chrisarg/software-dev/Bit/scripts/.. -f Makefile -B build/openmp_bit_nogpu GPU=NONE LIBPOPCNT=0 CPU_TILE=64 BITVECTOR_TILE=1024 BUFFER_SIZE=256 OUTER_ROW_NUM=6 OUTER_COL_NUM=5 OUTER_VEC_BLK=8
EXECUTING: numactl --interleave=all /home/chrisarg/software-dev/Bit/scripts/../build/openmp_bit_nogpu 65536 1024 1024 20
COMPILING: make -C /home/chrisarg/software-dev/Bit/scripts/.. -f Makefile -B build/openmp_bit_nogpu GPU=NONE LIBPOPCNT=0 CPU_TILE=16 BITVECTOR_TILE=512 BUFFER_SIZE=128 OUTER_ROW_NUM=5 OUTER_COL_NUM=5 OUTER_VEC_BLK=2
EXECUTING: numactl --interleave=all /home/chrisarg/software-dev/Bit/scripts/../build/openmp_bit_nogpu 262144 1024 1024 20
COMPILING: make -C /home/chrisarg/software-dev/Bit/scripts/.. -f Makefile -B build/openmp_bit_nogpu GPU=NONE LIBPOPCNT=0 CPU_TILE=16 BITVECTOR_TILE=1024 BUFFER_SIZE=128 OUTER_ROW_NUM=3 OUTER_COL_NUM=4 OUTER_VEC_BLK=8
EXECUTING: numactl --interleave=all /home/chrisarg/software-dev/Bit/scripts/../build/openmp_bit_nogpu 65536 1024 1024 20
COMPILING: make -C /home/chrisarg/software-dev/Bit/scripts/.. -f Makefile -B build/openmp_bit_nogpu GPU=NONE LIBPOPCNT=0 CPU_TILE=32 BITVECTOR_TILE=1024 BUFFER_SIZE=512 OUTER_ROW_NUM=6 OUTER_COL_NUM=1 OUTER_VEC_BLK=3
EXECUTING: numactl --interleave=all /home/chrisarg/software-dev/Bit/scripts/../build/openmp_bit_nogpu 262144 1024 1024 20
COMPILING: make -C /home/chrisarg/software-dev/Bit/scripts/.. -f Makefile -B build/openmp_bit_nogpu GPU=NONE LIBPOPCNT=0 CPU_TILE=64 BITVECTOR_TILE=2048 BUFFER_SIZE=1024 OUTER_ROW_NUM=6 OUTER_COL_NUM=5 OUTER_VEC_BLK=4
EXECUTING: numactl --interleave=all /home/chrisarg/software-dev/Bit/scripts/../build/openmp_bit_nogpu 65536 1024 1024 20
COMPILING: make -C /home/chrisarg/software-dev/Bit/scripts/.. -f Makefile -B build/openmp_bit_nogpu GPU=NONE LIBPOPCNT=1 CPU_TILE=64 BITVECTOR_TILE=512 BUFFER_SIZE=4096 OUTER_ROW_NUM=1 OUTER_COL_NUM=6 OUTER_VEC_BLK=6
EXECUTING: numactl --interleave=all /home/chrisarg/software-dev/Bit/scripts/../build/openmp_bit_nogpu 65536 1024 1024 20
COMPILING: make -C /home/chrisarg/software-dev/Bit/scripts/.. -f Makefile -B build/openmp_bit_nogpu GPU=NONE LIBPOPCNT=1 CPU_TILE=32 BITVECTOR_TILE=512 BUFFER_SIZE=256 OUTER_ROW_NUM=3 OUTER_COL_NUM=5 OUTER_VEC_BLK=4
EXECUTING: numactl --interleave=all /home/chrisarg/software-dev/Bit/scripts/../build/openmp_bit_nogpu 262144 1024 1024 20
COMPILING: make -C /home/chrisarg/software-dev/Bit/scripts/.. -f Makefile -B build/openmp_bit_nogpu GPU=NONE LIBPOPCNT=1 CPU_TILE=16 BITVECTOR_TILE=2048 BUFFER_SIZE=256 OUTER_ROW_NUM=4 OUTER_COL_NUM=3 OUTER_VEC_BLK=8
EXECUTING: numactl --interleave=all /home/chrisarg/software-dev/Bit/scripts/../build/openmp_bit_nogpu 262144 1024 1024 20
COMPILING: make -C /home/chrisarg/software-dev/Bit/scripts/.. -f Makefile -B build/openmp_bit_nogpu GPU=NONE LIBPOPCNT=1 CPU_TILE=64 BITVECTOR_TILE=2048 BUFFER_SIZE=128 OUTER_ROW_NUM=3 OUTER_COL_NUM=5 OUTER_VEC_BLK=1
EXECUTING: numactl --interleave=all /home/chrisarg/software-dev/Bit/scripts/../build/openmp_bit_nogpu 65536 1024 1024 20
COMPILING: make -C /home/chrisarg/software-dev/Bit/scripts/.. -f Makefile -B build/openmp_bit_nogpu GPU=NONE LIBPOPCNT=0 CPU_TILE=16 BITVECTOR_TILE=1024 BUFFER_SIZE=512 OUTER_ROW_NUM=3 OUTER_COL_NUM=3 OUTER_VEC_BLK=4
EXECUTING: numactl --interleave=all /home/chrisarg/software-dev/Bit/scripts/../build/openmp_bit_nogpu 65536 1024 1024 20
COMPILING: make -C /home/chrisarg/software-dev/Bit/scripts/.. -f Makefile -B build/openmp_bit_nogpu GPU=NONE LIBPOPCNT=1 CPU_TILE=32 BITVECTOR_TILE=2048 BUFFER_SIZE=512 OUTER_ROW_NUM=6 OUTER_COL_NUM=6 OUTER_VEC_BLK=6
EXECUTING: numactl --interleave=all /home/chrisarg/software-dev/Bit/scripts/../build/openmp_bit_nogpu 262144 1024 1024 20
COMPILING: make -C /home/chrisarg/software-dev/Bit/scripts/.. -f Makefile -B build/openmp_bit_nogpu GPU=NONE LIBPOPCNT=0 CPU_TILE=64 BITVECTOR_TILE=2048 BUFFER_SIZE=128 OUTER_ROW_NUM=3 OUTER_COL_NUM=5 OUTER_VEC_BLK=1
EXECUTING: numactl --interleave=all /home/chrisarg/software-dev/Bit/scripts/../build/openmp_bit_nogpu 65536 1024 1024 20
COMPILING: make -C /home/chrisarg/software-dev/Bit/scripts/.. -f Makefile -B build/openmp_bit_nogpu GPU=NONE LIBPOPCNT=0 CPU_TILE=32 BITVECTOR_TILE=2048 BUFFER_SIZE=128 OUTER_ROW_NUM=5 OUTER_COL_NUM=2 OUTER_VEC_BLK=3
EXECUTING: numactl --interleave=all /home/chrisarg/software-dev/Bit/scripts/../build/openmp_bit_nogpu 262144 1024 1024 20
COMPILING: make -C /home/chrisarg/software-dev/Bit/scripts/.. -f Makefile -B build/openmp_bit_nogpu GPU=NONE LIBPOPCNT=1 CPU_TILE=64 BITVECTOR_TILE=512 BUFFER_SIZE=128 OUTER_ROW_NUM=4 OUTER_COL_NUM=1 OUTER_VEC_BLK=8
EXECUTING: numactl --interleave=all /home/chrisarg/software-dev/Bit/scripts/../build/openmp_bit_nogpu 65536 1024 1024 20
COMPILING: make -C /home/chrisarg/software-dev/Bit/scripts/.. -f Makefile -B build/openmp_bit_nogpu GPU=NONE LIBPOPCNT=1 CPU_TILE=16 BITVECTOR_TILE=1024 BUFFER_SIZE=256 OUTER_ROW_NUM=2 OUTER_COL_NUM=1 OUTER_VEC_BLK=4
EXECUTING: numactl --interleave=all /home/chrisarg/software-dev/Bit/scripts/../build/openmp_bit_nogpu 262144 1024 1024 20
COMPILING: make -C /home/chrisarg/software-dev/Bit/scripts/.. -f Makefile -B build/openmp_bit_nogpu GPU=NONE LIBPOPCNT=0 CPU_TILE=16 BITVECTOR_TILE=2048 BUFFER_SIZE=512 OUTER_ROW_NUM=2 OUTER_COL_NUM=5 OUTER_VEC_BLK=8
EXECUTING: numactl --interleave=all /home/chrisarg/software-dev/Bit/scripts/../build/openmp_bit_nogpu 262144 1024 1024 20
COMPILING: make -C /home/chrisarg/software-dev/Bit/scripts/.. -f Makefile -B build/openmp_bit_nogpu GPU=NONE LIBPOPCNT=0 CPU_TILE=64 BITVECTOR_TILE=1024 BUFFER_SIZE=128 OUTER_ROW_NUM=1 OUTER_COL_NUM=6 OUTER_VEC_BLK=6
EXECUTING: numactl --interleave=all /home/chrisarg/software-dev/Bit/scripts/../build/openmp_bit_nogpu 262144 1024 1024 20
COMPILING: make -C /home/chrisarg/software-dev/Bit/scripts/.. -f Makefile -B build/openmp_bit_nogpu GPU=NONE LIBPOPCNT=1 CPU_TILE=64 BITVECTOR_TILE=512 BUFFER_SIZE=256 OUTER_ROW_NUM=4 OUTER_COL_NUM=6 OUTER_VEC_BLK=2
EXECUTING: numactl --interleave=all /home/chrisarg/software-dev/Bit/scripts/../build/openmp_bit_nogpu 65536 1024 1024 20
COMPILING: make -C /home/chrisarg/software-dev/Bit/scripts/.. -f Makefile -B build/openmp_bit_nogpu GPU=NONE LIBPOPCNT=0 CPU_TILE=32 BITVECTOR_TILE=2048 BUFFER_SIZE=128 OUTER_ROW_NUM=2 OUTER_COL_NUM=5 OUTER_VEC_BLK=8
EXECUTING: numactl --interleave=all /home/chrisarg/software-dev/Bit/scripts/../build/openmp_bit_nogpu 65536 1024 1024 20
COMPILING: make -C /home/chrisarg/software-dev/Bit/scripts/.. -f Makefile -B build/openmp_bit_nogpu GPU=NONE LIBPOPCNT=1 CPU_TILE=32 BITVECTOR_TILE=512 BUFFER_SIZE=128 OUTER_ROW_NUM=2 OUTER_COL_NUM=2 OUTER_VEC_BLK=1
EXECUTING: numactl --interleave=all /home/chrisarg/software-dev/Bit/scripts/../build/openmp_bit_nogpu 65536 1024 1024 20
COMPILING: make -C /home/chrisarg/software-dev/Bit/scripts/.. -f Makefile -B build/openmp_bit_nogpu GPU=NONE LIBPOPCNT=1 CPU_TILE=16 BITVECTOR_TILE=512 BUFFER_SIZE=4096 OUTER_ROW_NUM=5 OUTER_COL_NUM=1 OUTER_VEC_BLK=1
EXECUTING: numactl --interleave=all /home/chrisarg/software-dev/Bit/scripts/../build/openmp_bit_nogpu 262144 1024 1024 20
COMPILING: make -C /home/chrisarg/software-dev/Bit/scripts/.. -f Makefile -B build/openmp_bit_nogpu GPU=NONE LIBPOPCNT=0 CPU_TILE=16 BITVECTOR_TILE=512 BUFFER_SIZE=512 OUTER_ROW_NUM=6 OUTER_COL_NUM=6 OUTER_VEC_BLK=8
EXECUTING: numactl --interleave=all /home/chrisarg/software-dev/Bit/scripts/../build/openmp_bit_nogpu 262144 1024 1024 20
COMPILING: make -C /home/chrisarg/software-dev/Bit/scripts/.. -f Makefile -B build/openmp_bit_nogpu GPU=NONE LIBPOPCNT=0 CPU_TILE=16 BITVECTOR_TILE=2048 BUFFER_SIZE=128 OUTER_ROW_NUM=5 OUTER_COL_NUM=6 OUTER_VEC_BLK=1
EXECUTING: numactl --interleave=all /home/chrisarg/software-dev/Bit/scripts/../build/openmp_bit_nogpu 65536 1024 1024 20
COMPILING: make -C /home/chrisarg/software-dev/Bit/scripts/.. -f Makefile -B build/openmp_bit_nogpu GPU=NONE LIBPOPCNT=0 CPU_TILE=64 BITVECTOR_TILE=2048 BUFFER_SIZE=256 OUTER_ROW_NUM=3 OUTER_COL_NUM=6 OUTER_VEC_BLK=3
EXECUTING: numactl --interleave=all /home/chrisarg/software-dev/Bit/scripts/../build/openmp_bit_nogpu 65536 1024 1024 20
COMPILING: make -C /home/chrisarg/software-dev/Bit/scripts/.. -f Makefile -B build/openmp_bit_nogpu GPU=NONE LIBPOPCNT=0 CPU_TILE=16 BITVECTOR_TILE=512 BUFFER_SIZE=256 OUTER_ROW_NUM=4 OUTER_COL_NUM=2 OUTER_VEC_BLK=4
EXECUTING: numactl --interleave=all /home/chrisarg/software-dev/Bit/scripts/../build/openmp_bit_nogpu 262144 1024 1024 20
COMPILING: make -C /home/chrisarg/software-dev/Bit/scripts/.. -f Makefile -B build/openmp_bit_nogpu GPU=NONE LIBPOPCNT=0 CPU_TILE=16 BITVECTOR_TILE=1024 BUFFER_SIZE=128 OUTER_ROW_NUM=6 OUTER_COL_NUM=2 OUTER_VEC_BLK=4
EXECUTING: numactl --interleave=all /home/chrisarg/software-dev/Bit/scripts/../build/openmp_bit_nogpu 262144 1024 1024 20
COMPILING: make -C /home/chrisarg/software-dev/Bit/scripts/.. -f Makefile -B build/openmp_bit_nogpu GPU=NONE LIBPOPCNT=1 CPU_TILE=32 BITVECTOR_TILE=1024 BUFFER_SIZE=128 OUTER_ROW_NUM=1 OUTER_COL_NUM=2 OUTER_VEC_BLK=4
EXECUTING: numactl --interleave=all /home/chrisarg/software-dev/Bit/scripts/../build/openmp_bit_nogpu 262144 1024 1024 20
COMPILING: make -C /home/chrisarg/software-dev/Bit/scripts/.. -f Makefile -B build/openmp_bit_nogpu GPU=NONE LIBPOPCNT=1 CPU_TILE=64 BITVECTOR_TILE=2048 BUFFER_SIZE=1024 OUTER_ROW_NUM=2 OUTER_COL_NUM=5 OUTER_VEC_BLK=3
EXECUTING: numactl --interleave=all /home/chrisarg/software-dev/Bit/scripts/../build/openmp_bit_nogpu 262144 1024 1024 20
COMPILING: make -C /home/chrisarg/software-dev/Bit/scripts/.. -f Makefile -B build/openmp_bit_nogpu GPU=NONE LIBPOPCNT=1 CPU_TILE=32 BITVECTOR_TILE=512 BUFFER_SIZE=4096 OUTER_ROW_NUM=2 OUTER_COL_NUM=5 OUTER_VEC_BLK=4
EXECUTING: numactl --interleave=all /home/chrisarg/software-dev/Bit/scripts/../build/openmp_bit_nogpu 65536 1024 1024 20
COMPILING: make -C /home/chrisarg/software-dev/Bit/scripts/.. -f Makefile -B build/openmp_bit_nogpu GPU=NONE LIBPOPCNT=0 CPU_TILE=16 BITVECTOR_TILE=2048 BUFFER_SIZE=1024 OUTER_ROW_NUM=2 OUTER_COL_NUM=1 OUTER_VEC_BLK=1
EXECUTING: numactl --interleave=all /home/chrisarg/software-dev/Bit/scripts/../build/openmp_bit_nogpu 262144 1024 1024 20
COMPILING: make -C /home/chrisarg/software-dev/Bit/scripts/.. -f Makefile -B build/openmp_bit_nogpu GPU=NONE LIBPOPCNT=1 CPU_TILE=64 BITVECTOR_TILE=512 BUFFER_SIZE=128 OUTER_ROW_NUM=3 OUTER_COL_NUM=4 OUTER_VEC_BLK=6
EXECUTING: numactl --interleave=all /home/chrisarg/software-dev/Bit/scripts/../build/openmp_bit_nogpu 65536 1024 1024 20
COMPILING: make -C /home/chrisarg/software-dev/Bit/scripts/.. -f Makefile -B build/openmp_bit_nogpu GPU=NONE LIBPOPCNT=0 CPU_TILE=32 BITVECTOR_TILE=1024 BUFFER_SIZE=512 OUTER_ROW_NUM=2 OUTER_COL_NUM=6 OUTER_VEC_BLK=6
EXECUTING: numactl --interleave=all /home/chrisarg/software-dev/Bit/scripts/../build/openmp_bit_nogpu 65536 1024 1024 20
COMPILING: make -C /home/chrisarg/software-dev/Bit/scripts/.. -f Makefile -B build/openmp_bit_nogpu GPU=NONE LIBPOPCNT=1 CPU_TILE=16 BITVECTOR_TILE=1024 BUFFER_SIZE=1024 OUTER_ROW_NUM=1 OUTER_COL_NUM=6 OUTER_VEC_BLK=6
EXECUTING: numactl --interleave=all /home/chrisarg/software-dev/Bit/scripts/../build/openmp_bit_nogpu 262144 1024 1024 20
COMPILING: make -C /home/chrisarg/software-dev/Bit/scripts/.. -f Makefile -B build/openmp_bit_nogpu GPU=NONE LIBPOPCNT=1 CPU_TILE=32 BITVECTOR_TILE=512 BUFFER_SIZE=128 OUTER_ROW_NUM=2 OUTER_COL_NUM=3 OUTER_VEC_BLK=3
EXECUTING: numactl --interleave=all /home/chrisarg/software-dev/Bit/scripts/../build/openmp_bit_nogpu 262144 1024 1024 20
COMPILING: make -C /home/chrisarg/software-dev/Bit/scripts/.. -f Makefile -B build/openmp_bit_nogpu GPU=NONE LIBPOPCNT=0 CPU_TILE=64 BITVECTOR_TILE=512 BUFFER_SIZE=4096 OUTER_ROW_NUM=4 OUTER_COL_NUM=1 OUTER_VEC_BLK=3
EXECUTING: numactl --interleave=all /home/chrisarg/software-dev/Bit/scripts/../build/openmp_bit_nogpu 262144 1024 1024 20
COMPILING: make -C /home/chrisarg/software-dev/Bit/scripts/.. -f Makefile -B build/openmp_bit_nogpu GPU=NONE LIBPOPCNT=1 CPU_TILE=16 BITVECTOR_TILE=1024 BUFFER_SIZE=128 OUTER_ROW_NUM=4 OUTER_COL_NUM=1 OUTER_VEC_BLK=6
EXECUTING: numactl --interleave=all /home/chrisarg/software-dev/Bit/scripts/../build/openmp_bit_nogpu 65536 1024 1024 20
COMPILING: make -C /home/chrisarg/software-dev/Bit/scripts/.. -f Makefile -B build/openmp_bit_nogpu GPU=NONE LIBPOPCNT=1 CPU_TILE=64 BITVECTOR_TILE=1024 BUFFER_SIZE=1024 OUTER_ROW_NUM=6 OUTER_COL_NUM=5 OUTER_VEC_BLK=3
EXECUTING: numactl --interleave=all /home/chrisarg/software-dev/Bit/scripts/../build/openmp_bit_nogpu 65536 1024 1024 20
COMPILING: make -C /home/chrisarg/software-dev/Bit/scripts/.. -f Makefile -B build/openmp_bit_nogpu GPU=NONE LIBPOPCNT=0 CPU_TILE=16 BITVECTOR_TILE=512 BUFFER_SIZE=1024 OUTER_ROW_NUM=5 OUTER_COL_NUM=4 OUTER_VEC_BLK=1
EXECUTING: numactl --interleave=all /home/chrisarg/software-dev/Bit/scripts/../build/openmp_bit_nogpu 65536 1024 1024 20
COMPILING: make -C /home/chrisarg/software-dev/Bit/scripts/.. -f Makefile -B build/openmp_bit_nogpu GPU=NONE LIBPOPCNT=1 CPU_TILE=64 BITVECTOR_TILE=512 BUFFER_SIZE=1024 OUTER_ROW_NUM=5 OUTER_COL_NUM=2 OUTER_VEC_BLK=1
EXECUTING: numactl --interleave=all /home/chrisarg/software-dev/Bit/scripts/../build/openmp_bit_nogpu 65536 1024 1024 20
COMPILING: make -C /home/chrisarg/software-dev/Bit/scripts/.. -f Makefile -B build/openmp_bit_nogpu GPU=NONE LIBPOPCNT=1 CPU_TILE=32 BITVECTOR_TILE=1024 BUFFER_SIZE=128 OUTER_ROW_NUM=4 OUTER_COL_NUM=3 OUTER_VEC_BLK=1
EXECUTING: numactl --interleave=all /home/chrisarg/software-dev/Bit/scripts/../build/openmp_bit_nogpu 65536 1024 1024 20
COMPILING: make -C /home/chrisarg/software-dev/Bit/scripts/.. -f Makefile -B build/openmp_bit_nogpu GPU=NONE LIBPOPCNT=0 CPU_TILE=64 BITVECTOR_TILE=2048 BUFFER_SIZE=512 OUTER_ROW_NUM=4 OUTER_COL_NUM=6 OUTER_VEC_BLK=2
EXECUTING: numactl --interleave=all /home/chrisarg/software-dev/Bit/scripts/../build/openmp_bit_nogpu 65536 1024 1024 20
COMPILING: make -C /home/chrisarg/software-dev/Bit/scripts/.. -f Makefile -B build/openmp_bit_nogpu GPU=NONE LIBPOPCNT=0 CPU_TILE=64 BITVECTOR_TILE=512 BUFFER_SIZE=128 OUTER_ROW_NUM=2 OUTER_COL_NUM=2 OUTER_VEC_BLK=3
EXECUTING: numactl --interleave=all /home/chrisarg/software-dev/Bit/scripts/../build/openmp_bit_nogpu 65536 1024 1024 20
COMPILING: make -C /home/chrisarg/software-dev/Bit/scripts/.. -f Makefile -B build/openmp_bit_nogpu GPU=NONE LIBPOPCNT=1 CPU_TILE=16 BITVECTOR_TILE=1024 BUFFER_SIZE=512 OUTER_ROW_NUM=2 OUTER_COL_NUM=3 OUTER_VEC_BLK=8
EXECUTING: numactl --interleave=all /home/chrisarg/software-dev/Bit/scripts/../build/openmp_bit_nogpu 262144 1024 1024 20
COMPILING: make -C /home/chrisarg/software-dev/Bit/scripts/.. -f Makefile -B build/openmp_bit_nogpu GPU=NONE LIBPOPCNT=1 CPU_TILE=16 BITVECTOR_TILE=2048 BUFFER_SIZE=4096 OUTER_ROW_NUM=5 OUTER_COL_NUM=6 OUTER_VEC_BLK=6
EXECUTING: numactl --interleave=all /home/chrisarg/software-dev/Bit/scripts/../build/openmp_bit_nogpu 65536 1024 1024 20
COMPILING: make -C /home/chrisarg/software-dev/Bit/scripts/.. -f Makefile -B build/openmp_bit_nogpu GPU=NONE LIBPOPCNT=0 CPU_TILE=32 BITVECTOR_TILE=1024 BUFFER_SIZE=512 OUTER_ROW_NUM=1 OUTER_COL_NUM=6 OUTER_VEC_BLK=6
EXECUTING: numactl --interleave=all /home/chrisarg/software-dev/Bit/scripts/../build/openmp_bit_nogpu 65536 1024 1024 20
COMPILING: make -C /home/chrisarg/software-dev/Bit/scripts/.. -f Makefile -B build/openmp_bit_nogpu GPU=NONE LIBPOPCNT=1 CPU_TILE=16 BITVECTOR_TILE=2048 BUFFER_SIZE=128 OUTER_ROW_NUM=3 OUTER_COL_NUM=5 OUTER_VEC_BLK=1
EXECUTING: numactl --interleave=all /home/chrisarg/software-dev/Bit/scripts/../build/openmp_bit_nogpu 262144 1024 1024 20
COMPILING: make -C /home/chrisarg/software-dev/Bit/scripts/.. -f Makefile -B build/openmp_bit_nogpu GPU=NONE LIBPOPCNT=1 CPU_TILE=64 BITVECTOR_TILE=1024 BUFFER_SIZE=4096 OUTER_ROW_NUM=5 OUTER_COL_NUM=6 OUTER_VEC_BLK=4
EXECUTING: numactl --interleave=all /home/chrisarg/software-dev/Bit/scripts/../build/openmp_bit_nogpu 65536 1024 1024 20
COMPILING: make -C /home/chrisarg/software-dev/Bit/scripts/.. -f Makefile -B build/openmp_bit_nogpu GPU=NONE LIBPOPCNT=1 CPU_TILE=16 BITVECTOR_TILE=2048 BUFFER_SIZE=128 OUTER_ROW_NUM=6 OUTER_COL_NUM=6 OUTER_VEC_BLK=8
EXECUTING: numactl --interleave=all /home/chrisarg/software-dev/Bit/scripts/../build/openmp_bit_nogpu 262144 1024 1024 20
COMPILING: make -C /home/chrisarg/software-dev/Bit/scripts/.. -f Makefile -B build/openmp_bit_nogpu GPU=NONE LIBPOPCNT=1 CPU_TILE=16 BITVECTOR_TILE=1024 BUFFER_SIZE=512 OUTER_ROW_NUM=1 OUTER_COL_NUM=4 OUTER_VEC_BLK=4
EXECUTING: numactl --interleave=all /home/chrisarg/software-dev/Bit/scripts/../build/openmp_bit_nogpu 65536 1024 1024 20
COMPILING: make -C /home/chrisarg/software-dev/Bit/scripts/.. -f Makefile -B build/openmp_bit_nogpu GPU=NONE LIBPOPCNT=0 CPU_TILE=64 BITVECTOR_TILE=1024 BUFFER_SIZE=1024 OUTER_ROW_NUM=4 OUTER_COL_NUM=3 OUTER_VEC_BLK=1
EXECUTING: numactl --interleave=all /home/chrisarg/software-dev/Bit/scripts/../build/openmp_bit_nogpu 65536 1024 1024 20
COMPILING: make -C /home/chrisarg/software-dev/Bit/scripts/.. -f Makefile -B build/openmp_bit_nogpu GPU=NONE LIBPOPCNT=0 CPU_TILE=16 BITVECTOR_TILE=2048 BUFFER_SIZE=4096 OUTER_ROW_NUM=3 OUTER_COL_NUM=2 OUTER_VEC_BLK=2
EXECUTING: numactl --interleave=all /home/chrisarg/software-dev/Bit/scripts/../build/openmp_bit_nogpu 262144 1024 1024 20
COMPILING: make -C /home/chrisarg/software-dev/Bit/scripts/.. -f Makefile -B build/openmp_bit_nogpu GPU=NONE LIBPOPCNT=0 CPU_TILE=16 BITVECTOR_TILE=2048 BUFFER_SIZE=512 OUTER_ROW_NUM=2 OUTER_COL_NUM=3 OUTER_VEC_BLK=1
EXECUTING: numactl --interleave=all /home/chrisarg/software-dev/Bit/scripts/../build/openmp_bit_nogpu 65536 1024 1024 20
COMPILING: make -C /home/chrisarg/software-dev/Bit/scripts/.. -f Makefile -B build/openmp_bit_nogpu GPU=NONE LIBPOPCNT=0 CPU_TILE=16 BITVECTOR_TILE=2048 BUFFER_SIZE=512 OUTER_ROW_NUM=6 OUTER_COL_NUM=3 OUTER_VEC_BLK=4
EXECUTING: numactl --interleave=all /home/chrisarg/software-dev/Bit/scripts/../build/openmp_bit_nogpu 262144 1024 1024 20
COMPILING: make -C /home/chrisarg/software-dev/Bit/scripts/.. -f Makefile -B build/openmp_bit_nogpu GPU=NONE LIBPOPCNT=0 CPU_TILE=64 BITVECTOR_TILE=512 BUFFER_SIZE=256 OUTER_ROW_NUM=4 OUTER_COL_NUM=3 OUTER_VEC_BLK=2
EXECUTING: numactl --interleave=all /home/chrisarg/software-dev/Bit/scripts/../build/openmp_bit_nogpu 65536 1024 1024 20
COMPILING: make -C /home/chrisarg/software-dev/Bit/scripts/.. -f Makefile -B build/openmp_bit_nogpu GPU=NONE LIBPOPCNT=0 CPU_TILE=32 BITVECTOR_TILE=2048 BUFFER_SIZE=4096 OUTER_ROW_NUM=4 OUTER_COL_NUM=1 OUTER_VEC_BLK=3
EXECUTING: numactl --interleave=all /home/chrisarg/software-dev/Bit/scripts/../build/openmp_bit_nogpu 262144 1024 1024 20
COMPILING: make -C /home/chrisarg/software-dev/Bit/scripts/.. -f Makefile -B build/openmp_bit_nogpu GPU=NONE LIBPOPCNT=1 CPU_TILE=64 BITVECTOR_TILE=1024 BUFFER_SIZE=128 OUTER_ROW_NUM=6 OUTER_COL_NUM=4 OUTER_VEC_BLK=2
EXECUTING: numactl --interleave=all /home/chrisarg/software-dev/Bit/scripts/../build/openmp_bit_nogpu 262144 1024 1024 20
COMPILING: make -C /home/chrisarg/software-dev/Bit/scripts/.. -f Makefile -B build/openmp_bit_nogpu GPU=NONE LIBPOPCNT=0 CPU_TILE=32 BITVECTOR_TILE=1024 BUFFER_SIZE=256 OUTER_ROW_NUM=6 OUTER_COL_NUM=1 OUTER_VEC_BLK=4
EXECUTING: numactl --interleave=all /home/chrisarg/software-dev/Bit/scripts/../build/openmp_bit_nogpu 262144 1024 1024 20
COMPILING: make -C /home/chrisarg/software-dev/Bit/scripts/.. -f Makefile -B build/openmp_bit_nogpu GPU=NONE LIBPOPCNT=1 CPU_TILE=16 BITVECTOR_TILE=512 BUFFER_SIZE=256 OUTER_ROW_NUM=5 OUTER_COL_NUM=1 OUTER_VEC_BLK=8
EXECUTING: numactl --interleave=all /home/chrisarg/software-dev/Bit/scripts/../build/openmp_bit_nogpu 65536 1024 1024 20
COMPILING: make -C /home/chrisarg/software-dev/Bit/scripts/.. -f Makefile -B build/openmp_bit_nogpu GPU=NONE LIBPOPCNT=1 CPU_TILE=32 BITVECTOR_TILE=512 BUFFER_SIZE=128 OUTER_ROW_NUM=6 OUTER_COL_NUM=3 OUTER_VEC_BLK=2
EXECUTING: numactl --interleave=all /home/chrisarg/software-dev/Bit/scripts/../build/openmp_bit_nogpu 262144 1024 1024 20
COMPILING: make -C /home/chrisarg/software-dev/Bit/scripts/.. -f Makefile -B build/openmp_bit_nogpu GPU=NONE LIBPOPCNT=1 CPU_TILE=64 BITVECTOR_TILE=2048 BUFFER_SIZE=4096 OUTER_ROW_NUM=5 OUTER_COL_NUM=1 OUTER_VEC_BLK=6
EXECUTING: numactl --interleave=all /home/chrisarg/software-dev/Bit/scripts/../build/openmp_bit_nogpu 262144 1024 1024 20
COMPILING: make -C /home/chrisarg/software-dev/Bit/scripts/.. -f Makefile -B build/openmp_bit_nogpu GPU=NONE LIBPOPCNT=0 CPU_TILE=32 BITVECTOR_TILE=2048 BUFFER_SIZE=512 OUTER_ROW_NUM=6 OUTER_COL_NUM=1 OUTER_VEC_BLK=3
EXECUTING: numactl --interleave=all /home/chrisarg/software-dev/Bit/scripts/../build/openmp_bit_nogpu 65536 1024 1024 20
COMPILING: make -C /home/chrisarg/software-dev/Bit/scripts/.. -f Makefile -B build/openmp_bit_nogpu GPU=NONE LIBPOPCNT=0 CPU_TILE=32 BITVECTOR_TILE=1024 BUFFER_SIZE=256 OUTER_ROW_NUM=3 OUTER_COL_NUM=3 OUTER_VEC_BLK=1
EXECUTING: numactl --interleave=all /home/chrisarg/software-dev/Bit/scripts/../build/openmp_bit_nogpu 65536 1024 1024 20
COMPILING: make -C /home/chrisarg/software-dev/Bit/scripts/.. -f Makefile -B build/openmp_bit_nogpu GPU=NONE LIBPOPCNT=0 CPU_TILE=64 BITVECTOR_TILE=2048 BUFFER_SIZE=512 OUTER_ROW_NUM=5 OUTER_COL_NUM=1 OUTER_VEC_BLK=6
EXECUTING: numactl --interleave=all /home/chrisarg/software-dev/Bit/scripts/../build/openmp_bit_nogpu 262144 1024 1024 20
COMPILING: make -C /home/chrisarg/software-dev/Bit/scripts/.. -f Makefile -B build/openmp_bit_nogpu GPU=NONE LIBPOPCNT=0 CPU_TILE=32 BITVECTOR_TILE=512 BUFFER_SIZE=256 OUTER_ROW_NUM=5 OUTER_COL_NUM=4 OUTER_VEC_BLK=8
EXECUTING: numactl --interleave=all /home/chrisarg/software-dev/Bit/scripts/../build/openmp_bit_nogpu 65536 1024 1024 20
COMPILING: make -C /home/chrisarg/software-dev/Bit/scripts/.. -f Makefile -B build/openmp_bit_nogpu GPU=NONE LIBPOPCNT=1 CPU_TILE=32 BITVECTOR_TILE=2048 BUFFER_SIZE=4096 OUTER_ROW_NUM=4 OUTER_COL_NUM=5 OUTER_VEC_BLK=2
EXECUTING: numactl --interleave=all /home/chrisarg/software-dev/Bit/scripts/../build/openmp_bit_nogpu 262144 1024 1024 20
COMPILING: make -C /home/chrisarg/software-dev/Bit/scripts/.. -f Makefile -B build/openmp_bit_nogpu GPU=NONE LIBPOPCNT=1 CPU_TILE=64 BITVECTOR_TILE=1024 BUFFER_SIZE=4096 OUTER_ROW_NUM=2 OUTER_COL_NUM=4 OUTER_VEC_BLK=1
EXECUTING: numactl --interleave=all /home/chrisarg/software-dev/Bit/scripts/../build/openmp_bit_nogpu 262144 1024 1024 20
COMPILING: make -C /home/chrisarg/software-dev/Bit/scripts/.. -f Makefile -B build/openmp_bit_nogpu GPU=NONE LIBPOPCNT=0 CPU_TILE=64 BITVECTOR_TILE=1024 BUFFER_SIZE=1024 OUTER_ROW_NUM=6 OUTER_COL_NUM=3 OUTER_VEC_BLK=6
EXECUTING: numactl --interleave=all /home/chrisarg/software-dev/Bit/scripts/../build/openmp_bit_nogpu 262144 1024 1024 20
COMPILING: make -C /home/chrisarg/software-dev/Bit/scripts/.. -f Makefile -B build/openmp_bit_nogpu GPU=NONE LIBPOPCNT=0 CPU_TILE=32 BITVECTOR_TILE=1024 BUFFER_SIZE=512 OUTER_ROW_NUM=2 OUTER_COL_NUM=1 OUTER_VEC_BLK=1
EXECUTING: numactl --interleave=all /home/chrisarg/software-dev/Bit/scripts/../build/openmp_bit_nogpu 65536 1024 1024 20
COMPILING: make -C /home/chrisarg/software-dev/Bit/scripts/.. -f Makefile -B build/openmp_bit_nogpu GPU=NONE LIBPOPCNT=1 CPU_TILE=64 BITVECTOR_TILE=1024 BUFFER_SIZE=512 OUTER_ROW_NUM=1 OUTER_COL_NUM=2 OUTER_VEC_BLK=2
EXECUTING: numactl --interleave=all /home/chrisarg/software-dev/Bit/scripts/../build/openmp_bit_nogpu 65536 1024 1024 20
COMPILING: make -C /home/chrisarg/software-dev/Bit/scripts/.. -f Makefile -B build/openmp_bit_nogpu GPU=NONE LIBPOPCNT=1 CPU_TILE=64 BITVECTOR_TILE=512 BUFFER_SIZE=1024 OUTER_ROW_NUM=1 OUTER_COL_NUM=3 OUTER_VEC_BLK=4
EXECUTING: numactl --interleave=all /home/chrisarg/software-dev/Bit/scripts/../build/openmp_bit_nogpu 262144 1024 1024 20
COMPILING: make -C /home/chrisarg/software-dev/Bit/scripts/.. -f Makefile -B build/openmp_bit_nogpu GPU=NONE LIBPOPCNT=1 CPU_TILE=32 BITVECTOR_TILE=1024 BUFFER_SIZE=256 OUTER_ROW_NUM=3 OUTER_COL_NUM=4 OUTER_VEC_BLK=1
EXECUTING: numactl --interleave=all /home/chrisarg/software-dev/Bit/scripts/../build/openmp_bit_nogpu 262144 1024 1024 20
COMPILING: make -C /home/chrisarg/software-dev/Bit/scripts/.. -f Makefile -B build/openmp_bit_nogpu GPU=NONE LIBPOPCNT=0 CPU_TILE=16 BITVECTOR_TILE=1024 BUFFER_SIZE=128 OUTER_ROW_NUM=1 OUTER_COL_NUM=4 OUTER_VEC_BLK=1
EXECUTING: numactl --interleave=all /home/chrisarg/software-dev/Bit/scripts/../build/openmp_bit_nogpu 262144 1024 1024 20
COMPILING: make -C /home/chrisarg/software-dev/Bit/scripts/.. -f Makefile -B build/openmp_bit_nogpu GPU=NONE LIBPOPCNT=0 CPU_TILE=16 BITVECTOR_TILE=1024 BUFFER_SIZE=4096 OUTER_ROW_NUM=3 OUTER_COL_NUM=2 OUTER_VEC_BLK=1
EXECUTING: numactl --interleave=all /home/chrisarg/software-dev/Bit/scripts/../build/openmp_bit_nogpu 262144 1024 1024 20
COMPILING: make -C /home/chrisarg/software-dev/Bit/scripts/.. -f Makefile -B build/openmp_bit_nogpu GPU=NONE LIBPOPCNT=1 CPU_TILE=64 BITVECTOR_TILE=512 BUFFER_SIZE=256 OUTER_ROW_NUM=6 OUTER_COL_NUM=2 OUTER_VEC_BLK=3
EXECUTING: numactl --interleave=all /home/chrisarg/software-dev/Bit/scripts/../build/openmp_bit_nogpu 65536 1024 1024 20
COMPILING: make -C /home/chrisarg/software-dev/Bit/scripts/.. -f Makefile -B build/openmp_bit_nogpu GPU=NONE LIBPOPCNT=0 CPU_TILE=64 BITVECTOR_TILE=512 BUFFER_SIZE=256 OUTER_ROW_NUM=5 OUTER_COL_NUM=5 OUTER_VEC_BLK=8
EXECUTING: numactl --interleave=all /home/chrisarg/software-dev/Bit/scripts/../build/openmp_bit_nogpu 262144 1024 1024 20
COMPILING: make -C /home/chrisarg/software-dev/Bit/scripts/.. -f Makefile -B build/openmp_bit_nogpu GPU=NONE LIBPOPCNT=1 CPU_TILE=16 BITVECTOR_TILE=2048 BUFFER_SIZE=256 OUTER_ROW_NUM=3 OUTER_COL_NUM=6 OUTER_VEC_BLK=2
EXECUTING: numactl --interleave=all /home/chrisarg/software-dev/Bit/scripts/../build/openmp_bit_nogpu 262144 1024 1024 20
COMPILING: make -C /home/chrisarg/software-dev/Bit/scripts/.. -f Makefile -B build/openmp_bit_nogpu GPU=NONE LIBPOPCNT=1 CPU_TILE=32 BITVECTOR_TILE=2048 BUFFER_SIZE=4096 OUTER_ROW_NUM=4 OUTER_COL_NUM=5 OUTER_VEC_BLK=3
EXECUTING: numactl --interleave=all /home/chrisarg/software-dev/Bit/scripts/../build/openmp_bit_nogpu 65536 1024 1024 20
COMPILING: make -C /home/chrisarg/software-dev/Bit/scripts/.. -f Makefile -B build/openmp_bit_nogpu GPU=NONE LIBPOPCNT=1 CPU_TILE=64 BITVECTOR_TILE=512 BUFFER_SIZE=256 OUTER_ROW_NUM=6 OUTER_COL_NUM=1 OUTER_VEC_BLK=1
EXECUTING: numactl --interleave=all /home/chrisarg/software-dev/Bit/scripts/../build/openmp_bit_nogpu 262144 1024 1024 20
COMPILING: make -C /home/chrisarg/software-dev/Bit/scripts/.. -f Makefile -B build/openmp_bit_nogpu GPU=NONE LIBPOPCNT=1 CPU_TILE=64 BITVECTOR_TILE=2048 BUFFER_SIZE=1024 OUTER_ROW_NUM=6 OUTER_COL_NUM=6 OUTER_VEC_BLK=2
EXECUTING: numactl --interleave=all /home/chrisarg/software-dev/Bit/scripts/../build/openmp_bit_nogpu 65536 1024 1024 20
COMPILING: make -C /home/chrisarg/software-dev/Bit/scripts/.. -f Makefile -B build/openmp_bit_nogpu GPU=NONE LIBPOPCNT=1 CPU_TILE=16 BITVECTOR_TILE=512 BUFFER_SIZE=4096 OUTER_ROW_NUM=1 OUTER_COL_NUM=4 OUTER_VEC_BLK=1
EXECUTING: numactl --interleave=all /home/chrisarg/software-dev/Bit/scripts/../build/openmp_bit_nogpu 262144 1024 1024 20
COMPILING: make -C /home/chrisarg/software-dev/Bit/scripts/.. -f Makefile -B build/openmp_bit_nogpu GPU=NONE LIBPOPCNT=0 CPU_TILE=16 BITVECTOR_TILE=2048 BUFFER_SIZE=1024 OUTER_ROW_NUM=5 OUTER_COL_NUM=4 OUTER_VEC_BLK=2
EXECUTING: numactl --interleave=all /home/chrisarg/software-dev/Bit/scripts/../build/openmp_bit_nogpu 65536 1024 1024 20
COMPILING: make -C /home/chrisarg/software-dev/Bit/scripts/.. -f Makefile -B build/openmp_bit_nogpu GPU=NONE LIBPOPCNT=0 CPU_TILE=64 BITVECTOR_TILE=512 BUFFER_SIZE=256 OUTER_ROW_NUM=6 OUTER_COL_NUM=2 OUTER_VEC_BLK=4
EXECUTING: numactl --interleave=all /home/chrisarg/software-dev/Bit/scripts/../build/openmp_bit_nogpu 65536 1024 1024 20
COMPILING: make -C /home/chrisarg/software-dev/Bit/scripts/.. -f Makefile -B build/openmp_bit_nogpu GPU=NONE LIBPOPCNT=0 CPU_TILE=16 BITVECTOR_TILE=512 BUFFER_SIZE=128 OUTER_ROW_NUM=5 OUTER_COL_NUM=6 OUTER_VEC_BLK=6
EXECUTING: numactl --interleave=all /home/chrisarg/software-dev/Bit/scripts/../build/openmp_bit_nogpu 262144 1024 1024 20
COMPILING: make -C /home/chrisarg/software-dev/Bit/scripts/.. -f Makefile -B build/openmp_bit_nogpu GPU=NONE LIBPOPCNT=0 CPU_TILE=32 BITVECTOR_TILE=512 BUFFER_SIZE=1024 OUTER_ROW_NUM=5 OUTER_COL_NUM=1 OUTER_VEC_BLK=2
EXECUTING: numactl --interleave=all /home/chrisarg/software-dev/Bit/scripts/../build/openmp_bit_nogpu 65536 1024 1024 20
COMPILING: make -C /home/chrisarg/software-dev/Bit/scripts/.. -f Makefile -B build/openmp_bit_nogpu GPU=NONE LIBPOPCNT=1 CPU_TILE=32 BITVECTOR_TILE=512 BUFFER_SIZE=512 OUTER_ROW_NUM=6 OUTER_COL_NUM=2 OUTER_VEC_BLK=8
EXECUTING: numactl --interleave=all /home/chrisarg/software-dev/Bit/scripts/../build/openmp_bit_nogpu 262144 1024 1024 20
COMPILING: make -C /home/chrisarg/software-dev/Bit/scripts/.. -f Makefile -B build/openmp_bit_nogpu GPU=NONE LIBPOPCNT=0 CPU_TILE=16 BITVECTOR_TILE=1024 BUFFER_SIZE=4096 OUTER_ROW_NUM=6 OUTER_COL_NUM=3 OUTER_VEC_BLK=1
EXECUTING: numactl --interleave=all /home/chrisarg/software-dev/Bit/scripts/../build/openmp_bit_nogpu 65536 1024 1024 20
COMPILING: make -C /home/chrisarg/software-dev/Bit/scripts/.. -f Makefile -B build/openmp_bit_nogpu GPU=NONE LIBPOPCNT=1 CPU_TILE=32 BITVECTOR_TILE=512 BUFFER_SIZE=4096 OUTER_ROW_NUM=3 OUTER_COL_NUM=2 OUTER_VEC_BLK=6
EXECUTING: numactl --interleave=all /home/chrisarg/software-dev/Bit/scripts/../build/openmp_bit_nogpu 262144 1024 1024 20
COMPILING: make -C /home/chrisarg/software-dev/Bit/scripts/.. -f Makefile -B build/openmp_bit_nogpu GPU=NONE LIBPOPCNT=0 CPU_TILE=16 BITVECTOR_TILE=512 BUFFER_SIZE=512 OUTER_ROW_NUM=3 OUTER_COL_NUM=1 OUTER_VEC_BLK=2
EXECUTING: numactl --interleave=all /home/chrisarg/software-dev/Bit/scripts/../build/openmp_bit_nogpu 262144 1024 1024 20
COMPILING: make -C /home/chrisarg/software-dev/Bit/scripts/.. -f Makefile -B build/openmp_bit_nogpu GPU=NONE LIBPOPCNT=1 CPU_TILE=32 BITVECTOR_TILE=1024 BUFFER_SIZE=512 OUTER_ROW_NUM=4 OUTER_COL_NUM=2 OUTER_VEC_BLK=2
EXECUTING: numactl --interleave=all /home/chrisarg/software-dev/Bit/scripts/../build/openmp_bit_nogpu 262144 1024 1024 20
COMPILING: make -C /home/chrisarg/software-dev/Bit/scripts/.. -f Makefile -B build/openmp_bit_nogpu GPU=NONE LIBPOPCNT=0 CPU_TILE=16 BITVECTOR_TILE=1024 BUFFER_SIZE=512 OUTER_ROW_NUM=1 OUTER_COL_NUM=4 OUTER_VEC_BLK=2
EXECUTING: numactl --interleave=all /home/chrisarg/software-dev/Bit/scripts/../build/openmp_bit_nogpu 262144 1024 1024 20
COMPILING: make -C /home/chrisarg/software-dev/Bit/scripts/.. -f Makefile -B build/openmp_bit_nogpu GPU=NONE LIBPOPCNT=1 CPU_TILE=64 BITVECTOR_TILE=512 BUFFER_SIZE=1024 OUTER_ROW_NUM=5 OUTER_COL_NUM=6 OUTER_VEC_BLK=3
EXECUTING: numactl --interleave=all /home/chrisarg/software-dev/Bit/scripts/../build/openmp_bit_nogpu 262144 1024 1024 20
COMPILING: make -C /home/chrisarg/software-dev/Bit/scripts/.. -f Makefile -B build/openmp_bit_nogpu GPU=NONE LIBPOPCNT=0 CPU_TILE=16 BITVECTOR_TILE=2048 BUFFER_SIZE=1024 OUTER_ROW_NUM=5 OUTER_COL_NUM=2 OUTER_VEC_BLK=2
EXECUTING: numactl --interleave=all /home/chrisarg/software-dev/Bit/scripts/../build/openmp_bit_nogpu 65536 1024 1024 20
COMPILING: make -C /home/chrisarg/software-dev/Bit/scripts/.. -f Makefile -B build/openmp_bit_nogpu GPU=NONE LIBPOPCNT=0 CPU_TILE=32 BITVECTOR_TILE=2048 BUFFER_SIZE=4096 OUTER_ROW_NUM=6 OUTER_COL_NUM=5 OUTER_VEC_BLK=6
EXECUTING: numactl --interleave=all /home/chrisarg/software-dev/Bit/scripts/../build/openmp_bit_nogpu 65536 1024 1024 20
COMPILING: make -C /home/chrisarg/software-dev/Bit/scripts/.. -f Makefile -B build/openmp_bit_nogpu GPU=NONE LIBPOPCNT=1 CPU_TILE=64 BITVECTOR_TILE=1024 BUFFER_SIZE=256 OUTER_ROW_NUM=6 OUTER_COL_NUM=1 OUTER_VEC_BLK=8
EXECUTING: numactl --interleave=all /home/chrisarg/software-dev/Bit/scripts/../build/openmp_bit_nogpu 262144 1024 1024 20
COMPILING: make -C /home/chrisarg/software-dev/Bit/scripts/.. -f Makefile -B build/openmp_bit_nogpu GPU=NONE LIBPOPCNT=0 CPU_TILE=64 BITVECTOR_TILE=1024 BUFFER_SIZE=1024 OUTER_ROW_NUM=3 OUTER_COL_NUM=2 OUTER_VEC_BLK=2
EXECUTING: numactl --interleave=all /home/chrisarg/software-dev/Bit/scripts/../build/openmp_bit_nogpu 262144 1024 1024 20
COMPILING: make -C /home/chrisarg/software-dev/Bit/scripts/.. -f Makefile -B build/openmp_bit_nogpu GPU=NONE LIBPOPCNT=1 CPU_TILE=16 BITVECTOR_TILE=1024 BUFFER_SIZE=128 OUTER_ROW_NUM=5 OUTER_COL_NUM=2 OUTER_VEC_BLK=3
EXECUTING: numactl --interleave=all /home/chrisarg/software-dev/Bit/scripts/../build/openmp_bit_nogpu 65536 1024 1024 20
COMPILING: make -C /home/chrisarg/software-dev/Bit/scripts/.. -f Makefile -B build/openmp_bit_nogpu GPU=NONE LIBPOPCNT=0 CPU_TILE=64 BITVECTOR_TILE=512 BUFFER_SIZE=512 OUTER_ROW_NUM=2 OUTER_COL_NUM=5 OUTER_VEC_BLK=3
EXECUTING: numactl --interleave=all /home/chrisarg/software-dev/Bit/scripts/../build/openmp_bit_nogpu 262144 1024 1024 20
COMPILING: make -C /home/chrisarg/software-dev/Bit/scripts/.. -f Makefile -B build/openmp_bit_nogpu GPU=NONE LIBPOPCNT=0 CPU_TILE=32 BITVECTOR_TILE=2048 BUFFER_SIZE=4096 OUTER_ROW_NUM=4 OUTER_COL_NUM=3 OUTER_VEC_BLK=8
EXECUTING: numactl --interleave=all /home/chrisarg/software-dev/Bit/scripts/../build/openmp_bit_nogpu 65536 1024 1024 20
COMPILING: make -C /home/chrisarg/software-dev/Bit/scripts/.. -f Makefile -B build/openmp_bit_nogpu GPU=NONE LIBPOPCNT=0 CPU_TILE=64 BITVECTOR_TILE=1024 BUFFER_SIZE=512 OUTER_ROW_NUM=2 OUTER_COL_NUM=4 OUTER_VEC_BLK=2
EXECUTING: numactl --interleave=all /home/chrisarg/software-dev/Bit/scripts/../build/openmp_bit_nogpu 65536 1024 1024 20
COMPILING: make -C /home/chrisarg/software-dev/Bit/scripts/.. -f Makefile -B build/openmp_bit_nogpu GPU=NONE LIBPOPCNT=1 CPU_TILE=64 BITVECTOR_TILE=512 BUFFER_SIZE=512 OUTER_ROW_NUM=2 OUTER_COL_NUM=1 OUTER_VEC_BLK=8
EXECUTING: numactl --interleave=all /home/chrisarg/software-dev/Bit/scripts/../build/openmp_bit_nogpu 262144 1024 1024 20
COMPILING: make -C /home/chrisarg/software-dev/Bit/scripts/.. -f Makefile -B build/openmp_bit_nogpu GPU=NONE LIBPOPCNT=1 CPU_TILE=16 BITVECTOR_TILE=512 BUFFER_SIZE=256 OUTER_ROW_NUM=2 OUTER_COL_NUM=4 OUTER_VEC_BLK=6
EXECUTING: numactl --interleave=all /home/chrisarg/software-dev/Bit/scripts/../build/openmp_bit_nogpu 262144 1024 1024 20
COMPILING: make -C /home/chrisarg/software-dev/Bit/scripts/.. -f Makefile -B build/openmp_bit_nogpu GPU=NONE LIBPOPCNT=1 CPU_TILE=64 BITVECTOR_TILE=2048 BUFFER_SIZE=256 OUTER_ROW_NUM=6 OUTER_COL_NUM=3 OUTER_VEC_BLK=3
EXECUTING: numactl --interleave=all /home/chrisarg/software-dev/Bit/scripts/../build/openmp_bit_nogpu 65536 1024 1024 20
COMPILING: make -C /home/chrisarg/software-dev/Bit/scripts/.. -f Makefile -B build/openmp_bit_nogpu GPU=NONE LIBPOPCNT=1 CPU_TILE=16 BITVECTOR_TILE=512 BUFFER_SIZE=256 OUTER_ROW_NUM=5 OUTER_COL_NUM=2 OUTER_VEC_BLK=3
EXECUTING: numactl --interleave=all /home/chrisarg/software-dev/Bit/scripts/../build/openmp_bit_nogpu 65536 1024 1024 20
COMPILING: make -C /home/chrisarg/software-dev/Bit/scripts/.. -f Makefile -B build/openmp_bit_nogpu GPU=NONE LIBPOPCNT=1 CPU_TILE=64 BITVECTOR_TILE=1024 BUFFER_SIZE=1024 OUTER_ROW_NUM=6 OUTER_COL_NUM=6 OUTER_VEC_BLK=2
EXECUTING: numactl --interleave=all /home/chrisarg/software-dev/Bit/scripts/../build/openmp_bit_nogpu 262144 1024 1024 20
COMPILING: make -C /home/chrisarg/software-dev/Bit/scripts/.. -f Makefile -B build/openmp_bit_nogpu GPU=NONE LIBPOPCNT=0 CPU_TILE=32 BITVECTOR_TILE=2048 BUFFER_SIZE=128 OUTER_ROW_NUM=2 OUTER_COL_NUM=3 OUTER_VEC_BLK=4
EXECUTING: numactl --interleave=all /home/chrisarg/software-dev/Bit/scripts/../build/openmp_bit_nogpu 65536 1024 1024 20
COMPILING: make -C /home/chrisarg/software-dev/Bit/scripts/.. -f Makefile -B build/openmp_bit_nogpu GPU=NONE LIBPOPCNT=0 CPU_TILE=32 BITVECTOR_TILE=512 BUFFER_SIZE=128 OUTER_ROW_NUM=5 OUTER_COL_NUM=6 OUTER_VEC_BLK=6
EXECUTING: numactl --interleave=all /home/chrisarg/software-dev/Bit/scripts/../build/openmp_bit_nogpu 65536 1024 1024 20
COMPILING: make -C /home/chrisarg/software-dev/Bit/scripts/.. -f Makefile -B build/openmp_bit_nogpu GPU=NONE LIBPOPCNT=1 CPU_TILE=32 BITVECTOR_TILE=1024 BUFFER_SIZE=128 OUTER_ROW_NUM=5 OUTER_COL_NUM=6 OUTER_VEC_BLK=3
EXECUTING: numactl --interleave=all /home/chrisarg/software-dev/Bit/scripts/../build/openmp_bit_nogpu 65536 1024 1024 20
COMPILING: make -C /home/chrisarg/software-dev/Bit/scripts/.. -f Makefile -B build/openmp_bit_nogpu GPU=NONE LIBPOPCNT=0 CPU_TILE=64 BITVECTOR_TILE=1024 BUFFER_SIZE=512 OUTER_ROW_NUM=5 OUTER_COL_NUM=5 OUTER_VEC_BLK=3
EXECUTING: numactl --interleave=all /home/chrisarg/software-dev/Bit/scripts/../build/openmp_bit_nogpu 262144 1024 1024 20
COMPILING: make -C /home/chrisarg/software-dev/Bit/scripts/.. -f Makefile -B build/openmp_bit_nogpu GPU=NONE LIBPOPCNT=0 CPU_TILE=32 BITVECTOR_TILE=512 BUFFER_SIZE=4096 OUTER_ROW_NUM=5 OUTER_COL_NUM=5 OUTER_VEC_BLK=6
EXECUTING: numactl --interleave=all /home/chrisarg/software-dev/Bit/scripts/../build/openmp_bit_nogpu 262144 1024 1024 20
COMPILING: make -C /home/chrisarg/software-dev/Bit/scripts/.. -f Makefile -B build/openmp_bit_nogpu GPU=NONE LIBPOPCNT=0 CPU_TILE=64 BITVECTOR_TILE=2048 BUFFER_SIZE=512 OUTER_ROW_NUM=5 OUTER_COL_NUM=5 OUTER_VEC_BLK=1
EXECUTING: numactl --interleave=all /home/chrisarg/software-dev/Bit/scripts/../build/openmp_bit_nogpu 262144 1024 1024 20
COMPILING: make -C /home/chrisarg/software-dev/Bit/scripts/.. -f Makefile -B build/openmp_bit_nogpu GPU=NONE LIBPOPCNT=1 CPU_TILE=16 BITVECTOR_TILE=2048 BUFFER_SIZE=128 OUTER_ROW_NUM=2 OUTER_COL_NUM=1 OUTER_VEC_BLK=3
EXECUTING: numactl --interleave=all /home/chrisarg/software-dev/Bit/scripts/../build/openmp_bit_nogpu 65536 1024 1024 20
COMPILING: make -C /home/chrisarg/software-dev/Bit/scripts/.. -f Makefile -B build/openmp_bit_nogpu GPU=NONE LIBPOPCNT=0 CPU_TILE=64 BITVECTOR_TILE=2048 BUFFER_SIZE=4096 OUTER_ROW_NUM=4 OUTER_COL_NUM=5 OUTER_VEC_BLK=3
EXECUTING: numactl --interleave=all /home/chrisarg/software-dev/Bit/scripts/../build/openmp_bit_nogpu 262144 1024 1024 20
COMPILING: make -C /home/chrisarg/software-dev/Bit/scripts/.. -f Makefile -B build/openmp_bit_nogpu GPU=NONE LIBPOPCNT=0 CPU_TILE=64 BITVECTOR_TILE=512 BUFFER_SIZE=512 OUTER_ROW_NUM=4 OUTER_COL_NUM=2 OUTER_VEC_BLK=4
EXECUTING: numactl --interleave=all /home/chrisarg/software-dev/Bit/scripts/../build/openmp_bit_nogpu 262144 1024 1024 20
COMPILING: make -C /home/chrisarg/software-dev/Bit/scripts/.. -f Makefile -B build/openmp_bit_nogpu GPU=NONE LIBPOPCNT=0 CPU_TILE=16 BITVECTOR_TILE=512 BUFFER_SIZE=512 OUTER_ROW_NUM=2 OUTER_COL_NUM=4 OUTER_VEC_BLK=6
EXECUTING: numactl --interleave=all /home/chrisarg/software-dev/Bit/scripts/../build/openmp_bit_nogpu 262144 1024 1024 20
COMPILING: make -C /home/chrisarg/software-dev/Bit/scripts/.. -f Makefile -B build/openmp_bit_nogpu GPU=NONE LIBPOPCNT=0 CPU_TILE=16 BITVECTOR_TILE=2048 BUFFER_SIZE=4096 OUTER_ROW_NUM=5 OUTER_COL_NUM=6 OUTER_VEC_BLK=3
EXECUTING: numactl --interleave=all /home/chrisarg/software-dev/Bit/scripts/../build/openmp_bit_nogpu 262144 1024 1024 20
COMPILING: make -C /home/chrisarg/software-dev/Bit/scripts/.. -f Makefile -B build/openmp_bit_nogpu GPU=NONE LIBPOPCNT=0 CPU_TILE=32 BITVECTOR_TILE=1024 BUFFER_SIZE=128 OUTER_ROW_NUM=4 OUTER_COL_NUM=2 OUTER_VEC_BLK=3
EXECUTING: numactl --interleave=all /home/chrisarg/software-dev/Bit/scripts/../build/openmp_bit_nogpu 262144 1024 1024 20
COMPILING: make -C /home/chrisarg/software-dev/Bit/scripts/.. -f Makefile -B build/openmp_bit_nogpu GPU=NONE LIBPOPCNT=0 CPU_TILE=32 BITVECTOR_TILE=1024 BUFFER_SIZE=1024 OUTER_ROW_NUM=4 OUTER_COL_NUM=2 OUTER_VEC_BLK=6
EXECUTING: numactl --interleave=all /home/chrisarg/software-dev/Bit/scripts/../build/openmp_bit_nogpu 262144 1024 1024 20
COMPILING: make -C /home/chrisarg/software-dev/Bit/scripts/.. -f Makefile -B build/openmp_bit_nogpu GPU=NONE LIBPOPCNT=1 CPU_TILE=64 BITVECTOR_TILE=2048 BUFFER_SIZE=128 OUTER_ROW_NUM=6 OUTER_COL_NUM=4 OUTER_VEC_BLK=2
EXECUTING: numactl --interleave=all /home/chrisarg/software-dev/Bit/scripts/../build/openmp_bit_nogpu 65536 1024 1024 20
COMPILING: make -C /home/chrisarg/software-dev/Bit/scripts/.. -f Makefile -B build/openmp_bit_nogpu GPU=NONE LIBPOPCNT=1 CPU_TILE=32 BITVECTOR_TILE=512 BUFFER_SIZE=256 OUTER_ROW_NUM=6 OUTER_COL_NUM=6 OUTER_VEC_BLK=8
EXECUTING: numactl --interleave=all /home/chrisarg/software-dev/Bit/scripts/../build/openmp_bit_nogpu 262144 1024 1024 20
COMPILING: make -C /home/chrisarg/software-dev/Bit/scripts/.. -f Makefile -B build/openmp_bit_nogpu GPU=NONE LIBPOPCNT=1 CPU_TILE=32 BITVECTOR_TILE=1024 BUFFER_SIZE=256 OUTER_ROW_NUM=2 OUTER_COL_NUM=2 OUTER_VEC_BLK=2
EXECUTING: numactl --interleave=all /home/chrisarg/software-dev/Bit/scripts/../build/openmp_bit_nogpu 65536 1024 1024 20
COMPILING: make -C /home/chrisarg/software-dev/Bit/scripts/.. -f Makefile -B build/openmp_bit_nogpu GPU=NONE LIBPOPCNT=0 CPU_TILE=16 BITVECTOR_TILE=2048 BUFFER_SIZE=4096 OUTER_ROW_NUM=6 OUTER_COL_NUM=5 OUTER_VEC_BLK=3
EXECUTING: numactl --interleave=all /home/chrisarg/software-dev/Bit/scripts/../build/openmp_bit_nogpu 65536 1024 1024 20
COMPILING: make -C /home/chrisarg/software-dev/Bit/scripts/.. -f Makefile -B build/openmp_bit_nogpu GPU=NONE LIBPOPCNT=0 CPU_TILE=16 BITVECTOR_TILE=2048 BUFFER_SIZE=1024 OUTER_ROW_NUM=3 OUTER_COL_NUM=6 OUTER_VEC_BLK=6
EXECUTING: numactl --interleave=all /home/chrisarg/software-dev/Bit/scripts/../build/openmp_bit_nogpu 262144 1024 1024 20
COMPILING: make -C /home/chrisarg/software-dev/Bit/scripts/.. -f Makefile -B build/openmp_bit_nogpu GPU=NONE LIBPOPCNT=1 CPU_TILE=16 BITVECTOR_TILE=2048 BUFFER_SIZE=256 OUTER_ROW_NUM=5 OUTER_COL_NUM=5 OUTER_VEC_BLK=4
EXECUTING: numactl --interleave=all /home/chrisarg/software-dev/Bit/scripts/../build/openmp_bit_nogpu 65536 1024 1024 20
COMPILING: make -C /home/chrisarg/software-dev/Bit/scripts/.. -f Makefile -B build/openmp_bit_nogpu GPU=NONE LIBPOPCNT=0 CPU_TILE=16 BITVECTOR_TILE=1024 BUFFER_SIZE=4096 OUTER_ROW_NUM=4 OUTER_COL_NUM=1 OUTER_VEC_BLK=2
EXECUTING: numactl --interleave=all /home/chrisarg/software-dev/Bit/scripts/../build/openmp_bit_nogpu 262144 1024 1024 20
COMPILING: make -C /home/chrisarg/software-dev/Bit/scripts/.. -f Makefile -B build/openmp_bit_nogpu GPU=NONE LIBPOPCNT=1 CPU_TILE=32 BITVECTOR_TILE=2048 BUFFER_SIZE=128 OUTER_ROW_NUM=4 OUTER_COL_NUM=6 OUTER_VEC_BLK=4
EXECUTING: numactl --interleave=all /home/chrisarg/software-dev/Bit/scripts/../build/openmp_bit_nogpu 65536 1024 1024 20
COMPILING: make -C /home/chrisarg/software-dev/Bit/scripts/.. -f Makefile -B build/openmp_bit_nogpu GPU=NONE LIBPOPCNT=0 CPU_TILE=16 BITVECTOR_TILE=1024 BUFFER_SIZE=512 OUTER_ROW_NUM=4 OUTER_COL_NUM=6 OUTER_VEC_BLK=4
EXECUTING: numactl --interleave=all /home/chrisarg/software-dev/Bit/scripts/../build/openmp_bit_nogpu 65536 1024 1024 20
COMPILING: make -C /home/chrisarg/software-dev/Bit/scripts/.. -f Makefile -B build/openmp_bit_nogpu GPU=NONE LIBPOPCNT=1 CPU_TILE=64 BITVECTOR_TILE=1024 BUFFER_SIZE=1024 OUTER_ROW_NUM=6 OUTER_COL_NUM=5 OUTER_VEC_BLK=8
EXECUTING: numactl --interleave=all /home/chrisarg/software-dev/Bit/scripts/../build/openmp_bit_nogpu 65536 1024 1024 20
COMPILING: make -C /home/chrisarg/software-dev/Bit/scripts/.. -f Makefile -B build/openmp_bit_nogpu GPU=NONE LIBPOPCNT=0 CPU_TILE=16 BITVECTOR_TILE=512 BUFFER_SIZE=4096 OUTER_ROW_NUM=4 OUTER_COL_NUM=3 OUTER_VEC_BLK=6
EXECUTING: numactl --interleave=all /home/chrisarg/software-dev/Bit/scripts/../build/openmp_bit_nogpu 262144 1024 1024 20
COMPILING: make -C /home/chrisarg/software-dev/Bit/scripts/.. -f Makefile -B build/openmp_bit_nogpu GPU=NONE LIBPOPCNT=0 CPU_TILE=32 BITVECTOR_TILE=512 BUFFER_SIZE=4096 OUTER_ROW_NUM=3 OUTER_COL_NUM=6 OUTER_VEC_BLK=4
EXECUTING: numactl --interleave=all /home/chrisarg/software-dev/Bit/scripts/../build/openmp_bit_nogpu 262144 1024 1024 20
COMPILING: make -C /home/chrisarg/software-dev/Bit/scripts/.. -f Makefile -B build/openmp_bit_nogpu GPU=NONE LIBPOPCNT=0 CPU_TILE=16 BITVECTOR_TILE=512 BUFFER_SIZE=256 OUTER_ROW_NUM=5 OUTER_COL_NUM=3 OUTER_VEC_BLK=2
EXECUTING: numactl --interleave=all /home/chrisarg/software-dev/Bit/scripts/../build/openmp_bit_nogpu 262144 1024 1024 20
COMPILING: make -C /home/chrisarg/software-dev/Bit/scripts/.. -f Makefile -B build/openmp_bit_nogpu GPU=NONE LIBPOPCNT=0 CPU_TILE=32 BITVECTOR_TILE=1024 BUFFER_SIZE=512 OUTER_ROW_NUM=2 OUTER_COL_NUM=4 OUTER_VEC_BLK=2
EXECUTING: numactl --interleave=all /home/chrisarg/software-dev/Bit/scripts/../build/openmp_bit_nogpu 65536 1024 1024 20
COMPILING: make -C /home/chrisarg/software-dev/Bit/scripts/.. -f Makefile -B build/openmp_bit_nogpu GPU=NONE LIBPOPCNT=1 CPU_TILE=16 BITVECTOR_TILE=2048 BUFFER_SIZE=512 OUTER_ROW_NUM=1 OUTER_COL_NUM=6 OUTER_VEC_BLK=8
EXECUTING: numactl --interleave=all /home/chrisarg/software-dev/Bit/scripts/../build/openmp_bit_nogpu 262144 1024 1024 20
COMPILING: make -C /home/chrisarg/software-dev/Bit/scripts/.. -f Makefile -B build/openmp_bit_nogpu GPU=NONE LIBPOPCNT=1 CPU_TILE=32 BITVECTOR_TILE=2048 BUFFER_SIZE=512 OUTER_ROW_NUM=4 OUTER_COL_NUM=1 OUTER_VEC_BLK=4
EXECUTING: numactl --interleave=all /home/chrisarg/software-dev/Bit/scripts/../build/openmp_bit_nogpu 262144 1024 1024 20
COMPILING: make -C /home/chrisarg/software-dev/Bit/scripts/.. -f Makefile -B build/openmp_bit_nogpu GPU=NONE LIBPOPCNT=1 CPU_TILE=64 BITVECTOR_TILE=512 BUFFER_SIZE=512 OUTER_ROW_NUM=1 OUTER_COL_NUM=4 OUTER_VEC_BLK=4
EXECUTING: numactl --interleave=all /home/chrisarg/software-dev/Bit/scripts/../build/openmp_bit_nogpu 262144 1024 1024 20
COMPILING: make -C /home/chrisarg/software-dev/Bit/scripts/.. -f Makefile -B build/openmp_bit_nogpu GPU=NONE LIBPOPCNT=0 CPU_TILE=32 BITVECTOR_TILE=512 BUFFER_SIZE=256 OUTER_ROW_NUM=4 OUTER_COL_NUM=3 OUTER_VEC_BLK=1
EXECUTING: numactl --interleave=all /home/chrisarg/software-dev/Bit/scripts/../build/openmp_bit_nogpu 65536 1024 1024 20
COMPILING: make -C /home/chrisarg/software-dev/Bit/scripts/.. -f Makefile -B build/openmp_bit_nogpu GPU=NONE LIBPOPCNT=0 CPU_TILE=64 BITVECTOR_TILE=2048 BUFFER_SIZE=512 OUTER_ROW_NUM=6 OUTER_COL_NUM=4 OUTER_VEC_BLK=6
EXECUTING: numactl --interleave=all /home/chrisarg/software-dev/Bit/scripts/../build/openmp_bit_nogpu 262144 1024 1024 20
COMPILING: make -C /home/chrisarg/software-dev/Bit/scripts/.. -f Makefile -B build/openmp_bit_nogpu GPU=NONE LIBPOPCNT=0 CPU_TILE=64 BITVECTOR_TILE=1024 BUFFER_SIZE=512 OUTER_ROW_NUM=4 OUTER_COL_NUM=1 OUTER_VEC_BLK=4
EXECUTING: numactl --interleave=all /home/chrisarg/software-dev/Bit/scripts/../build/openmp_bit_nogpu 262144 1024 1024 20
COMPILING: make -C /home/chrisarg/software-dev/Bit/scripts/.. -f Makefile -B build/openmp_bit_nogpu GPU=NONE LIBPOPCNT=0 CPU_TILE=16 BITVECTOR_TILE=1024 BUFFER_SIZE=4096 OUTER_ROW_NUM=1 OUTER_COL_NUM=6 OUTER_VEC_BLK=6
EXECUTING: numactl --interleave=all /home/chrisarg/software-dev/Bit/scripts/../build/openmp_bit_nogpu 262144 1024 1024 20
COMPILING: make -C /home/chrisarg/software-dev/Bit/scripts/.. -f Makefile -B build/openmp_bit_nogpu GPU=NONE LIBPOPCNT=0 CPU_TILE=16 BITVECTOR_TILE=1024 BUFFER_SIZE=1024 OUTER_ROW_NUM=6 OUTER_COL_NUM=5 OUTER_VEC_BLK=1
EXECUTING: numactl --interleave=all /home/chrisarg/software-dev/Bit/scripts/../build/openmp_bit_nogpu 262144 1024 1024 20
COMPILING: make -C /home/chrisarg/software-dev/Bit/scripts/.. -f Makefile -B build/openmp_bit_nogpu GPU=NONE LIBPOPCNT=1 CPU_TILE=64 BITVECTOR_TILE=2048 BUFFER_SIZE=256 OUTER_ROW_NUM=5 OUTER_COL_NUM=2 OUTER_VEC_BLK=8
EXECUTING: numactl --interleave=all /home/chrisarg/software-dev/Bit/scripts/../build/openmp_bit_nogpu 65536 1024 1024 20
COMPILING: make -C /home/chrisarg/software-dev/Bit/scripts/.. -f Makefile -B build/openmp_bit_nogpu GPU=NONE LIBPOPCNT=1 CPU_TILE=64 BITVECTOR_TILE=512 BUFFER_SIZE=256 OUTER_ROW_NUM=2 OUTER_COL_NUM=5 OUTER_VEC_BLK=1
EXECUTING: numactl --interleave=all /home/chrisarg/software-dev/Bit/scripts/../build/openmp_bit_nogpu 262144 1024 1024 20
COMPILING: make -C /home/chrisarg/software-dev/Bit/scripts/.. -f Makefile -B build/openmp_bit_nogpu GPU=NONE LIBPOPCNT=0 CPU_TILE=64 BITVECTOR_TILE=1024 BUFFER_SIZE=512 OUTER_ROW_NUM=6 OUTER_COL_NUM=3 OUTER_VEC_BLK=2
EXECUTING: numactl --interleave=all /home/chrisarg/software-dev/Bit/scripts/../build/openmp_bit_nogpu 65536 1024 1024 20
COMPILING: make -C /home/chrisarg/software-dev/Bit/scripts/.. -f Makefile -B build/openmp_bit_nogpu GPU=NONE LIBPOPCNT=1 CPU_TILE=64 BITVECTOR_TILE=512 BUFFER_SIZE=256 OUTER_ROW_NUM=2 OUTER_COL_NUM=6 OUTER_VEC_BLK=6
EXECUTING: numactl --interleave=all /home/chrisarg/software-dev/Bit/scripts/../build/openmp_bit_nogpu 65536 1024 1024 20
COMPILING: make -C /home/chrisarg/software-dev/Bit/scripts/.. -f Makefile -B build/openmp_bit_nogpu GPU=NONE LIBPOPCNT=1 CPU_TILE=64 BITVECTOR_TILE=2048 BUFFER_SIZE=256 OUTER_ROW_NUM=2 OUTER_COL_NUM=3 OUTER_VEC_BLK=6
EXECUTING: numactl --interleave=all /home/chrisarg/software-dev/Bit/scripts/../build/openmp_bit_nogpu 65536 1024 1024 20
COMPILING: make -C /home/chrisarg/software-dev/Bit/scripts/.. -f Makefile -B build/openmp_bit_nogpu GPU=NONE LIBPOPCNT=0 CPU_TILE=64 BITVECTOR_TILE=1024 BUFFER_SIZE=1024 OUTER_ROW_NUM=3 OUTER_COL_NUM=6 OUTER_VEC_BLK=4
EXECUTING: numactl --interleave=all /home/chrisarg/software-dev/Bit/scripts/../build/openmp_bit_nogpu 262144 1024 1024 20
COMPILING: make -C /home/chrisarg/software-dev/Bit/scripts/.. -f Makefile -B build/openmp_bit_nogpu GPU=NONE LIBPOPCNT=1 CPU_TILE=32 BITVECTOR_TILE=2048 BUFFER_SIZE=128 OUTER_ROW_NUM=4 OUTER_COL_NUM=4 OUTER_VEC_BLK=2
EXECUTING: numactl --interleave=all /home/chrisarg/software-dev/Bit/scripts/../build/openmp_bit_nogpu 262144 1024 1024 20
COMPILING: make -C /home/chrisarg/software-dev/Bit/scripts/.. -f Makefile -B build/openmp_bit_nogpu GPU=NONE LIBPOPCNT=1 CPU_TILE=32 BITVECTOR_TILE=2048 BUFFER_SIZE=1024 OUTER_ROW_NUM=1 OUTER_COL_NUM=2 OUTER_VEC_BLK=2
EXECUTING: numactl --interleave=all /home/chrisarg/software-dev/Bit/scripts/../build/openmp_bit_nogpu 65536 1024 1024 20
COMPILING: make -C /home/chrisarg/software-dev/Bit/scripts/.. -f Makefile -B build/openmp_bit_nogpu GPU=NONE LIBPOPCNT=1 CPU_TILE=16 BITVECTOR_TILE=512 BUFFER_SIZE=4096 OUTER_ROW_NUM=6 OUTER_COL_NUM=3 OUTER_VEC_BLK=4
EXECUTING: numactl --interleave=all /home/chrisarg/software-dev/Bit/scripts/../build/openmp_bit_nogpu 262144 1024 1024 20
COMPILING: make -C /home/chrisarg/software-dev/Bit/scripts/.. -f Makefile -B build/openmp_bit_nogpu GPU=NONE LIBPOPCNT=0 CPU_TILE=16 BITVECTOR_TILE=1024 BUFFER_SIZE=1024 OUTER_ROW_NUM=5 OUTER_COL_NUM=2 OUTER_VEC_BLK=8
EXECUTING: numactl --interleave=all /home/chrisarg/software-dev/Bit/scripts/../build/openmp_bit_nogpu 65536 1024 1024 20
COMPILING: make -C /home/chrisarg/software-dev/Bit/scripts/.. -f Makefile -B build/openmp_bit_nogpu GPU=NONE LIBPOPCNT=1 CPU_TILE=32 BITVECTOR_TILE=2048 BUFFER_SIZE=1024 OUTER_ROW_NUM=1 OUTER_COL_NUM=2 OUTER_VEC_BLK=4
EXECUTING: numactl --interleave=all /home/chrisarg/software-dev/Bit/scripts/../build/openmp_bit_nogpu 262144 1024 1024 20
COMPILING: make -C /home/chrisarg/software-dev/Bit/scripts/.. -f Makefile -B build/openmp_bit_nogpu GPU=NONE LIBPOPCNT=1 CPU_TILE=64 BITVECTOR_TILE=512 BUFFER_SIZE=512 OUTER_ROW_NUM=2 OUTER_COL_NUM=3 OUTER_VEC_BLK=3
EXECUTING: numactl --interleave=all /home/chrisarg/software-dev/Bit/scripts/../build/openmp_bit_nogpu 65536 1024 1024 20
COMPILING: make -C /home/chrisarg/software-dev/Bit/scripts/.. -f Makefile -B build/openmp_bit_nogpu GPU=NONE LIBPOPCNT=0 CPU_TILE=16 BITVECTOR_TILE=1024 BUFFER_SIZE=256 OUTER_ROW_NUM=4 OUTER_COL_NUM=6 OUTER_VEC_BLK=8
EXECUTING: numactl --interleave=all /home/chrisarg/software-dev/Bit/scripts/../build/openmp_bit_nogpu 262144 1024 1024 20
COMPILING: make -C /home/chrisarg/software-dev/Bit/scripts/.. -f Makefile -B build/openmp_bit_nogpu GPU=NONE LIBPOPCNT=0 CPU_TILE=16 BITVECTOR_TILE=512 BUFFER_SIZE=1024 OUTER_ROW_NUM=2 OUTER_COL_NUM=3 OUTER_VEC_BLK=4
EXECUTING: numactl --interleave=all /home/chrisarg/software-dev/Bit/scripts/../build/openmp_bit_nogpu 65536 1024 1024 20
COMPILING: make -C /home/chrisarg/software-dev/Bit/scripts/.. -f Makefile -B build/openmp_bit_nogpu GPU=NONE LIBPOPCNT=0 CPU_TILE=32 BITVECTOR_TILE=2048 BUFFER_SIZE=256 OUTER_ROW_NUM=1 OUTER_COL_NUM=5 OUTER_VEC_BLK=2
EXECUTING: numactl --interleave=all /home/chrisarg/software-dev/Bit/scripts/../build/openmp_bit_nogpu 65536 1024 1024 20
COMPILING: make -C /home/chrisarg/software-dev/Bit/scripts/.. -f Makefile -B build/openmp_bit_nogpu GPU=NONE LIBPOPCNT=1 CPU_TILE=16 BITVECTOR_TILE=2048 BUFFER_SIZE=4096 OUTER_ROW_NUM=5 OUTER_COL_NUM=3 OUTER_VEC_BLK=1
EXECUTING: numactl --interleave=all /home/chrisarg/software-dev/Bit/scripts/../build/openmp_bit_nogpu 262144 1024 1024 20
COMPILING: make -C /home/chrisarg/software-dev/Bit/scripts/.. -f Makefile -B build/openmp_bit_nogpu GPU=NONE LIBPOPCNT=0 CPU_TILE=64 BITVECTOR_TILE=2048 BUFFER_SIZE=256 OUTER_ROW_NUM=6 OUTER_COL_NUM=3 OUTER_VEC_BLK=2
EXECUTING: numactl --interleave=all /home/chrisarg/software-dev/Bit/scripts/../build/openmp_bit_nogpu 65536 1024 1024 20
COMPILING: make -C /home/chrisarg/software-dev/Bit/scripts/.. -f Makefile -B build/openmp_bit_nogpu GPU=NONE LIBPOPCNT=0 CPU_TILE=64 BITVECTOR_TILE=512 BUFFER_SIZE=512 OUTER_ROW_NUM=4 OUTER_COL_NUM=4 OUTER_VEC_BLK=8
EXECUTING: numactl --interleave=all /home/chrisarg/software-dev/Bit/scripts/../build/openmp_bit_nogpu 262144 1024 1024 20
COMPILING: make -C /home/chrisarg/software-dev/Bit/scripts/.. -f Makefile -B build/openmp_bit_nogpu GPU=NONE LIBPOPCNT=0 CPU_TILE=16 BITVECTOR_TILE=2048 BUFFER_SIZE=512 OUTER_ROW_NUM=6 OUTER_COL_NUM=1 OUTER_VEC_BLK=3
EXECUTING: numactl --interleave=all /home/chrisarg/software-dev/Bit/scripts/../build/openmp_bit_nogpu 65536 1024 1024 20
COMPILING: make -C /home/chrisarg/software-dev/Bit/scripts/.. -f Makefile -B build/openmp_bit_nogpu GPU=NONE LIBPOPCNT=0 CPU_TILE=64 BITVECTOR_TILE=1024 BUFFER_SIZE=256 OUTER_ROW_NUM=5 OUTER_COL_NUM=2 OUTER_VEC_BLK=8
EXECUTING: numactl --interleave=all /home/chrisarg/software-dev/Bit/scripts/../build/openmp_bit_nogpu 262144 1024 1024 20
COMPILING: make -C /home/chrisarg/software-dev/Bit/scripts/.. -f Makefile -B build/openmp_bit_nogpu GPU=NONE LIBPOPCNT=0 CPU_TILE=64 BITVECTOR_TILE=2048 BUFFER_SIZE=256 OUTER_ROW_NUM=6 OUTER_COL_NUM=4 OUTER_VEC_BLK=3
EXECUTING: numactl --interleave=all /home/chrisarg/software-dev/Bit/scripts/../build/openmp_bit_nogpu 65536 1024 1024 20
COMPILING: make -C /home/chrisarg/software-dev/Bit/scripts/.. -f Makefile -B build/openmp_bit_nogpu GPU=NONE LIBPOPCNT=1 CPU_TILE=32 BITVECTOR_TILE=512 BUFFER_SIZE=128 OUTER_ROW_NUM=2 OUTER_COL_NUM=1 OUTER_VEC_BLK=3
EXECUTING: numactl --interleave=all /home/chrisarg/software-dev/Bit/scripts/../build/openmp_bit_nogpu 65536 1024 1024 20
COMPILING: make -C /home/chrisarg/software-dev/Bit/scripts/.. -f Makefile -B build/openmp_bit_nogpu GPU=NONE LIBPOPCNT=1 CPU_TILE=16 BITVECTOR_TILE=1024 BUFFER_SIZE=1024 OUTER_ROW_NUM=5 OUTER_COL_NUM=1 OUTER_VEC_BLK=8
EXECUTING: numactl --interleave=all /home/chrisarg/software-dev/Bit/scripts/../build/openmp_bit_nogpu 262144 1024 1024 20
COMPILING: make -C /home/chrisarg/software-dev/Bit/scripts/.. -f Makefile -B build/openmp_bit_nogpu GPU=NONE LIBPOPCNT=0 CPU_TILE=32 BITVECTOR_TILE=2048 BUFFER_SIZE=1024 OUTER_ROW_NUM=6 OUTER_COL_NUM=5 OUTER_VEC_BLK=1
EXECUTING: numactl --interleave=all /home/chrisarg/software-dev/Bit/scripts/../build/openmp_bit_nogpu 65536 1024 1024 20
COMPILING: make -C /home/chrisarg/software-dev/Bit/scripts/.. -f Makefile -B build/openmp_bit_nogpu GPU=NONE LIBPOPCNT=1 CPU_TILE=32 BITVECTOR_TILE=1024 BUFFER_SIZE=512 OUTER_ROW_NUM=2 OUTER_COL_NUM=3 OUTER_VEC_BLK=2
EXECUTING: numactl --interleave=all /home/chrisarg/software-dev/Bit/scripts/../build/openmp_bit_nogpu 65536 1024 1024 20
COMPILING: make -C /home/chrisarg/software-dev/Bit/scripts/.. -f Makefile -B build/openmp_bit_nogpu GPU=NONE LIBPOPCNT=1 CPU_TILE=64 BITVECTOR_TILE=512 BUFFER_SIZE=128 OUTER_ROW_NUM=2 OUTER_COL_NUM=5 OUTER_VEC_BLK=6
EXECUTING: numactl --interleave=all /home/chrisarg/software-dev/Bit/scripts/../build/openmp_bit_nogpu 262144 1024 1024 20
COMPILING: make -C /home/chrisarg/software-dev/Bit/scripts/.. -f Makefile -B build/openmp_bit_nogpu GPU=NONE LIBPOPCNT=0 CPU_TILE=16 BITVECTOR_TILE=2048 BUFFER_SIZE=1024 OUTER_ROW_NUM=6 OUTER_COL_NUM=6 OUTER_VEC_BLK=4
EXECUTING: numactl --interleave=all /home/chrisarg/software-dev/Bit/scripts/../build/openmp_bit_nogpu 65536 1024 1024 20
COMPILING: make -C /home/chrisarg/software-dev/Bit/scripts/.. -f Makefile -B build/openmp_bit_nogpu GPU=NONE LIBPOPCNT=0 CPU_TILE=64 BITVECTOR_TILE=2048 BUFFER_SIZE=512 OUTER_ROW_NUM=3 OUTER_COL_NUM=6 OUTER_VEC_BLK=1
EXECUTING: numactl --interleave=all /home/chrisarg/software-dev/Bit/scripts/../build/openmp_bit_nogpu 262144 1024 1024 20
COMPILING: make -C /home/chrisarg/software-dev/Bit/scripts/.. -f Makefile -B build/openmp_bit_nogpu GPU=NONE LIBPOPCNT=0 CPU_TILE=64 BITVECTOR_TILE=2048 BUFFER_SIZE=256 OUTER_ROW_NUM=3 OUTER_COL_NUM=1 OUTER_VEC_BLK=6
EXECUTING: numactl --interleave=all /home/chrisarg/software-dev/Bit/scripts/../build/openmp_bit_nogpu 65536 1024 1024 20
COMPILING: make -C /home/chrisarg/software-dev/Bit/scripts/.. -f Makefile -B build/openmp_bit_nogpu GPU=NONE LIBPOPCNT=0 CPU_TILE=16 BITVECTOR_TILE=2048 BUFFER_SIZE=1024 OUTER_ROW_NUM=2 OUTER_COL_NUM=2 OUTER_VEC_BLK=1
EXECUTING: numactl --interleave=all /home/chrisarg/software-dev/Bit/scripts/../build/openmp_bit_nogpu 65536 1024 1024 20
COMPILING: make -C /home/chrisarg/software-dev/Bit/scripts/.. -f Makefile -B build/openmp_bit_nogpu GPU=NONE LIBPOPCNT=1 CPU_TILE=16 BITVECTOR_TILE=1024 BUFFER_SIZE=128 OUTER_ROW_NUM=1 OUTER_COL_NUM=3 OUTER_VEC_BLK=2
EXECUTING: numactl --interleave=all /home/chrisarg/software-dev/Bit/scripts/../build/openmp_bit_nogpu 65536 1024 1024 20
COMPILING: make -C /home/chrisarg/software-dev/Bit/scripts/.. -f Makefile -B build/openmp_bit_nogpu GPU=NONE LIBPOPCNT=0 CPU_TILE=32 BITVECTOR_TILE=512 BUFFER_SIZE=512 OUTER_ROW_NUM=1 OUTER_COL_NUM=5 OUTER_VEC_BLK=2
EXECUTING: numactl --interleave=all /home/chrisarg/software-dev/Bit/scripts/../build/openmp_bit_nogpu 262144 1024 1024 20
COMPILING: make -C /home/chrisarg/software-dev/Bit/scripts/.. -f Makefile -B build/openmp_bit_nogpu GPU=NONE LIBPOPCNT=0 CPU_TILE=16 BITVECTOR_TILE=512 BUFFER_SIZE=1024 OUTER_ROW_NUM=1 OUTER_COL_NUM=1 OUTER_VEC_BLK=8
EXECUTING: numactl --interleave=all /home/chrisarg/software-dev/Bit/scripts/../build/openmp_bit_nogpu 262144 1024 1024 20
COMPILING: make -C /home/chrisarg/software-dev/Bit/scripts/.. -f Makefile -B build/openmp_bit_nogpu GPU=NONE LIBPOPCNT=1 CPU_TILE=32 BITVECTOR_TILE=512 BUFFER_SIZE=1024 OUTER_ROW_NUM=2 OUTER_COL_NUM=3 OUTER_VEC_BLK=4
EXECUTING: numactl --interleave=all /home/chrisarg/software-dev/Bit/scripts/../build/openmp_bit_nogpu 65536 1024 1024 20
COMPILING: make -C /home/chrisarg/software-dev/Bit/scripts/.. -f Makefile -B build/openmp_bit_nogpu GPU=NONE LIBPOPCNT=1 CPU_TILE=64 BITVECTOR_TILE=512 BUFFER_SIZE=256 OUTER_ROW_NUM=4 OUTER_COL_NUM=1 OUTER_VEC_BLK=6
EXECUTING: numactl --interleave=all /home/chrisarg/software-dev/Bit/scripts/../build/openmp_bit_nogpu 262144 1024 1024 20
COMPILING: make -C /home/chrisarg/software-dev/Bit/scripts/.. -f Makefile -B build/openmp_bit_nogpu GPU=NONE LIBPOPCNT=0 CPU_TILE=32 BITVECTOR_TILE=1024 BUFFER_SIZE=256 OUTER_ROW_NUM=1 OUTER_COL_NUM=5 OUTER_VEC_BLK=6
EXECUTING: numactl --interleave=all /home/chrisarg/software-dev/Bit/scripts/../build/openmp_bit_nogpu 262144 1024 1024 20
COMPILING: make -C /home/chrisarg/software-dev/Bit/scripts/.. -f Makefile -B build/openmp_bit_nogpu GPU=NONE LIBPOPCNT=0 CPU_TILE=32 BITVECTOR_TILE=512 BUFFER_SIZE=128 OUTER_ROW_NUM=6 OUTER_COL_NUM=3 OUTER_VEC_BLK=6
EXECUTING: numactl --interleave=all /home/chrisarg/software-dev/Bit/scripts/../build/openmp_bit_nogpu 65536 1024 1024 20
COMPILING: make -C /home/chrisarg/software-dev/Bit/scripts/.. -f Makefile -B build/openmp_bit_nogpu GPU=NONE LIBPOPCNT=1 CPU_TILE=32 BITVECTOR_TILE=512 BUFFER_SIZE=128 OUTER_ROW_NUM=3 OUTER_COL_NUM=6 OUTER_VEC_BLK=4
EXECUTING: numactl --interleave=all /home/chrisarg/software-dev/Bit/scripts/../build/openmp_bit_nogpu 262144 1024 1024 20
COMPILING: make -C /home/chrisarg/software-dev/Bit/scripts/.. -f Makefile -B build/openmp_bit_nogpu GPU=NONE LIBPOPCNT=0 CPU_TILE=32 BITVECTOR_TILE=1024 BUFFER_SIZE=512 OUTER_ROW_NUM=1 OUTER_COL_NUM=2 OUTER_VEC_BLK=4
EXECUTING: numactl --interleave=all /home/chrisarg/software-dev/Bit/scripts/../build/openmp_bit_nogpu 65536 1024 1024 20
COMPILING: make -C /home/chrisarg/software-dev/Bit/scripts/.. -f Makefile -B build/openmp_bit_nogpu GPU=NONE LIBPOPCNT=1 CPU_TILE=32 BITVECTOR_TILE=1024 BUFFER_SIZE=256 OUTER_ROW_NUM=3 OUTER_COL_NUM=4 OUTER_VEC_BLK=4
EXECUTING: numactl --interleave=all /home/chrisarg/software-dev/Bit/scripts/../build/openmp_bit_nogpu 65536 1024 1024 20
COMPILING: make -C /home/chrisarg/software-dev/Bit/scripts/.. -f Makefile -B build/openmp_bit_nogpu GPU=NONE LIBPOPCNT=1 CPU_TILE=32 BITVECTOR_TILE=512 BUFFER_SIZE=128 OUTER_ROW_NUM=1 OUTER_COL_NUM=1 OUTER_VEC_BLK=4
EXECUTING: numactl --interleave=all /home/chrisarg/software-dev/Bit/scripts/../build/openmp_bit_nogpu 65536 1024 1024 20
COMPILING: make -C /home/chrisarg/software-dev/Bit/scripts/.. -f Makefile -B build/openmp_bit_nogpu GPU=NONE LIBPOPCNT=1 CPU_TILE=64 BITVECTOR_TILE=1024 BUFFER_SIZE=128 OUTER_ROW_NUM=1 OUTER_COL_NUM=3 OUTER_VEC_BLK=1
EXECUTING: numactl --interleave=all /home/chrisarg/software-dev/Bit/scripts/../build/openmp_bit_nogpu 65536 1024 1024 20
COMPILING: make -C /home/chrisarg/software-dev/Bit/scripts/.. -f Makefile -B build/openmp_bit_nogpu GPU=NONE LIBPOPCNT=0 CPU_TILE=64 BITVECTOR_TILE=1024 BUFFER_SIZE=128 OUTER_ROW_NUM=6 OUTER_COL_NUM=2 OUTER_VEC_BLK=3
EXECUTING: numactl --interleave=all /home/chrisarg/software-dev/Bit/scripts/../build/openmp_bit_nogpu 262144 1024 1024 20
COMPILING: make -C /home/chrisarg/software-dev/Bit/scripts/.. -f Makefile -B build/openmp_bit_nogpu GPU=NONE LIBPOPCNT=0 CPU_TILE=32 BITVECTOR_TILE=512 BUFFER_SIZE=4096 OUTER_ROW_NUM=1 OUTER_COL_NUM=3 OUTER_VEC_BLK=8
EXECUTING: numactl --interleave=all /home/chrisarg/software-dev/Bit/scripts/../build/openmp_bit_nogpu 65536 1024 1024 20
COMPILING: make -C /home/chrisarg/software-dev/Bit/scripts/.. -f Makefile -B build/openmp_bit_nogpu GPU=NONE LIBPOPCNT=1 CPU_TILE=32 BITVECTOR_TILE=512 BUFFER_SIZE=128 OUTER_ROW_NUM=5 OUTER_COL_NUM=2 OUTER_VEC_BLK=2
EXECUTING: numactl --interleave=all /home/chrisarg/software-dev/Bit/scripts/../build/openmp_bit_nogpu 262144 1024 1024 20
COMPILING: make -C /home/chrisarg/software-dev/Bit/scripts/.. -f Makefile -B build/openmp_bit_nogpu GPU=NONE LIBPOPCNT=0 CPU_TILE=64 BITVECTOR_TILE=512 BUFFER_SIZE=1024 OUTER_ROW_NUM=3 OUTER_COL_NUM=4 OUTER_VEC_BLK=8
EXECUTING: numactl --interleave=all /home/chrisarg/software-dev/Bit/scripts/../build/openmp_bit_nogpu 65536 1024 1024 20
COMPILING: make -C /home/chrisarg/software-dev/Bit/scripts/.. -f Makefile -B build/openmp_bit_nogpu GPU=NONE LIBPOPCNT=0 CPU_TILE=16 BITVECTOR_TILE=2048 BUFFER_SIZE=256 OUTER_ROW_NUM=2 OUTER_COL_NUM=4 OUTER_VEC_BLK=3
EXECUTING: numactl --interleave=all /home/chrisarg/software-dev/Bit/scripts/../build/openmp_bit_nogpu 262144 1024 1024 20
COMPILING: make -C /home/chrisarg/software-dev/Bit/scripts/.. -f Makefile -B build/openmp_bit_nogpu GPU=NONE LIBPOPCNT=0 CPU_TILE=16 BITVECTOR_TILE=1024 BUFFER_SIZE=4096 OUTER_ROW_NUM=6 OUTER_COL_NUM=6 OUTER_VEC_BLK=6
EXECUTING: numactl --interleave=all /home/chrisarg/software-dev/Bit/scripts/../build/openmp_bit_nogpu 262144 1024 1024 20
COMPILING: make -C /home/chrisarg/software-dev/Bit/scripts/.. -f Makefile -B build/openmp_bit_nogpu GPU=NONE LIBPOPCNT=1 CPU_TILE=32 BITVECTOR_TILE=512 BUFFER_SIZE=128 OUTER_ROW_NUM=3 OUTER_COL_NUM=1 OUTER_VEC_BLK=1
EXECUTING: numactl --interleave=all /home/chrisarg/software-dev/Bit/scripts/../build/openmp_bit_nogpu 65536 1024 1024 20
COMPILING: make -C /home/chrisarg/software-dev/Bit/scripts/.. -f Makefile -B build/openmp_bit_nogpu GPU=NONE LIBPOPCNT=1 CPU_TILE=32 BITVECTOR_TILE=512 BUFFER_SIZE=1024 OUTER_ROW_NUM=1 OUTER_COL_NUM=1 OUTER_VEC_BLK=8
EXECUTING: numactl --interleave=all /home/chrisarg/software-dev/Bit/scripts/../build/openmp_bit_nogpu 65536 1024 1024 20
COMPILING: make -C /home/chrisarg/software-dev/Bit/scripts/.. -f Makefile -B build/openmp_bit_nogpu GPU=NONE LIBPOPCNT=1 CPU_TILE=16 BITVECTOR_TILE=2048 BUFFER_SIZE=128 OUTER_ROW_NUM=2 OUTER_COL_NUM=4 OUTER_VEC_BLK=8
EXECUTING: numactl --interleave=all /home/chrisarg/software-dev/Bit/scripts/../build/openmp_bit_nogpu 65536 1024 1024 20
COMPILING: make -C /home/chrisarg/software-dev/Bit/scripts/.. -f Makefile -B build/openmp_bit_nogpu GPU=NONE LIBPOPCNT=1 CPU_TILE=32 BITVECTOR_TILE=2048 BUFFER_SIZE=256 OUTER_ROW_NUM=4 OUTER_COL_NUM=5 OUTER_VEC_BLK=4
EXECUTING: numactl --interleave=all /home/chrisarg/software-dev/Bit/scripts/../build/openmp_bit_nogpu 65536 1024 1024 20
COMPILING: make -C /home/chrisarg/software-dev/Bit/scripts/.. -f Makefile -B build/openmp_bit_nogpu GPU=NONE LIBPOPCNT=0 CPU_TILE=32 BITVECTOR_TILE=2048 BUFFER_SIZE=512 OUTER_ROW_NUM=5 OUTER_COL_NUM=5 OUTER_VEC_BLK=4
EXECUTING: numactl --interleave=all /home/chrisarg/software-dev/Bit/scripts/../build/openmp_bit_nogpu 262144 1024 1024 20
COMPILING: make -C /home/chrisarg/software-dev/Bit/scripts/.. -f Makefile -B build/openmp_bit_nogpu GPU=NONE LIBPOPCNT=0 CPU_TILE=64 BITVECTOR_TILE=1024 BUFFER_SIZE=256 OUTER_ROW_NUM=6 OUTER_COL_NUM=3 OUTER_VEC_BLK=1
EXECUTING: numactl --interleave=all /home/chrisarg/software-dev/Bit/scripts/../build/openmp_bit_nogpu 262144 1024 1024 20
COMPILING: make -C /home/chrisarg/software-dev/Bit/scripts/.. -f Makefile -B build/openmp_bit_nogpu GPU=NONE LIBPOPCNT=0 CPU_TILE=64 BITVECTOR_TILE=2048 BUFFER_SIZE=256 OUTER_ROW_NUM=1 OUTER_COL_NUM=3 OUTER_VEC_BLK=1
EXECUTING: numactl --interleave=all /home/chrisarg/software-dev/Bit/scripts/../build/openmp_bit_nogpu 262144 1024 1024 20
COMPILING: make -C /home/chrisarg/software-dev/Bit/scripts/.. -f Makefile -B build/openmp_bit_nogpu GPU=NONE LIBPOPCNT=0 CPU_TILE=16 BITVECTOR_TILE=512 BUFFER_SIZE=512 OUTER_ROW_NUM=1 OUTER_COL_NUM=3 OUTER_VEC_BLK=3
EXECUTING: numactl --interleave=all /home/chrisarg/software-dev/Bit/scripts/../build/openmp_bit_nogpu 262144 1024 1024 20
COMPILING: make -C /home/chrisarg/software-dev/Bit/scripts/.. -f Makefile -B build/openmp_bit_nogpu GPU=NONE LIBPOPCNT=1 CPU_TILE=32 BITVECTOR_TILE=1024 BUFFER_SIZE=1024 OUTER_ROW_NUM=5 OUTER_COL_NUM=6 OUTER_VEC_BLK=3
EXECUTING: numactl --interleave=all /home/chrisarg/software-dev/Bit/scripts/../build/openmp_bit_nogpu 65536 1024 1024 20
COMPILING: make -C /home/chrisarg/software-dev/Bit/scripts/.. -f Makefile -B build/openmp_bit_nogpu GPU=NONE LIBPOPCNT=1 CPU_TILE=64 BITVECTOR_TILE=512 BUFFER_SIZE=4096 OUTER_ROW_NUM=4 OUTER_COL_NUM=6 OUTER_VEC_BLK=1
EXECUTING: numactl --interleave=all /home/chrisarg/software-dev/Bit/scripts/../build/openmp_bit_nogpu 65536 1024 1024 20
COMPILING: make -C /home/chrisarg/software-dev/Bit/scripts/.. -f Makefile -B build/openmp_bit_nogpu GPU=NONE LIBPOPCNT=1 CPU_TILE=16 BITVECTOR_TILE=512 BUFFER_SIZE=128 OUTER_ROW_NUM=2 OUTER_COL_NUM=1 OUTER_VEC_BLK=2
EXECUTING: numactl --interleave=all /home/chrisarg/software-dev/Bit/scripts/../build/openmp_bit_nogpu 262144 1024 1024 20
COMPILING: make -C /home/chrisarg/software-dev/Bit/scripts/.. -f Makefile -B build/openmp_bit_nogpu GPU=NONE LIBPOPCNT=0 CPU_TILE=64 BITVECTOR_TILE=512 BUFFER_SIZE=256 OUTER_ROW_NUM=2 OUTER_COL_NUM=6 OUTER_VEC_BLK=8
EXECUTING: numactl --interleave=all /home/chrisarg/software-dev/Bit/scripts/../build/openmp_bit_nogpu 262144 1024 1024 20
COMPILING: make -C /home/chrisarg/software-dev/Bit/scripts/.. -f Makefile -B build/openmp_bit_nogpu GPU=NONE LIBPOPCNT=0 CPU_TILE=16 BITVECTOR_TILE=1024 BUFFER_SIZE=4096 OUTER_ROW_NUM=5 OUTER_COL_NUM=4 OUTER_VEC_BLK=1
EXECUTING: numactl --interleave=all /home/chrisarg/software-dev/Bit/scripts/../build/openmp_bit_nogpu 262144 1024 1024 20
COMPILING: make -C /home/chrisarg/software-dev/Bit/scripts/.. -f Makefile -B build/openmp_bit_nogpu GPU=NONE LIBPOPCNT=1 CPU_TILE=32 BITVECTOR_TILE=1024 BUFFER_SIZE=128 OUTER_ROW_NUM=5 OUTER_COL_NUM=4 OUTER_VEC_BLK=1
EXECUTING: numactl --interleave=all /home/chrisarg/software-dev/Bit/scripts/../build/openmp_bit_nogpu 65536 1024 1024 20
COMPILING: make -C /home/chrisarg/software-dev/Bit/scripts/.. -f Makefile -B build/openmp_bit_nogpu GPU=NONE LIBPOPCNT=1 CPU_TILE=64 BITVECTOR_TILE=1024 BUFFER_SIZE=1024 OUTER_ROW_NUM=5 OUTER_COL_NUM=5 OUTER_VEC_BLK=6
EXECUTING: numactl --interleave=all /home/chrisarg/software-dev/Bit/scripts/../build/openmp_bit_nogpu 65536 1024 1024 20
COMPILING: make -C /home/chrisarg/software-dev/Bit/scripts/.. -f Makefile -B build/openmp_bit_nogpu GPU=NONE LIBPOPCNT=0 CPU_TILE=16 BITVECTOR_TILE=1024 BUFFER_SIZE=512 OUTER_ROW_NUM=6 OUTER_COL_NUM=5 OUTER_VEC_BLK=3
EXECUTING: numactl --interleave=all /home/chrisarg/software-dev/Bit/scripts/../build/openmp_bit_nogpu 262144 1024 1024 20
COMPILING: make -C /home/chrisarg/software-dev/Bit/scripts/.. -f Makefile -B build/openmp_bit_nogpu GPU=NONE LIBPOPCNT=0 CPU_TILE=32 BITVECTOR_TILE=512 BUFFER_SIZE=512 OUTER_ROW_NUM=5 OUTER_COL_NUM=5 OUTER_VEC_BLK=1
EXECUTING: numactl --interleave=all /home/chrisarg/software-dev/Bit/scripts/../build/openmp_bit_nogpu 65536 1024 1024 20
COMPILING: make -C /home/chrisarg/software-dev/Bit/scripts/.. -f Makefile -B build/openmp_bit_nogpu GPU=NONE LIBPOPCNT=0 CPU_TILE=64 BITVECTOR_TILE=512 BUFFER_SIZE=4096 OUTER_ROW_NUM=5 OUTER_COL_NUM=3 OUTER_VEC_BLK=8
EXECUTING: numactl --interleave=all /home/chrisarg/software-dev/Bit/scripts/../build/openmp_bit_nogpu 65536 1024 1024 20
COMPILING: make -C /home/chrisarg/software-dev/Bit/scripts/.. -f Makefile -B build/openmp_bit_nogpu GPU=NONE LIBPOPCNT=0 CPU_TILE=64 BITVECTOR_TILE=1024 BUFFER_SIZE=1024 OUTER_ROW_NUM=3 OUTER_COL_NUM=4 OUTER_VEC_BLK=1
EXECUTING: numactl --interleave=all /home/chrisarg/software-dev/Bit/scripts/../build/openmp_bit_nogpu 262144 1024 1024 20
COMPILING: make -C /home/chrisarg/software-dev/Bit/scripts/.. -f Makefile -B build/openmp_bit_nogpu GPU=NONE LIBPOPCNT=0 CPU_TILE=32 BITVECTOR_TILE=2048 BUFFER_SIZE=128 OUTER_ROW_NUM=5 OUTER_COL_NUM=6 OUTER_VEC_BLK=3
EXECUTING: numactl --interleave=all /home/chrisarg/software-dev/Bit/scripts/../build/openmp_bit_nogpu 65536 1024 1024 20
COMPILING: make -C /home/chrisarg/software-dev/Bit/scripts/.. -f Makefile -B build/openmp_bit_nogpu GPU=NONE LIBPOPCNT=1 CPU_TILE=32 BITVECTOR_TILE=1024 BUFFER_SIZE=4096 OUTER_ROW_NUM=6 OUTER_COL_NUM=4 OUTER_VEC_BLK=2
EXECUTING: numactl --interleave=all /home/chrisarg/software-dev/Bit/scripts/../build/openmp_bit_nogpu 262144 1024 1024 20
COMPILING: make -C /home/chrisarg/software-dev/Bit/scripts/.. -f Makefile -B build/openmp_bit_nogpu GPU=NONE LIBPOPCNT=0 CPU_TILE=32 BITVECTOR_TILE=1024 BUFFER_SIZE=128 OUTER_ROW_NUM=4 OUTER_COL_NUM=5 OUTER_VEC_BLK=1
EXECUTING: numactl --interleave=all /home/chrisarg/software-dev/Bit/scripts/../build/openmp_bit_nogpu 65536 1024 1024 20
COMPILING: make -C /home/chrisarg/software-dev/Bit/scripts/.. -f Makefile -B build/openmp_bit_nogpu GPU=NONE LIBPOPCNT=1 CPU_TILE=64 BITVECTOR_TILE=512 BUFFER_SIZE=4096 OUTER_ROW_NUM=5 OUTER_COL_NUM=2 OUTER_VEC_BLK=3
EXECUTING: numactl --interleave=all /home/chrisarg/software-dev/Bit/scripts/../build/openmp_bit_nogpu 262144 1024 1024 20
COMPILING: make -C /home/chrisarg/software-dev/Bit/scripts/.. -f Makefile -B build/openmp_bit_nogpu GPU=NONE LIBPOPCNT=0 CPU_TILE=32 BITVECTOR_TILE=512 BUFFER_SIZE=4096 OUTER_ROW_NUM=2 OUTER_COL_NUM=2 OUTER_VEC_BLK=3
EXECUTING: numactl --interleave=all /home/chrisarg/software-dev/Bit/scripts/../build/openmp_bit_nogpu 65536 1024 1024 20
COMPILING: make -C /home/chrisarg/software-dev/Bit/scripts/.. -f Makefile -B build/openmp_bit_nogpu GPU=NONE LIBPOPCNT=1 CPU_TILE=64 BITVECTOR_TILE=1024 BUFFER_SIZE=4096 OUTER_ROW_NUM=4 OUTER_COL_NUM=6 OUTER_VEC_BLK=4
EXECUTING: numactl --interleave=all /home/chrisarg/software-dev/Bit/scripts/../build/openmp_bit_nogpu 262144 1024 1024 20
COMPILING: make -C /home/chrisarg/software-dev/Bit/scripts/.. -f Makefile -B build/openmp_bit_nogpu GPU=NONE LIBPOPCNT=0 CPU_TILE=32 BITVECTOR_TILE=2048 BUFFER_SIZE=1024 OUTER_ROW_NUM=4 OUTER_COL_NUM=3 OUTER_VEC_BLK=4
EXECUTING: numactl --interleave=all /home/chrisarg/software-dev/Bit/scripts/../build/openmp_bit_nogpu 65536 1024 1024 20
COMPILING: make -C /home/chrisarg/software-dev/Bit/scripts/.. -f Makefile -B build/openmp_bit_nogpu GPU=NONE LIBPOPCNT=1 CPU_TILE=64 BITVECTOR_TILE=512 BUFFER_SIZE=128 OUTER_ROW_NUM=3 OUTER_COL_NUM=2 OUTER_VEC_BLK=6
EXECUTING: numactl --interleave=all /home/chrisarg/software-dev/Bit/scripts/../build/openmp_bit_nogpu 262144 1024 1024 20
COMPILING: make -C /home/chrisarg/software-dev/Bit/scripts/.. -f Makefile -B build/openmp_bit_nogpu GPU=NONE LIBPOPCNT=0 CPU_TILE=64 BITVECTOR_TILE=2048 BUFFER_SIZE=4096 OUTER_ROW_NUM=5 OUTER_COL_NUM=5 OUTER_VEC_BLK=8
EXECUTING: numactl --interleave=all /home/chrisarg/software-dev/Bit/scripts/../build/openmp_bit_nogpu 65536 1024 1024 20
COMPILING: make -C /home/chrisarg/software-dev/Bit/scripts/.. -f Makefile -B build/openmp_bit_nogpu GPU=NONE LIBPOPCNT=1 CPU_TILE=64 BITVECTOR_TILE=1024 BUFFER_SIZE=4096 OUTER_ROW_NUM=3 OUTER_COL_NUM=1 OUTER_VEC_BLK=3
EXECUTING: numactl --interleave=all /home/chrisarg/software-dev/Bit/scripts/../build/openmp_bit_nogpu 262144 1024 1024 20
COMPILING: make -C /home/chrisarg/software-dev/Bit/scripts/.. -f Makefile -B build/openmp_bit_nogpu GPU=NONE LIBPOPCNT=1 CPU_TILE=64 BITVECTOR_TILE=1024 BUFFER_SIZE=256 OUTER_ROW_NUM=6 OUTER_COL_NUM=4 OUTER_VEC_BLK=3
EXECUTING: numactl --interleave=all /home/chrisarg/software-dev/Bit/scripts/../build/openmp_bit_nogpu 262144 1024 1024 20
COMPILING: make -C /home/chrisarg/software-dev/Bit/scripts/.. -f Makefile -B build/openmp_bit_nogpu GPU=NONE LIBPOPCNT=1 CPU_TILE=16 BITVECTOR_TILE=2048 BUFFER_SIZE=512 OUTER_ROW_NUM=4 OUTER_COL_NUM=6 OUTER_VEC_BLK=6
EXECUTING: numactl --interleave=all /home/chrisarg/software-dev/Bit/scripts/../build/openmp_bit_nogpu 65536 1024 1024 20
COMPILING: make -C /home/chrisarg/software-dev/Bit/scripts/.. -f Makefile -B build/openmp_bit_nogpu GPU=NONE LIBPOPCNT=0 CPU_TILE=32 BITVECTOR_TILE=1024 BUFFER_SIZE=128 OUTER_ROW_NUM=1 OUTER_COL_NUM=3 OUTER_VEC_BLK=8
EXECUTING: numactl --interleave=all /home/chrisarg/software-dev/Bit/scripts/../build/openmp_bit_nogpu 65536 1024 1024 20
COMPILING: make -C /home/chrisarg/software-dev/Bit/scripts/.. -f Makefile -B build/openmp_bit_nogpu GPU=NONE LIBPOPCNT=0 CPU_TILE=16 BITVECTOR_TILE=512 BUFFER_SIZE=256 OUTER_ROW_NUM=2 OUTER_COL_NUM=3 OUTER_VEC_BLK=3
EXECUTING: numactl --interleave=all /home/chrisarg/software-dev/Bit/scripts/../build/openmp_bit_nogpu 262144 1024 1024 20
COMPILING: make -C /home/chrisarg/software-dev/Bit/scripts/.. -f Makefile -B build/openmp_bit_nogpu GPU=NONE LIBPOPCNT=0 CPU_TILE=64 BITVECTOR_TILE=1024 BUFFER_SIZE=256 OUTER_ROW_NUM=1 OUTER_COL_NUM=2 OUTER_VEC_BLK=3
EXECUTING: numactl --interleave=all /home/chrisarg/software-dev/Bit/scripts/../build/openmp_bit_nogpu 262144 1024 1024 20
COMPILING: make -C /home/chrisarg/software-dev/Bit/scripts/.. -f Makefile -B build/openmp_bit_nogpu GPU=NONE LIBPOPCNT=0 CPU_TILE=16 BITVECTOR_TILE=2048 BUFFER_SIZE=128 OUTER_ROW_NUM=6 OUTER_COL_NUM=1 OUTER_VEC_BLK=4
EXECUTING: numactl --interleave=all /home/chrisarg/software-dev/Bit/scripts/../build/openmp_bit_nogpu 262144 1024 1024 20
COMPILING: make -C /home/chrisarg/software-dev/Bit/scripts/.. -f Makefile -B build/openmp_bit_nogpu GPU=NONE LIBPOPCNT=0 CPU_TILE=32 BITVECTOR_TILE=2048 BUFFER_SIZE=512 OUTER_ROW_NUM=3 OUTER_COL_NUM=6 OUTER_VEC_BLK=4
EXECUTING: numactl --interleave=all /home/chrisarg/software-dev/Bit/scripts/../build/openmp_bit_nogpu 65536 1024 1024 20
COMPILING: make -C /home/chrisarg/software-dev/Bit/scripts/.. -f Makefile -B build/openmp_bit_nogpu GPU=NONE LIBPOPCNT=1 CPU_TILE=64 BITVECTOR_TILE=1024 BUFFER_SIZE=1024 OUTER_ROW_NUM=1 OUTER_COL_NUM=1 OUTER_VEC_BLK=3
EXECUTING: numactl --interleave=all /home/chrisarg/software-dev/Bit/scripts/../build/openmp_bit_nogpu 65536 1024 1024 20
COMPILING: make -C /home/chrisarg/software-dev/Bit/scripts/.. -f Makefile -B build/openmp_bit_nogpu GPU=NONE LIBPOPCNT=0 CPU_TILE=16 BITVECTOR_TILE=512 BUFFER_SIZE=512 OUTER_ROW_NUM=1 OUTER_COL_NUM=1 OUTER_VEC_BLK=6
EXECUTING: numactl --interleave=all /home/chrisarg/software-dev/Bit/scripts/../build/openmp_bit_nogpu 65536 1024 1024 20
COMPILING: make -C /home/chrisarg/software-dev/Bit/scripts/.. -f Makefile -B build/openmp_bit_nogpu GPU=NONE LIBPOPCNT=1 CPU_TILE=64 BITVECTOR_TILE=1024 BUFFER_SIZE=128 OUTER_ROW_NUM=1 OUTER_COL_NUM=2 OUTER_VEC_BLK=6
EXECUTING: numactl --interleave=all /home/chrisarg/software-dev/Bit/scripts/../build/openmp_bit_nogpu 65536 1024 1024 20
COMPILING: make -C /home/chrisarg/software-dev/Bit/scripts/.. -f Makefile -B build/openmp_bit_nogpu GPU=NONE LIBPOPCNT=0 CPU_TILE=64 BITVECTOR_TILE=512 BUFFER_SIZE=256 OUTER_ROW_NUM=4 OUTER_COL_NUM=1 OUTER_VEC_BLK=8
EXECUTING: numactl --interleave=all /home/chrisarg/software-dev/Bit/scripts/../build/openmp_bit_nogpu 65536 1024 1024 20
COMPILING: make -C /home/chrisarg/software-dev/Bit/scripts/.. -f Makefile -B build/openmp_bit_nogpu GPU=NONE LIBPOPCNT=0 CPU_TILE=16 BITVECTOR_TILE=2048 BUFFER_SIZE=4096 OUTER_ROW_NUM=6 OUTER_COL_NUM=5 OUTER_VEC_BLK=1
EXECUTING: numactl --interleave=all /home/chrisarg/software-dev/Bit/scripts/../build/openmp_bit_nogpu 262144 1024 1024 20
COMPILING: make -C /home/chrisarg/software-dev/Bit/scripts/.. -f Makefile -B build/openmp_bit_nogpu GPU=NONE LIBPOPCNT=1 CPU_TILE=64 BITVECTOR_TILE=512 BUFFER_SIZE=256 OUTER_ROW_NUM=6 OUTER_COL_NUM=3 OUTER_VEC_BLK=4
EXECUTING: numactl --interleave=all /home/chrisarg/software-dev/Bit/scripts/../build/openmp_bit_nogpu 65536 1024 1024 20
COMPILING: make -C /home/chrisarg/software-dev/Bit/scripts/.. -f Makefile -B build/openmp_bit_nogpu GPU=NONE LIBPOPCNT=0 CPU_TILE=16 BITVECTOR_TILE=1024 BUFFER_SIZE=1024 OUTER_ROW_NUM=3 OUTER_COL_NUM=1 OUTER_VEC_BLK=2
EXECUTING: numactl --interleave=all /home/chrisarg/software-dev/Bit/scripts/../build/openmp_bit_nogpu 65536 1024 1024 20
COMPILING: make -C /home/chrisarg/software-dev/Bit/scripts/.. -f Makefile -B build/openmp_bit_nogpu GPU=NONE LIBPOPCNT=1 CPU_TILE=16 BITVECTOR_TILE=2048 BUFFER_SIZE=4096 OUTER_ROW_NUM=1 OUTER_COL_NUM=2 OUTER_VEC_BLK=6
EXECUTING: numactl --interleave=all /home/chrisarg/software-dev/Bit/scripts/../build/openmp_bit_nogpu 262144 1024 1024 20
COMPILING: make -C /home/chrisarg/software-dev/Bit/scripts/.. -f Makefile -B build/openmp_bit_nogpu GPU=NONE LIBPOPCNT=1 CPU_TILE=32 BITVECTOR_TILE=512 BUFFER_SIZE=128 OUTER_ROW_NUM=4 OUTER_COL_NUM=2 OUTER_VEC_BLK=3
EXECUTING: numactl --interleave=all /home/chrisarg/software-dev/Bit/scripts/../build/openmp_bit_nogpu 262144 1024 1024 20
COMPILING: make -C /home/chrisarg/software-dev/Bit/scripts/.. -f Makefile -B build/openmp_bit_nogpu GPU=NONE LIBPOPCNT=0 CPU_TILE=32 BITVECTOR_TILE=2048 BUFFER_SIZE=512 OUTER_ROW_NUM=5 OUTER_COL_NUM=2 OUTER_VEC_BLK=3
EXECUTING: numactl --interleave=all /home/chrisarg/software-dev/Bit/scripts/../build/openmp_bit_nogpu 65536 1024 1024 20
COMPILING: make -C /home/chrisarg/software-dev/Bit/scripts/.. -f Makefile -B build/openmp_bit_nogpu GPU=NONE LIBPOPCNT=1 CPU_TILE=16 BITVECTOR_TILE=2048 BUFFER_SIZE=256 OUTER_ROW_NUM=3 OUTER_COL_NUM=5 OUTER_VEC_BLK=3
EXECUTING: numactl --interleave=all /home/chrisarg/software-dev/Bit/scripts/../build/openmp_bit_nogpu 65536 1024 1024 20
COMPILING: make -C /home/chrisarg/software-dev/Bit/scripts/.. -f Makefile -B build/openmp_bit_nogpu GPU=NONE LIBPOPCNT=0 CPU_TILE=16 BITVECTOR_TILE=2048 BUFFER_SIZE=256 OUTER_ROW_NUM=3 OUTER_COL_NUM=3 OUTER_VEC_BLK=8
EXECUTING: numactl --interleave=all /home/chrisarg/software-dev/Bit/scripts/../build/openmp_bit_nogpu 65536 1024 1024 20
COMPILING: make -C /home/chrisarg/software-dev/Bit/scripts/.. -f Makefile -B build/openmp_bit_nogpu GPU=NONE LIBPOPCNT=0 CPU_TILE=32 BITVECTOR_TILE=512 BUFFER_SIZE=512 OUTER_ROW_NUM=3 OUTER_COL_NUM=2 OUTER_VEC_BLK=3
EXECUTING: numactl --interleave=all /home/chrisarg/software-dev/Bit/scripts/../build/openmp_bit_nogpu 65536 1024 1024 20
COMPILING: make -C /home/chrisarg/software-dev/Bit/scripts/.. -f Makefile -B build/openmp_bit_nogpu GPU=NONE LIBPOPCNT=0 CPU_TILE=32 BITVECTOR_TILE=512 BUFFER_SIZE=1024 OUTER_ROW_NUM=2 OUTER_COL_NUM=2 OUTER_VEC_BLK=2
EXECUTING: numactl --interleave=all /home/chrisarg/software-dev/Bit/scripts/../build/openmp_bit_nogpu 262144 1024 1024 20
COMPILING: make -C /home/chrisarg/software-dev/Bit/scripts/.. -f Makefile -B build/openmp_bit_nogpu GPU=NONE LIBPOPCNT=1 CPU_TILE=32 BITVECTOR_TILE=2048 BUFFER_SIZE=128 OUTER_ROW_NUM=6 OUTER_COL_NUM=5 OUTER_VEC_BLK=8
EXECUTING: numactl --interleave=all /home/chrisarg/software-dev/Bit/scripts/../build/openmp_bit_nogpu 262144 1024 1024 20
COMPILING: make -C /home/chrisarg/software-dev/Bit/scripts/.. -f Makefile -B build/openmp_bit_nogpu GPU=NONE LIBPOPCNT=1 CPU_TILE=16 BITVECTOR_TILE=1024 BUFFER_SIZE=256 OUTER_ROW_NUM=3 OUTER_COL_NUM=1 OUTER_VEC_BLK=4
EXECUTING: numactl --interleave=all /home/chrisarg/software-dev/Bit/scripts/../build/openmp_bit_nogpu 65536 1024 1024 20
COMPILING: make -C /home/chrisarg/software-dev/Bit/scripts/.. -f Makefile -B build/openmp_bit_nogpu GPU=NONE LIBPOPCNT=0 CPU_TILE=32 BITVECTOR_TILE=512 BUFFER_SIZE=256 OUTER_ROW_NUM=3 OUTER_COL_NUM=3 OUTER_VEC_BLK=2
EXECUTING: numactl --interleave=all /home/chrisarg/software-dev/Bit/scripts/../build/openmp_bit_nogpu 65536 1024 1024 20
COMPILING: make -C /home/chrisarg/software-dev/Bit/scripts/.. -f Makefile -B build/openmp_bit_nogpu GPU=NONE LIBPOPCNT=1 CPU_TILE=16 BITVECTOR_TILE=1024 BUFFER_SIZE=1024 OUTER_ROW_NUM=2 OUTER_COL_NUM=6 OUTER_VEC_BLK=1
EXECUTING: numactl --interleave=all /home/chrisarg/software-dev/Bit/scripts/../build/openmp_bit_nogpu 262144 1024 1024 20
COMPILING: make -C /home/chrisarg/software-dev/Bit/scripts/.. -f Makefile -B build/openmp_bit_nogpu GPU=NONE LIBPOPCNT=1 CPU_TILE=16 BITVECTOR_TILE=1024 BUFFER_SIZE=512 OUTER_ROW_NUM=1 OUTER_COL_NUM=3 OUTER_VEC_BLK=3
EXECUTING: numactl --interleave=all /home/chrisarg/software-dev/Bit/scripts/../build/openmp_bit_nogpu 262144 1024 1024 20
COMPILING: make -C /home/chrisarg/software-dev/Bit/scripts/.. -f Makefile -B build/openmp_bit_nogpu GPU=NONE LIBPOPCNT=0 CPU_TILE=16 BITVECTOR_TILE=2048 BUFFER_SIZE=1024 OUTER_ROW_NUM=4 OUTER_COL_NUM=5 OUTER_VEC_BLK=4
EXECUTING: numactl --interleave=all /home/chrisarg/software-dev/Bit/scripts/../build/openmp_bit_nogpu 65536 1024 1024 20
COMPILING: make -C /home/chrisarg/software-dev/Bit/scripts/.. -f Makefile -B build/openmp_bit_nogpu GPU=NONE LIBPOPCNT=0 CPU_TILE=16 BITVECTOR_TILE=2048 BUFFER_SIZE=1024 OUTER_ROW_NUM=1 OUTER_COL_NUM=2 OUTER_VEC_BLK=8
EXECUTING: numactl --interleave=all /home/chrisarg/software-dev/Bit/scripts/../build/openmp_bit_nogpu 65536 1024 1024 20
COMPILING: make -C /home/chrisarg/software-dev/Bit/scripts/.. -f Makefile -B build/openmp_bit_nogpu GPU=NONE LIBPOPCNT=0 CPU_TILE=16 BITVECTOR_TILE=2048 BUFFER_SIZE=128 OUTER_ROW_NUM=5 OUTER_COL_NUM=5 OUTER_VEC_BLK=8
EXECUTING: numactl --interleave=all /home/chrisarg/software-dev/Bit/scripts/../build/openmp_bit_nogpu 65536 1024 1024 20
COMPILING: make -C /home/chrisarg/software-dev/Bit/scripts/.. -f Makefile -B build/openmp_bit_nogpu GPU=NONE LIBPOPCNT=1 CPU_TILE=16 BITVECTOR_TILE=1024 BUFFER_SIZE=256 OUTER_ROW_NUM=4 OUTER_COL_NUM=2 OUTER_VEC_BLK=4
EXECUTING: numactl --interleave=all /home/chrisarg/software-dev/Bit/scripts/../build/openmp_bit_nogpu 65536 1024 1024 20
COMPILING: make -C /home/chrisarg/software-dev/Bit/scripts/.. -f Makefile -B build/openmp_bit_nogpu GPU=NONE LIBPOPCNT=0 CPU_TILE=16 BITVECTOR_TILE=2048 BUFFER_SIZE=4096 OUTER_ROW_NUM=1 OUTER_COL_NUM=4 OUTER_VEC_BLK=6
EXECUTING: numactl --interleave=all /home/chrisarg/software-dev/Bit/scripts/../build/openmp_bit_nogpu 65536 1024 1024 20
COMPILING: make -C /home/chrisarg/software-dev/Bit/scripts/.. -f Makefile -B build/openmp_bit_nogpu GPU=NONE LIBPOPCNT=1 CPU_TILE=32 BITVECTOR_TILE=1024 BUFFER_SIZE=128 OUTER_ROW_NUM=2 OUTER_COL_NUM=6 OUTER_VEC_BLK=1
EXECUTING: numactl --interleave=all /home/chrisarg/software-dev/Bit/scripts/../build/openmp_bit_nogpu 65536 1024 1024 20
COMPILING: make -C /home/chrisarg/software-dev/Bit/scripts/.. -f Makefile -B build/openmp_bit_nogpu GPU=NONE LIBPOPCNT=0 CPU_TILE=32 BITVECTOR_TILE=2048 BUFFER_SIZE=4096 OUTER_ROW_NUM=1 OUTER_COL_NUM=3 OUTER_VEC_BLK=8
EXECUTING: numactl --interleave=all /home/chrisarg/software-dev/Bit/scripts/../build/openmp_bit_nogpu 262144 1024 1024 20
COMPILING: make -C /home/chrisarg/software-dev/Bit/scripts/.. -f Makefile -B build/openmp_bit_nogpu GPU=NONE LIBPOPCNT=0 CPU_TILE=32 BITVECTOR_TILE=1024 BUFFER_SIZE=1024 OUTER_ROW_NUM=3 OUTER_COL_NUM=6 OUTER_VEC_BLK=4
EXECUTING: numactl --interleave=all /home/chrisarg/software-dev/Bit/scripts/../build/openmp_bit_nogpu 65536 1024 1024 20
COMPILING: make -C /home/chrisarg/software-dev/Bit/scripts/.. -f Makefile -B build/openmp_bit_nogpu GPU=NONE LIBPOPCNT=1 CPU_TILE=64 BITVECTOR_TILE=1024 BUFFER_SIZE=4096 OUTER_ROW_NUM=2 OUTER_COL_NUM=2 OUTER_VEC_BLK=6
EXECUTING: numactl --interleave=all /home/chrisarg/software-dev/Bit/scripts/../build/openmp_bit_nogpu 262144 1024 1024 20
COMPILING: make -C /home/chrisarg/software-dev/Bit/scripts/.. -f Makefile -B build/openmp_bit_nogpu GPU=NONE LIBPOPCNT=1 CPU_TILE=16 BITVECTOR_TILE=2048 BUFFER_SIZE=4096 OUTER_ROW_NUM=2 OUTER_COL_NUM=3 OUTER_VEC_BLK=2
EXECUTING: numactl --interleave=all /home/chrisarg/software-dev/Bit/scripts/../build/openmp_bit_nogpu 262144 1024 1024 20
COMPILING: make -C /home/chrisarg/software-dev/Bit/scripts/.. -f Makefile -B build/openmp_bit_nogpu GPU=NONE LIBPOPCNT=0 CPU_TILE=64 BITVECTOR_TILE=1024 BUFFER_SIZE=512 OUTER_ROW_NUM=2 OUTER_COL_NUM=6 OUTER_VEC_BLK=1
EXECUTING: numactl --interleave=all /home/chrisarg/software-dev/Bit/scripts/../build/openmp_bit_nogpu 65536 1024 1024 20
COMPILING: make -C /home/chrisarg/software-dev/Bit/scripts/.. -f Makefile -B build/openmp_bit_nogpu GPU=NONE LIBPOPCNT=1 CPU_TILE=32 BITVECTOR_TILE=2048 BUFFER_SIZE=1024 OUTER_ROW_NUM=4 OUTER_COL_NUM=3 OUTER_VEC_BLK=8
EXECUTING: numactl --interleave=all /home/chrisarg/software-dev/Bit/scripts/../build/openmp_bit_nogpu 65536 1024 1024 20
COMPILING: make -C /home/chrisarg/software-dev/Bit/scripts/.. -f Makefile -B build/openmp_bit_nogpu GPU=NONE LIBPOPCNT=1 CPU_TILE=64 BITVECTOR_TILE=512 BUFFER_SIZE=512 OUTER_ROW_NUM=6 OUTER_COL_NUM=4 OUTER_VEC_BLK=1
EXECUTING: numactl --interleave=all /home/chrisarg/software-dev/Bit/scripts/../build/openmp_bit_nogpu 262144 1024 1024 20
COMPILING: make -C /home/chrisarg/software-dev/Bit/scripts/.. -f Makefile -B build/openmp_bit_nogpu GPU=NONE LIBPOPCNT=0 CPU_TILE=16 BITVECTOR_TILE=512 BUFFER_SIZE=1024 OUTER_ROW_NUM=4 OUTER_COL_NUM=3 OUTER_VEC_BLK=2
EXECUTING: numactl --interleave=all /home/chrisarg/software-dev/Bit/scripts/../build/openmp_bit_nogpu 65536 1024 1024 20
COMPILING: make -C /home/chrisarg/software-dev/Bit/scripts/.. -f Makefile -B build/openmp_bit_nogpu GPU=NONE LIBPOPCNT=0 CPU_TILE=16 BITVECTOR_TILE=512 BUFFER_SIZE=512 OUTER_ROW_NUM=6 OUTER_COL_NUM=1 OUTER_VEC_BLK=3
EXECUTING: numactl --interleave=all /home/chrisarg/software-dev/Bit/scripts/../build/openmp_bit_nogpu 65536 1024 1024 20
COMPILING: make -C /home/chrisarg/software-dev/Bit/scripts/.. -f Makefile -B build/openmp_bit_nogpu GPU=NONE LIBPOPCNT=1 CPU_TILE=16 BITVECTOR_TILE=2048 BUFFER_SIZE=256 OUTER_ROW_NUM=1 OUTER_COL_NUM=4 OUTER_VEC_BLK=8
EXECUTING: numactl --interleave=all /home/chrisarg/software-dev/Bit/scripts/../build/openmp_bit_nogpu 65536 1024 1024 20
COMPILING: make -C /home/chrisarg/software-dev/Bit/scripts/.. -f Makefile -B build/openmp_bit_nogpu GPU=NONE LIBPOPCNT=1 CPU_TILE=32 BITVECTOR_TILE=1024 BUFFER_SIZE=256 OUTER_ROW_NUM=2 OUTER_COL_NUM=3 OUTER_VEC_BLK=4
EXECUTING: numactl --interleave=all /home/chrisarg/software-dev/Bit/scripts/../build/openmp_bit_nogpu 65536 1024 1024 20
COMPILING: make -C /home/chrisarg/software-dev/Bit/scripts/.. -f Makefile -B build/openmp_bit_nogpu GPU=NONE LIBPOPCNT=1 CPU_TILE=16 BITVECTOR_TILE=2048 BUFFER_SIZE=128 OUTER_ROW_NUM=1 OUTER_COL_NUM=3 OUTER_VEC_BLK=2
EXECUTING: numactl --interleave=all /home/chrisarg/software-dev/Bit/scripts/../build/openmp_bit_nogpu 65536 1024 1024 20
COMPILING: make -C /home/chrisarg/software-dev/Bit/scripts/.. -f Makefile -B build/openmp_bit_nogpu GPU=NONE LIBPOPCNT=0 CPU_TILE=32 BITVECTOR_TILE=1024 BUFFER_SIZE=128 OUTER_ROW_NUM=3 OUTER_COL_NUM=2 OUTER_VEC_BLK=2
EXECUTING: numactl --interleave=all /home/chrisarg/software-dev/Bit/scripts/../build/openmp_bit_nogpu 262144 1024 1024 20
COMPILING: make -C /home/chrisarg/software-dev/Bit/scripts/.. -f Makefile -B build/openmp_bit_nogpu GPU=NONE LIBPOPCNT=1 CPU_TILE=16 BITVECTOR_TILE=1024 BUFFER_SIZE=128 OUTER_ROW_NUM=2 OUTER_COL_NUM=6 OUTER_VEC_BLK=1
EXECUTING: numactl --interleave=all /home/chrisarg/software-dev/Bit/scripts/../build/openmp_bit_nogpu 65536 1024 1024 20
COMPILING: make -C /home/chrisarg/software-dev/Bit/scripts/.. -f Makefile -B build/openmp_bit_nogpu GPU=NONE LIBPOPCNT=1 CPU_TILE=32 BITVECTOR_TILE=512 BUFFER_SIZE=1024 OUTER_ROW_NUM=5 OUTER_COL_NUM=5 OUTER_VEC_BLK=8
EXECUTING: numactl --interleave=all /home/chrisarg/software-dev/Bit/scripts/../build/openmp_bit_nogpu 262144 1024 1024 20
COMPILING: make -C /home/chrisarg/software-dev/Bit/scripts/.. -f Makefile -B build/openmp_bit_nogpu GPU=NONE LIBPOPCNT=1 CPU_TILE=64 BITVECTOR_TILE=1024 BUFFER_SIZE=512 OUTER_ROW_NUM=5 OUTER_COL_NUM=6 OUTER_VEC_BLK=3
EXECUTING: numactl --interleave=all /home/chrisarg/software-dev/Bit/scripts/../build/openmp_bit_nogpu 65536 1024 1024 20
COMPILING: make -C /home/chrisarg/software-dev/Bit/scripts/.. -f Makefile -B build/openmp_bit_nogpu GPU=NONE LIBPOPCNT=1 CPU_TILE=32 BITVECTOR_TILE=512 BUFFER_SIZE=512 OUTER_ROW_NUM=3 OUTER_COL_NUM=5 OUTER_VEC_BLK=3
EXECUTING: numactl --interleave=all /home/chrisarg/software-dev/Bit/scripts/../build/openmp_bit_nogpu 262144 1024 1024 20
COMPILING: make -C /home/chrisarg/software-dev/Bit/scripts/.. -f Makefile -B build/openmp_bit_nogpu GPU=NONE LIBPOPCNT=0 CPU_TILE=16 BITVECTOR_TILE=2048 BUFFER_SIZE=4096 OUTER_ROW_NUM=3 OUTER_COL_NUM=5 OUTER_VEC_BLK=2
EXECUTING: numactl --interleave=all /home/chrisarg/software-dev/Bit/scripts/../build/openmp_bit_nogpu 262144 1024 1024 20
COMPILING: make -C /home/chrisarg/software-dev/Bit/scripts/.. -f Makefile -B build/openmp_bit_nogpu GPU=NONE LIBPOPCNT=0 CPU_TILE=16 BITVECTOR_TILE=2048 BUFFER_SIZE=256 OUTER_ROW_NUM=4 OUTER_COL_NUM=2 OUTER_VEC_BLK=2
EXECUTING: numactl --interleave=all /home/chrisarg/software-dev/Bit/scripts/../build/openmp_bit_nogpu 65536 1024 1024 20
COMPILING: make -C /home/chrisarg/software-dev/Bit/scripts/.. -f Makefile -B build/openmp_bit_nogpu GPU=NONE LIBPOPCNT=0 CPU_TILE=32 BITVECTOR_TILE=512 BUFFER_SIZE=128 OUTER_ROW_NUM=4 OUTER_COL_NUM=6 OUTER_VEC_BLK=3
EXECUTING: numactl --interleave=all /home/chrisarg/software-dev/Bit/scripts/../build/openmp_bit_nogpu 65536 1024 1024 20
COMPILING: make -C /home/chrisarg/software-dev/Bit/scripts/.. -f Makefile -B build/openmp_bit_nogpu GPU=NONE LIBPOPCNT=0 CPU_TILE=16 BITVECTOR_TILE=1024 BUFFER_SIZE=4096 OUTER_ROW_NUM=4 OUTER_COL_NUM=6 OUTER_VEC_BLK=8
EXECUTING: numactl --interleave=all /home/chrisarg/software-dev/Bit/scripts/../build/openmp_bit_nogpu 262144 1024 1024 20
COMPILING: make -C /home/chrisarg/software-dev/Bit/scripts/.. -f Makefile -B build/openmp_bit_nogpu GPU=NONE LIBPOPCNT=0 CPU_TILE=64 BITVECTOR_TILE=512 BUFFER_SIZE=4096 OUTER_ROW_NUM=3 OUTER_COL_NUM=3 OUTER_VEC_BLK=6
EXECUTING: numactl --interleave=all /home/chrisarg/software-dev/Bit/scripts/../build/openmp_bit_nogpu 65536 1024 1024 20
COMPILING: make -C /home/chrisarg/software-dev/Bit/scripts/.. -f Makefile -B build/openmp_bit_nogpu GPU=NONE LIBPOPCNT=0 CPU_TILE=32 BITVECTOR_TILE=2048 BUFFER_SIZE=1024 OUTER_ROW_NUM=1 OUTER_COL_NUM=2 OUTER_VEC_BLK=1
EXECUTING: numactl --interleave=all /home/chrisarg/software-dev/Bit/scripts/../build/openmp_bit_nogpu 262144 1024 1024 20
COMPILING: make -C /home/chrisarg/software-dev/Bit/scripts/.. -f Makefile -B build/openmp_bit_nogpu GPU=NONE LIBPOPCNT=1 CPU_TILE=32 BITVECTOR_TILE=1024 BUFFER_SIZE=256 OUTER_ROW_NUM=3 OUTER_COL_NUM=4 OUTER_VEC_BLK=3
EXECUTING: numactl --interleave=all /home/chrisarg/software-dev/Bit/scripts/../build/openmp_bit_nogpu 262144 1024 1024 20
COMPILING: make -C /home/chrisarg/software-dev/Bit/scripts/.. -f Makefile -B build/openmp_bit_nogpu GPU=NONE LIBPOPCNT=0 CPU_TILE=16 BITVECTOR_TILE=2048 BUFFER_SIZE=4096 OUTER_ROW_NUM=2 OUTER_COL_NUM=2 OUTER_VEC_BLK=6
EXECUTING: numactl --interleave=all /home/chrisarg/software-dev/Bit/scripts/../build/openmp_bit_nogpu 65536 1024 1024 20
COMPILING: make -C /home/chrisarg/software-dev/Bit/scripts/.. -f Makefile -B build/openmp_bit_nogpu GPU=NONE LIBPOPCNT=0 CPU_TILE=16 BITVECTOR_TILE=512 BUFFER_SIZE=4096 OUTER_ROW_NUM=6 OUTER_COL_NUM=2 OUTER_VEC_BLK=3
EXECUTING: numactl --interleave=all /home/chrisarg/software-dev/Bit/scripts/../build/openmp_bit_nogpu 262144 1024 1024 20
COMPILING: make -C /home/chrisarg/software-dev/Bit/scripts/.. -f Makefile -B build/openmp_bit_nogpu GPU=NONE LIBPOPCNT=0 CPU_TILE=32 BITVECTOR_TILE=1024 BUFFER_SIZE=512 OUTER_ROW_NUM=3 OUTER_COL_NUM=4 OUTER_VEC_BLK=2
EXECUTING: numactl --interleave=all /home/chrisarg/software-dev/Bit/scripts/../build/openmp_bit_nogpu 65536 1024 1024 20
COMPILING: make -C /home/chrisarg/software-dev/Bit/scripts/.. -f Makefile -B build/openmp_bit_nogpu GPU=NONE LIBPOPCNT=0 CPU_TILE=32 BITVECTOR_TILE=1024 BUFFER_SIZE=512 OUTER_ROW_NUM=2 OUTER_COL_NUM=5 OUTER_VEC_BLK=6
EXECUTING: numactl --interleave=all /home/chrisarg/software-dev/Bit/scripts/../build/openmp_bit_nogpu 65536 1024 1024 20
COMPILING: make -C /home/chrisarg/software-dev/Bit/scripts/.. -f Makefile -B build/openmp_bit_nogpu GPU=NONE LIBPOPCNT=1 CPU_TILE=64 BITVECTOR_TILE=512 BUFFER_SIZE=4096 OUTER_ROW_NUM=6 OUTER_COL_NUM=3 OUTER_VEC_BLK=2
EXECUTING: numactl --interleave=all /home/chrisarg/software-dev/Bit/scripts/../build/openmp_bit_nogpu 262144 1024 1024 20
COMPILING: make -C /home/chrisarg/software-dev/Bit/scripts/.. -f Makefile -B build/openmp_bit_nogpu GPU=NONE LIBPOPCNT=0 CPU_TILE=16 BITVECTOR_TILE=1024 BUFFER_SIZE=512 OUTER_ROW_NUM=4 OUTER_COL_NUM=4 OUTER_VEC_BLK=6
EXECUTING: numactl --interleave=all /home/chrisarg/software-dev/Bit/scripts/../build/openmp_bit_nogpu 65536 1024 1024 20
COMPILING: make -C /home/chrisarg/software-dev/Bit/scripts/.. -f Makefile -B build/openmp_bit_nogpu GPU=NONE LIBPOPCNT=0 CPU_TILE=32 BITVECTOR_TILE=2048 BUFFER_SIZE=256 OUTER_ROW_NUM=5 OUTER_COL_NUM=1 OUTER_VEC_BLK=3
EXECUTING: numactl --interleave=all /home/chrisarg/software-dev/Bit/scripts/../build/openmp_bit_nogpu 65536 1024 1024 20
COMPILING: make -C /home/chrisarg/software-dev/Bit/scripts/.. -f Makefile -B build/openmp_bit_nogpu GPU=NONE LIBPOPCNT=0 CPU_TILE=32 BITVECTOR_TILE=2048 BUFFER_SIZE=256 OUTER_ROW_NUM=2 OUTER_COL_NUM=4 OUTER_VEC_BLK=2
EXECUTING: numactl --interleave=all /home/chrisarg/software-dev/Bit/scripts/../build/openmp_bit_nogpu 262144 1024 1024 20
COMPILING: make -C /home/chrisarg/software-dev/Bit/scripts/.. -f Makefile -B build/openmp_bit_nogpu GPU=NONE LIBPOPCNT=0 CPU_TILE=32 BITVECTOR_TILE=2048 BUFFER_SIZE=256 OUTER_ROW_NUM=6 OUTER_COL_NUM=3 OUTER_VEC_BLK=2
EXECUTING: numactl --interleave=all /home/chrisarg/software-dev/Bit/scripts/../build/openmp_bit_nogpu 65536 1024 1024 20
COMPILING: make -C /home/chrisarg/software-dev/Bit/scripts/.. -f Makefile -B build/openmp_bit_nogpu GPU=NONE LIBPOPCNT=1 CPU_TILE=16 BITVECTOR_TILE=1024 BUFFER_SIZE=128 OUTER_ROW_NUM=6 OUTER_COL_NUM=4 OUTER_VEC_BLK=4
EXECUTING: numactl --interleave=all /home/chrisarg/software-dev/Bit/scripts/../build/openmp_bit_nogpu 262144 1024 1024 20
COMPILING: make -C /home/chrisarg/software-dev/Bit/scripts/.. -f Makefile -B build/openmp_bit_nogpu GPU=NONE LIBPOPCNT=1 CPU_TILE=16 BITVECTOR_TILE=2048 BUFFER_SIZE=512 OUTER_ROW_NUM=5 OUTER_COL_NUM=5 OUTER_VEC_BLK=1
EXECUTING: numactl --interleave=all /home/chrisarg/software-dev/Bit/scripts/../build/openmp_bit_nogpu 262144 1024 1024 20
COMPILING: make -C /home/chrisarg/software-dev/Bit/scripts/.. -f Makefile -B build/openmp_bit_nogpu GPU=NONE LIBPOPCNT=1 CPU_TILE=16 BITVECTOR_TILE=2048 BUFFER_SIZE=512 OUTER_ROW_NUM=3 OUTER_COL_NUM=3 OUTER_VEC_BLK=2
EXECUTING: numactl --interleave=all /home/chrisarg/software-dev/Bit/scripts/../build/openmp_bit_nogpu 65536 1024 1024 20
COMPILING: make -C /home/chrisarg/software-dev/Bit/scripts/.. -f Makefile -B build/openmp_bit_nogpu GPU=NONE LIBPOPCNT=0 CPU_TILE=32 BITVECTOR_TILE=1024 BUFFER_SIZE=256 OUTER_ROW_NUM=5 OUTER_COL_NUM=4 OUTER_VEC_BLK=4
EXECUTING: numactl --interleave=all /home/chrisarg/software-dev/Bit/scripts/../build/openmp_bit_nogpu 65536 1024 1024 20
COMPILING: make -C /home/chrisarg/software-dev/Bit/scripts/.. -f Makefile -B build/openmp_bit_nogpu GPU=NONE LIBPOPCNT=0 CPU_TILE=64 BITVECTOR_TILE=1024 BUFFER_SIZE=1024 OUTER_ROW_NUM=1 OUTER_COL_NUM=3 OUTER_VEC_BLK=2
EXECUTING: numactl --interleave=all /home/chrisarg/software-dev/Bit/scripts/../build/openmp_bit_nogpu 262144 1024 1024 20
COMPILING: make -C /home/chrisarg/software-dev/Bit/scripts/.. -f Makefile -B build/openmp_bit_nogpu GPU=NONE LIBPOPCNT=1 CPU_TILE=32 BITVECTOR_TILE=1024 BUFFER_SIZE=512 OUTER_ROW_NUM=5 OUTER_COL_NUM=1 OUTER_VEC_BLK=3
EXECUTING: numactl --interleave=all /home/chrisarg/software-dev/Bit/scripts/../build/openmp_bit_nogpu 65536 1024 1024 20
COMPILING: make -C /home/chrisarg/software-dev/Bit/scripts/.. -f Makefile -B build/openmp_bit_nogpu GPU=NONE LIBPOPCNT=1 CPU_TILE=64 BITVECTOR_TILE=2048 BUFFER_SIZE=512 OUTER_ROW_NUM=3 OUTER_COL_NUM=6 OUTER_VEC_BLK=3
EXECUTING: numactl --interleave=all /home/chrisarg/software-dev/Bit/scripts/../build/openmp_bit_nogpu 262144 1024 1024 20
COMPILING: make -C /home/chrisarg/software-dev/Bit/scripts/.. -f Makefile -B build/openmp_bit_nogpu GPU=NONE LIBPOPCNT=1 CPU_TILE=32 BITVECTOR_TILE=512 BUFFER_SIZE=128 OUTER_ROW_NUM=2 OUTER_COL_NUM=3 OUTER_VEC_BLK=8
EXECUTING: numactl --interleave=all /home/chrisarg/software-dev/Bit/scripts/../build/openmp_bit_nogpu 262144 1024 1024 20
COMPILING: make -C /home/chrisarg/software-dev/Bit/scripts/.. -f Makefile -B build/openmp_bit_nogpu GPU=NONE LIBPOPCNT=1 CPU_TILE=32 BITVECTOR_TILE=512 BUFFER_SIZE=4096 OUTER_ROW_NUM=2 OUTER_COL_NUM=4 OUTER_VEC_BLK=1
EXECUTING: numactl --interleave=all /home/chrisarg/software-dev/Bit/scripts/../build/openmp_bit_nogpu 262144 1024 1024 20
COMPILING: make -C /home/chrisarg/software-dev/Bit/scripts/.. -f Makefile -B build/openmp_bit_nogpu GPU=NONE LIBPOPCNT=0 CPU_TILE=32 BITVECTOR_TILE=512 BUFFER_SIZE=1024 OUTER_ROW_NUM=2 OUTER_COL_NUM=4 OUTER_VEC_BLK=8
EXECUTING: numactl --interleave=all /home/chrisarg/software-dev/Bit/scripts/../build/openmp_bit_nogpu 262144 1024 1024 20
COMPILING: make -C /home/chrisarg/software-dev/Bit/scripts/.. -f Makefile -B build/openmp_bit_nogpu GPU=NONE LIBPOPCNT=1 CPU_TILE=64 BITVECTOR_TILE=2048 BUFFER_SIZE=1024 OUTER_ROW_NUM=1 OUTER_COL_NUM=4 OUTER_VEC_BLK=1
EXECUTING: numactl --interleave=all /home/chrisarg/software-dev/Bit/scripts/../build/openmp_bit_nogpu 65536 1024 1024 20
COMPILING: make -C /home/chrisarg/software-dev/Bit/scripts/.. -f Makefile -B build/openmp_bit_nogpu GPU=NONE LIBPOPCNT=1 CPU_TILE=16 BITVECTOR_TILE=1024 BUFFER_SIZE=1024 OUTER_ROW_NUM=4 OUTER_COL_NUM=5 OUTER_VEC_BLK=8
EXECUTING: numactl --interleave=all /home/chrisarg/software-dev/Bit/scripts/../build/openmp_bit_nogpu 65536 1024 1024 20
COMPILING: make -C /home/chrisarg/software-dev/Bit/scripts/.. -f Makefile -B build/openmp_bit_nogpu GPU=NONE LIBPOPCNT=1 CPU_TILE=16 BITVECTOR_TILE=512 BUFFER_SIZE=4096 OUTER_ROW_NUM=1 OUTER_COL_NUM=3 OUTER_VEC_BLK=3
EXECUTING: numactl --interleave=all /home/chrisarg/software-dev/Bit/scripts/../build/openmp_bit_nogpu 262144 1024 1024 20
COMPILING: make -C /home/chrisarg/software-dev/Bit/scripts/.. -f Makefile -B build/openmp_bit_nogpu GPU=NONE LIBPOPCNT=1 CPU_TILE=64 BITVECTOR_TILE=512 BUFFER_SIZE=4096 OUTER_ROW_NUM=3 OUTER_COL_NUM=6 OUTER_VEC_BLK=1
EXECUTING: numactl --interleave=all /home/chrisarg/software-dev/Bit/scripts/../build/openmp_bit_nogpu 65536 1024 1024 20
COMPILING: make -C /home/chrisarg/software-dev/Bit/scripts/.. -f Makefile -B build/openmp_bit_nogpu GPU=NONE LIBPOPCNT=1 CPU_TILE=16 BITVECTOR_TILE=1024 BUFFER_SIZE=4096 OUTER_ROW_NUM=4 OUTER_COL_NUM=2 OUTER_VEC_BLK=8
EXECUTING: numactl --interleave=all /home/chrisarg/software-dev/Bit/scripts/../build/openmp_bit_nogpu 262144 1024 1024 20
COMPILING: make -C /home/chrisarg/software-dev/Bit/scripts/.. -f Makefile -B build/openmp_bit_nogpu GPU=NONE LIBPOPCNT=1 CPU_TILE=16 BITVECTOR_TILE=512 BUFFER_SIZE=256 OUTER_ROW_NUM=3 OUTER_COL_NUM=4 OUTER_VEC_BLK=1
EXECUTING: numactl --interleave=all /home/chrisarg/software-dev/Bit/scripts/../build/openmp_bit_nogpu 65536 1024 1024 20
COMPILING: make -C /home/chrisarg/software-dev/Bit/scripts/.. -f Makefile -B build/openmp_bit_nogpu GPU=NONE LIBPOPCNT=1 CPU_TILE=64 BITVECTOR_TILE=2048 BUFFER_SIZE=4096 OUTER_ROW_NUM=2 OUTER_COL_NUM=5 OUTER_VEC_BLK=1
EXECUTING: numactl --interleave=all /home/chrisarg/software-dev/Bit/scripts/../build/openmp_bit_nogpu 65536 1024 1024 20
COMPILING: make -C /home/chrisarg/software-dev/Bit/scripts/.. -f Makefile -B build/openmp_bit_nogpu GPU=NONE LIBPOPCNT=1 CPU_TILE=32 BITVECTOR_TILE=512 BUFFER_SIZE=128 OUTER_ROW_NUM=3 OUTER_COL_NUM=4 OUTER_VEC_BLK=6
EXECUTING: numactl --interleave=all /home/chrisarg/software-dev/Bit/scripts/../build/openmp_bit_nogpu 65536 1024 1024 20
COMPILING: make -C /home/chrisarg/software-dev/Bit/scripts/.. -f Makefile -B build/openmp_bit_nogpu GPU=NONE LIBPOPCNT=1 CPU_TILE=16 BITVECTOR_TILE=512 BUFFER_SIZE=1024 OUTER_ROW_NUM=6 OUTER_COL_NUM=6 OUTER_VEC_BLK=8
EXECUTING: numactl --interleave=all /home/chrisarg/software-dev/Bit/scripts/../build/openmp_bit_nogpu 65536 1024 1024 20
COMPILING: make -C /home/chrisarg/software-dev/Bit/scripts/.. -f Makefile -B build/openmp_bit_nogpu GPU=NONE LIBPOPCNT=0 CPU_TILE=64 BITVECTOR_TILE=1024 BUFFER_SIZE=128 OUTER_ROW_NUM=4 OUTER_COL_NUM=2 OUTER_VEC_BLK=8
EXECUTING: numactl --interleave=all /home/chrisarg/software-dev/Bit/scripts/../build/openmp_bit_nogpu 262144 1024 1024 20
COMPILING: make -C /home/chrisarg/software-dev/Bit/scripts/.. -f Makefile -B build/openmp_bit_nogpu GPU=NONE LIBPOPCNT=1 CPU_TILE=32 BITVECTOR_TILE=1024 BUFFER_SIZE=256 OUTER_ROW_NUM=5 OUTER_COL_NUM=6 OUTER_VEC_BLK=8
EXECUTING: numactl --interleave=all /home/chrisarg/software-dev/Bit/scripts/../build/openmp_bit_nogpu 65536 1024 1024 20
COMPILING: make -C /home/chrisarg/software-dev/Bit/scripts/.. -f Makefile -B build/openmp_bit_nogpu GPU=NONE LIBPOPCNT=1 CPU_TILE=32 BITVECTOR_TILE=2048 BUFFER_SIZE=4096 OUTER_ROW_NUM=4 OUTER_COL_NUM=5 OUTER_VEC_BLK=4
EXECUTING: numactl --interleave=all /home/chrisarg/software-dev/Bit/scripts/../build/openmp_bit_nogpu 262144 1024 1024 20
COMPILING: make -C /home/chrisarg/software-dev/Bit/scripts/.. -f Makefile -B build/openmp_bit_nogpu GPU=NONE LIBPOPCNT=1 CPU_TILE=16 BITVECTOR_TILE=2048 BUFFER_SIZE=128 OUTER_ROW_NUM=4 OUTER_COL_NUM=4 OUTER_VEC_BLK=2
EXECUTING: numactl --interleave=all /home/chrisarg/software-dev/Bit/scripts/../build/openmp_bit_nogpu 65536 1024 1024 20
COMPILING: make -C /home/chrisarg/software-dev/Bit/scripts/.. -f Makefile -B build/openmp_bit_nogpu GPU=NONE LIBPOPCNT=1 CPU_TILE=16 BITVECTOR_TILE=1024 BUFFER_SIZE=256 OUTER_ROW_NUM=3 OUTER_COL_NUM=4 OUTER_VEC_BLK=1
EXECUTING: numactl --interleave=all /home/chrisarg/software-dev/Bit/scripts/../build/openmp_bit_nogpu 262144 1024 1024 20
COMPILING: make -C /home/chrisarg/software-dev/Bit/scripts/.. -f Makefile -B build/openmp_bit_nogpu GPU=NONE LIBPOPCNT=0 CPU_TILE=16 BITVECTOR_TILE=1024 BUFFER_SIZE=1024 OUTER_ROW_NUM=1 OUTER_COL_NUM=4 OUTER_VEC_BLK=8
EXECUTING: numactl --interleave=all /home/chrisarg/software-dev/Bit/scripts/../build/openmp_bit_nogpu 262144 1024 1024 20
COMPILING: make -C /home/chrisarg/software-dev/Bit/scripts/.. -f Makefile -B build/openmp_bit_nogpu GPU=NONE LIBPOPCNT=1 CPU_TILE=16 BITVECTOR_TILE=2048 BUFFER_SIZE=1024 OUTER_ROW_NUM=1 OUTER_COL_NUM=5 OUTER_VEC_BLK=1
EXECUTING: numactl --interleave=all /home/chrisarg/software-dev/Bit/scripts/../build/openmp_bit_nogpu 262144 1024 1024 20
COMPILING: make -C /home/chrisarg/software-dev/Bit/scripts/.. -f Makefile -B build/openmp_bit_nogpu GPU=NONE LIBPOPCNT=1 CPU_TILE=64 BITVECTOR_TILE=512 BUFFER_SIZE=128 OUTER_ROW_NUM=2 OUTER_COL_NUM=4 OUTER_VEC_BLK=1
EXECUTING: numactl --interleave=all /home/chrisarg/software-dev/Bit/scripts/../build/openmp_bit_nogpu 262144 1024 1024 20
COMPILING: make -C /home/chrisarg/software-dev/Bit/scripts/.. -f Makefile -B build/openmp_bit_nogpu GPU=NONE LIBPOPCNT=0 CPU_TILE=64 BITVECTOR_TILE=1024 BUFFER_SIZE=4096 OUTER_ROW_NUM=1 OUTER_COL_NUM=1 OUTER_VEC_BLK=6
EXECUTING: numactl --interleave=all /home/chrisarg/software-dev/Bit/scripts/../build/openmp_bit_nogpu 65536 1024 1024 20
COMPILING: make -C /home/chrisarg/software-dev/Bit/scripts/.. -f Makefile -B build/openmp_bit_nogpu GPU=NONE LIBPOPCNT=1 CPU_TILE=64 BITVECTOR_TILE=512 BUFFER_SIZE=1024 OUTER_ROW_NUM=4 OUTER_COL_NUM=5 OUTER_VEC_BLK=1
EXECUTING: numactl --interleave=all /home/chrisarg/software-dev/Bit/scripts/../build/openmp_bit_nogpu 65536 1024 1024 20
COMPILING: make -C /home/chrisarg/software-dev/Bit/scripts/.. -f Makefile -B build/openmp_bit_nogpu GPU=NONE LIBPOPCNT=0 CPU_TILE=64 BITVECTOR_TILE=2048 BUFFER_SIZE=128 OUTER_ROW_NUM=2 OUTER_COL_NUM=4 OUTER_VEC_BLK=6
EXECUTING: numactl --interleave=all /home/chrisarg/software-dev/Bit/scripts/../build/openmp_bit_nogpu 262144 1024 1024 20
COMPILING: make -C /home/chrisarg/software-dev/Bit/scripts/.. -f Makefile -B build/openmp_bit_nogpu GPU=NONE LIBPOPCNT=0 CPU_TILE=16 BITVECTOR_TILE=2048 BUFFER_SIZE=512 OUTER_ROW_NUM=3 OUTER_COL_NUM=5 OUTER_VEC_BLK=4
EXECUTING: numactl --interleave=all /home/chrisarg/software-dev/Bit/scripts/../build/openmp_bit_nogpu 262144 1024 1024 20
COMPILING: make -C /home/chrisarg/software-dev/Bit/scripts/.. -f Makefile -B build/openmp_bit_nogpu GPU=NONE LIBPOPCNT=0 CPU_TILE=32 BITVECTOR_TILE=512 BUFFER_SIZE=512 OUTER_ROW_NUM=5 OUTER_COL_NUM=6 OUTER_VEC_BLK=1
EXECUTING: numactl --interleave=all /home/chrisarg/software-dev/Bit/scripts/../build/openmp_bit_nogpu 262144 1024 1024 20
COMPILING: make -C /home/chrisarg/software-dev/Bit/scripts/.. -f Makefile -B build/openmp_bit_nogpu GPU=NONE LIBPOPCNT=0 CPU_TILE=16 BITVECTOR_TILE=2048 BUFFER_SIZE=512 OUTER_ROW_NUM=1 OUTER_COL_NUM=2 OUTER_VEC_BLK=4
EXECUTING: numactl --interleave=all /home/chrisarg/software-dev/Bit/scripts/../build/openmp_bit_nogpu 262144 1024 1024 20
COMPILING: make -C /home/chrisarg/software-dev/Bit/scripts/.. -f Makefile -B build/openmp_bit_nogpu GPU=NONE LIBPOPCNT=1 CPU_TILE=16 BITVECTOR_TILE=2048 BUFFER_SIZE=256 OUTER_ROW_NUM=4 OUTER_COL_NUM=1 OUTER_VEC_BLK=8
EXECUTING: numactl --interleave=all /home/chrisarg/software-dev/Bit/scripts/../build/openmp_bit_nogpu 65536 1024 1024 20
COMPILING: make -C /home/chrisarg/software-dev/Bit/scripts/.. -f Makefile -B build/openmp_bit_nogpu GPU=NONE LIBPOPCNT=1 CPU_TILE=16 BITVECTOR_TILE=2048 BUFFER_SIZE=1024 OUTER_ROW_NUM=5 OUTER_COL_NUM=5 OUTER_VEC_BLK=2
EXECUTING: numactl --interleave=all /home/chrisarg/software-dev/Bit/scripts/../build/openmp_bit_nogpu 262144 1024 1024 20
COMPILING: make -C /home/chrisarg/software-dev/Bit/scripts/.. -f Makefile -B build/openmp_bit_nogpu GPU=NONE LIBPOPCNT=0 CPU_TILE=32 BITVECTOR_TILE=512 BUFFER_SIZE=128 OUTER_ROW_NUM=3 OUTER_COL_NUM=3 OUTER_VEC_BLK=2
EXECUTING: numactl --interleave=all /home/chrisarg/software-dev/Bit/scripts/../build/openmp_bit_nogpu 262144 1024 1024 20
COMPILING: make -C /home/chrisarg/software-dev/Bit/scripts/.. -f Makefile -B build/openmp_bit_nogpu GPU=NONE LIBPOPCNT=1 CPU_TILE=16 BITVECTOR_TILE=1024 BUFFER_SIZE=256 OUTER_ROW_NUM=1 OUTER_COL_NUM=1 OUTER_VEC_BLK=3
EXECUTING: numactl --interleave=all /home/chrisarg/software-dev/Bit/scripts/../build/openmp_bit_nogpu 65536 1024 1024 20
COMPILING: make -C /home/chrisarg/software-dev/Bit/scripts/.. -f Makefile -B build/openmp_bit_nogpu GPU=NONE LIBPOPCNT=0 CPU_TILE=16 BITVECTOR_TILE=512 BUFFER_SIZE=4096 OUTER_ROW_NUM=6 OUTER_COL_NUM=2 OUTER_VEC_BLK=8
EXECUTING: numactl --interleave=all /home/chrisarg/software-dev/Bit/scripts/../build/openmp_bit_nogpu 65536 1024 1024 20
COMPILING: make -C /home/chrisarg/software-dev/Bit/scripts/.. -f Makefile -B build/openmp_bit_nogpu GPU=NONE LIBPOPCNT=1 CPU_TILE=16 BITVECTOR_TILE=2048 BUFFER_SIZE=4096 OUTER_ROW_NUM=3 OUTER_COL_NUM=6 OUTER_VEC_BLK=3
EXECUTING: numactl --interleave=all /home/chrisarg/software-dev/Bit/scripts/../build/openmp_bit_nogpu 65536 1024 1024 20
COMPILING: make -C /home/chrisarg/software-dev/Bit/scripts/.. -f Makefile -B build/openmp_bit_nogpu GPU=NONE LIBPOPCNT=0 CPU_TILE=64 BITVECTOR_TILE=2048 BUFFER_SIZE=128 OUTER_ROW_NUM=3 OUTER_COL_NUM=1 OUTER_VEC_BLK=8
EXECUTING: numactl --interleave=all /home/chrisarg/software-dev/Bit/scripts/../build/openmp_bit_nogpu 65536 1024 1024 20
COMPILING: make -C /home/chrisarg/software-dev/Bit/scripts/.. -f Makefile -B build/openmp_bit_nogpu GPU=NONE LIBPOPCNT=1 CPU_TILE=64 BITVECTOR_TILE=2048 BUFFER_SIZE=4096 OUTER_ROW_NUM=6 OUTER_COL_NUM=5 OUTER_VEC_BLK=4
EXECUTING: numactl --interleave=all /home/chrisarg/software-dev/Bit/scripts/../build/openmp_bit_nogpu 65536 1024 1024 20
COMPILING: make -C /home/chrisarg/software-dev/Bit/scripts/.. -f Makefile -B build/openmp_bit_nogpu GPU=NONE LIBPOPCNT=0 CPU_TILE=16 BITVECTOR_TILE=512 BUFFER_SIZE=4096 OUTER_ROW_NUM=1 OUTER_COL_NUM=3 OUTER_VEC_BLK=8
EXECUTING: numactl --interleave=all /home/chrisarg/software-dev/Bit/scripts/../build/openmp_bit_nogpu 65536 1024 1024 20
COMPILING: make -C /home/chrisarg/software-dev/Bit/scripts/.. -f Makefile -B build/openmp_bit_nogpu GPU=NONE LIBPOPCNT=0 CPU_TILE=32 BITVECTOR_TILE=1024 BUFFER_SIZE=128 OUTER_ROW_NUM=2 OUTER_COL_NUM=2 OUTER_VEC_BLK=2
EXECUTING: numactl --interleave=all /home/chrisarg/software-dev/Bit/scripts/../build/openmp_bit_nogpu 262144 1024 1024 20
COMPILING: make -C /home/chrisarg/software-dev/Bit/scripts/.. -f Makefile -B build/openmp_bit_nogpu GPU=NONE LIBPOPCNT=1 CPU_TILE=16 BITVECTOR_TILE=2048 BUFFER_SIZE=1024 OUTER_ROW_NUM=2 OUTER_COL_NUM=5 OUTER_VEC_BLK=1
EXECUTING: numactl --interleave=all /home/chrisarg/software-dev/Bit/scripts/../build/openmp_bit_nogpu 65536 1024 1024 20
COMPILING: make -C /home/chrisarg/software-dev/Bit/scripts/.. -f Makefile -B build/openmp_bit_nogpu GPU=NONE LIBPOPCNT=1 CPU_TILE=64 BITVECTOR_TILE=2048 BUFFER_SIZE=1024 OUTER_ROW_NUM=4 OUTER_COL_NUM=3 OUTER_VEC_BLK=6
EXECUTING: numactl --interleave=all /home/chrisarg/software-dev/Bit/scripts/../build/openmp_bit_nogpu 65536 1024 1024 20
COMPILING: make -C /home/chrisarg/software-dev/Bit/scripts/.. -f Makefile -B build/openmp_bit_nogpu GPU=NONE LIBPOPCNT=1 CPU_TILE=16 BITVECTOR_TILE=512 BUFFER_SIZE=4096 OUTER_ROW_NUM=5 OUTER_COL_NUM=2 OUTER_VEC_BLK=8
EXECUTING: numactl --interleave=all /home/chrisarg/software-dev/Bit/scripts/../build/openmp_bit_nogpu 262144 1024 1024 20
COMPILING: make -C /home/chrisarg/software-dev/Bit/scripts/.. -f Makefile -B build/openmp_bit_nogpu GPU=NONE LIBPOPCNT=1 CPU_TILE=16 BITVECTOR_TILE=1024 BUFFER_SIZE=128 OUTER_ROW_NUM=6 OUTER_COL_NUM=1 OUTER_VEC_BLK=2
EXECUTING: numactl --interleave=all /home/chrisarg/software-dev/Bit/scripts/../build/openmp_bit_nogpu 262144 1024 1024 20
COMPILING: make -C /home/chrisarg/software-dev/Bit/scripts/.. -f Makefile -B build/openmp_bit_nogpu GPU=NONE LIBPOPCNT=1 CPU_TILE=64 BITVECTOR_TILE=512 BUFFER_SIZE=512 OUTER_ROW_NUM=2 OUTER_COL_NUM=2 OUTER_VEC_BLK=6
EXECUTING: numactl --interleave=all /home/chrisarg/software-dev/Bit/scripts/../build/openmp_bit_nogpu 262144 1024 1024 20
COMPILING: make -C /home/chrisarg/software-dev/Bit/scripts/.. -f Makefile -B build/openmp_bit_nogpu GPU=NONE LIBPOPCNT=0 CPU_TILE=16 BITVECTOR_TILE=512 BUFFER_SIZE=512 OUTER_ROW_NUM=2 OUTER_COL_NUM=5 OUTER_VEC_BLK=8
EXECUTING: numactl --interleave=all /home/chrisarg/software-dev/Bit/scripts/../build/openmp_bit_nogpu 262144 1024 1024 20
COMPILING: make -C /home/chrisarg/software-dev/Bit/scripts/.. -f Makefile -B build/openmp_bit_nogpu GPU=NONE LIBPOPCNT=1 CPU_TILE=64 BITVECTOR_TILE=2048 BUFFER_SIZE=4096 OUTER_ROW_NUM=1 OUTER_COL_NUM=2 OUTER_VEC_BLK=1
EXECUTING: numactl --interleave=all /home/chrisarg/software-dev/Bit/scripts/../build/openmp_bit_nogpu 262144 1024 1024 20
COMPILING: make -C /home/chrisarg/software-dev/Bit/scripts/.. -f Makefile -B build/openmp_bit_nogpu GPU=NONE LIBPOPCNT=0 CPU_TILE=32 BITVECTOR_TILE=1024 BUFFER_SIZE=128 OUTER_ROW_NUM=3 OUTER_COL_NUM=6 OUTER_VEC_BLK=4
EXECUTING: numactl --interleave=all /home/chrisarg/software-dev/Bit/scripts/../build/openmp_bit_nogpu 65536 1024 1024 20
COMPILING: make -C /home/chrisarg/software-dev/Bit/scripts/.. -f Makefile -B build/openmp_bit_nogpu GPU=NONE LIBPOPCNT=1 CPU_TILE=64 BITVECTOR_TILE=512 BUFFER_SIZE=128 OUTER_ROW_NUM=2 OUTER_COL_NUM=6 OUTER_VEC_BLK=8
EXECUTING: numactl --interleave=all /home/chrisarg/software-dev/Bit/scripts/../build/openmp_bit_nogpu 262144 1024 1024 20
COMPILING: make -C /home/chrisarg/software-dev/Bit/scripts/.. -f Makefile -B build/openmp_bit_nogpu GPU=NONE LIBPOPCNT=0 CPU_TILE=64 BITVECTOR_TILE=2048 BUFFER_SIZE=1024 OUTER_ROW_NUM=5 OUTER_COL_NUM=3 OUTER_VEC_BLK=8
EXECUTING: numactl --interleave=all /home/chrisarg/software-dev/Bit/scripts/../build/openmp_bit_nogpu 65536 1024 1024 20
COMPILING: make -C /home/chrisarg/software-dev/Bit/scripts/.. -f Makefile -B build/openmp_bit_nogpu GPU=NONE LIBPOPCNT=0 CPU_TILE=16 BITVECTOR_TILE=2048 BUFFER_SIZE=1024 OUTER_ROW_NUM=2 OUTER_COL_NUM=2 OUTER_VEC_BLK=4
EXECUTING: numactl --interleave=all /home/chrisarg/software-dev/Bit/scripts/../build/openmp_bit_nogpu 65536 1024 1024 20
COMPILING: make -C /home/chrisarg/software-dev/Bit/scripts/.. -f Makefile -B build/openmp_bit_nogpu GPU=NONE LIBPOPCNT=0 CPU_TILE=16 BITVECTOR_TILE=512 BUFFER_SIZE=512 OUTER_ROW_NUM=3 OUTER_COL_NUM=3 OUTER_VEC_BLK=2
EXECUTING: numactl --interleave=all /home/chrisarg/software-dev/Bit/scripts/../build/openmp_bit_nogpu 65536 1024 1024 20
COMPILING: make -C /home/chrisarg/software-dev/Bit/scripts/.. -f Makefile -B build/openmp_bit_nogpu GPU=NONE LIBPOPCNT=0 CPU_TILE=32 BITVECTOR_TILE=512 BUFFER_SIZE=1024 OUTER_ROW_NUM=6 OUTER_COL_NUM=5 OUTER_VEC_BLK=8
EXECUTING: numactl --interleave=all /home/chrisarg/software-dev/Bit/scripts/../build/openmp_bit_nogpu 65536 1024 1024 20
COMPILING: make -C /home/chrisarg/software-dev/Bit/scripts/.. -f Makefile -B build/openmp_bit_nogpu GPU=NONE LIBPOPCNT=1 CPU_TILE=16 BITVECTOR_TILE=2048 BUFFER_SIZE=4096 OUTER_ROW_NUM=5 OUTER_COL_NUM=4 OUTER_VEC_BLK=2
EXECUTING: numactl --interleave=all /home/chrisarg/software-dev/Bit/scripts/../build/openmp_bit_nogpu 262144 1024 1024 20
COMPILING: make -C /home/chrisarg/software-dev/Bit/scripts/.. -f Makefile -B build/openmp_bit_nogpu GPU=NONE LIBPOPCNT=1 CPU_TILE=32 BITVECTOR_TILE=512 BUFFER_SIZE=1024 OUTER_ROW_NUM=4 OUTER_COL_NUM=4 OUTER_VEC_BLK=3
EXECUTING: numactl --interleave=all /home/chrisarg/software-dev/Bit/scripts/../build/openmp_bit_nogpu 262144 1024 1024 20
COMPILING: make -C /home/chrisarg/software-dev/Bit/scripts/.. -f Makefile -B build/openmp_bit_nogpu GPU=NONE LIBPOPCNT=0 CPU_TILE=64 BITVECTOR_TILE=1024 BUFFER_SIZE=512 OUTER_ROW_NUM=1 OUTER_COL_NUM=5 OUTER_VEC_BLK=2
EXECUTING: numactl --interleave=all /home/chrisarg/software-dev/Bit/scripts/../build/openmp_bit_nogpu 262144 1024 1024 20
COMPILING: make -C /home/chrisarg/software-dev/Bit/scripts/.. -f Makefile -B build/openmp_bit_nogpu GPU=NONE LIBPOPCNT=1 CPU_TILE=16 BITVECTOR_TILE=512 BUFFER_SIZE=4096 OUTER_ROW_NUM=6 OUTER_COL_NUM=5 OUTER_VEC_BLK=8
EXECUTING: numactl --interleave=all /home/chrisarg/software-dev/Bit/scripts/../build/openmp_bit_nogpu 65536 1024 1024 20
COMPILING: make -C /home/chrisarg/software-dev/Bit/scripts/.. -f Makefile -B build/openmp_bit_nogpu GPU=NONE LIBPOPCNT=0 CPU_TILE=64 BITVECTOR_TILE=512 BUFFER_SIZE=512 OUTER_ROW_NUM=1 OUTER_COL_NUM=5 OUTER_VEC_BLK=6
EXECUTING: numactl --interleave=all /home/chrisarg/software-dev/Bit/scripts/../build/openmp_bit_nogpu 65536 1024 1024 20
COMPILING: make -C /home/chrisarg/software-dev/Bit/scripts/.. -f Makefile -B build/openmp_bit_nogpu GPU=NONE LIBPOPCNT=0 CPU_TILE=32 BITVECTOR_TILE=512 BUFFER_SIZE=512 OUTER_ROW_NUM=1 OUTER_COL_NUM=4 OUTER_VEC_BLK=4
EXECUTING: numactl --interleave=all /home/chrisarg/software-dev/Bit/scripts/../build/openmp_bit_nogpu 65536 1024 1024 20
COMPILING: make -C /home/chrisarg/software-dev/Bit/scripts/.. -f Makefile -B build/openmp_bit_nogpu GPU=NONE LIBPOPCNT=1 CPU_TILE=16 BITVECTOR_TILE=1024 BUFFER_SIZE=128 OUTER_ROW_NUM=4 OUTER_COL_NUM=4 OUTER_VEC_BLK=1
EXECUTING: numactl --interleave=all /home/chrisarg/software-dev/Bit/scripts/../build/openmp_bit_nogpu 262144 1024 1024 20
COMPILING: make -C /home/chrisarg/software-dev/Bit/scripts/.. -f Makefile -B build/openmp_bit_nogpu GPU=NONE LIBPOPCNT=0 CPU_TILE=32 BITVECTOR_TILE=1024 BUFFER_SIZE=4096 OUTER_ROW_NUM=5 OUTER_COL_NUM=3 OUTER_VEC_BLK=1
EXECUTING: numactl --interleave=all /home/chrisarg/software-dev/Bit/scripts/../build/openmp_bit_nogpu 65536 1024 1024 20
COMPILING: make -C /home/chrisarg/software-dev/Bit/scripts/.. -f Makefile -B build/openmp_bit_nogpu GPU=NONE LIBPOPCNT=1 CPU_TILE=16 BITVECTOR_TILE=512 BUFFER_SIZE=4096 OUTER_ROW_NUM=4 OUTER_COL_NUM=1 OUTER_VEC_BLK=4
EXECUTING: numactl --interleave=all /home/chrisarg/software-dev/Bit/scripts/../build/openmp_bit_nogpu 262144 1024 1024 20
COMPILING: make -C /home/chrisarg/software-dev/Bit/scripts/.. -f Makefile -B build/openmp_bit_nogpu GPU=NONE LIBPOPCNT=1 CPU_TILE=16 BITVECTOR_TILE=512 BUFFER_SIZE=1024 OUTER_ROW_NUM=5 OUTER_COL_NUM=6 OUTER_VEC_BLK=4
EXECUTING: numactl --interleave=all /home/chrisarg/software-dev/Bit/scripts/../build/openmp_bit_nogpu 262144 1024 1024 20
COMPILING: make -C /home/chrisarg/software-dev/Bit/scripts/.. -f Makefile -B build/openmp_bit_nogpu GPU=NONE LIBPOPCNT=1 CPU_TILE=16 BITVECTOR_TILE=512 BUFFER_SIZE=256 OUTER_ROW_NUM=5 OUTER_COL_NUM=1 OUTER_VEC_BLK=1
EXECUTING: numactl --interleave=all /home/chrisarg/software-dev/Bit/scripts/../build/openmp_bit_nogpu 65536 1024 1024 20
COMPILING: make -C /home/chrisarg/software-dev/Bit/scripts/.. -f Makefile -B build/openmp_bit_nogpu GPU=NONE LIBPOPCNT=1 CPU_TILE=64 BITVECTOR_TILE=512 BUFFER_SIZE=1024 OUTER_ROW_NUM=5 OUTER_COL_NUM=6 OUTER_VEC_BLK=4
EXECUTING: numactl --interleave=all /home/chrisarg/software-dev/Bit/scripts/../build/openmp_bit_nogpu 262144 1024 1024 20
COMPILING: make -C /home/chrisarg/software-dev/Bit/scripts/.. -f Makefile -B build/openmp_bit_nogpu GPU=NONE LIBPOPCNT=0 CPU_TILE=32 BITVECTOR_TILE=512 BUFFER_SIZE=256 OUTER_ROW_NUM=2 OUTER_COL_NUM=2 OUTER_VEC_BLK=8
EXECUTING: numactl --interleave=all /home/chrisarg/software-dev/Bit/scripts/../build/openmp_bit_nogpu 65536 1024 1024 20
COMPILING: make -C /home/chrisarg/software-dev/Bit/scripts/.. -f Makefile -B build/openmp_bit_nogpu GPU=NONE LIBPOPCNT=0 CPU_TILE=32 BITVECTOR_TILE=1024 BUFFER_SIZE=256 OUTER_ROW_NUM=3 OUTER_COL_NUM=3 OUTER_VEC_BLK=2
EXECUTING: numactl --interleave=all /home/chrisarg/software-dev/Bit/scripts/../build/openmp_bit_nogpu 262144 1024 1024 20
COMPILING: make -C /home/chrisarg/software-dev/Bit/scripts/.. -f Makefile -B build/openmp_bit_nogpu GPU=NONE LIBPOPCNT=0 CPU_TILE=16 BITVECTOR_TILE=1024 BUFFER_SIZE=1024 OUTER_ROW_NUM=4 OUTER_COL_NUM=2 OUTER_VEC_BLK=2
EXECUTING: numactl --interleave=all /home/chrisarg/software-dev/Bit/scripts/../build/openmp_bit_nogpu 262144 1024 1024 20
COMPILING: make -C /home/chrisarg/software-dev/Bit/scripts/.. -f Makefile -B build/openmp_bit_nogpu GPU=NONE LIBPOPCNT=1 CPU_TILE=64 BITVECTOR_TILE=2048 BUFFER_SIZE=128 OUTER_ROW_NUM=3 OUTER_COL_NUM=3 OUTER_VEC_BLK=1
EXECUTING: numactl --interleave=all /home/chrisarg/software-dev/Bit/scripts/../build/openmp_bit_nogpu 65536 1024 1024 20
COMPILING: make -C /home/chrisarg/software-dev/Bit/scripts/.. -f Makefile -B build/openmp_bit_nogpu GPU=NONE LIBPOPCNT=1 CPU_TILE=32 BITVECTOR_TILE=1024 BUFFER_SIZE=128 OUTER_ROW_NUM=6 OUTER_COL_NUM=5 OUTER_VEC_BLK=8
EXECUTING: numactl --interleave=all /home/chrisarg/software-dev/Bit/scripts/../build/openmp_bit_nogpu 262144 1024 1024 20
COMPILING: make -C /home/chrisarg/software-dev/Bit/scripts/.. -f Makefile -B build/openmp_bit_nogpu GPU=NONE LIBPOPCNT=1 CPU_TILE=32 BITVECTOR_TILE=512 BUFFER_SIZE=512 OUTER_ROW_NUM=1 OUTER_COL_NUM=5 OUTER_VEC_BLK=3
EXECUTING: numactl --interleave=all /home/chrisarg/software-dev/Bit/scripts/../build/openmp_bit_nogpu 262144 1024 1024 20
COMPILING: make -C /home/chrisarg/software-dev/Bit/scripts/.. -f Makefile -B build/openmp_bit_nogpu GPU=NONE LIBPOPCNT=0 CPU_TILE=64 BITVECTOR_TILE=512 BUFFER_SIZE=512 OUTER_ROW_NUM=6 OUTER_COL_NUM=3 OUTER_VEC_BLK=2
EXECUTING: numactl --interleave=all /home/chrisarg/software-dev/Bit/scripts/../build/openmp_bit_nogpu 65536 1024 1024 20
COMPILING: make -C /home/chrisarg/software-dev/Bit/scripts/.. -f Makefile -B build/openmp_bit_nogpu GPU=NONE LIBPOPCNT=0 CPU_TILE=32 BITVECTOR_TILE=1024 BUFFER_SIZE=256 OUTER_ROW_NUM=4 OUTER_COL_NUM=1 OUTER_VEC_BLK=8
EXECUTING: numactl --interleave=all /home/chrisarg/software-dev/Bit/scripts/../build/openmp_bit_nogpu 262144 1024 1024 20
COMPILING: make -C /home/chrisarg/software-dev/Bit/scripts/.. -f Makefile -B build/openmp_bit_nogpu GPU=NONE LIBPOPCNT=1 CPU_TILE=32 BITVECTOR_TILE=1024 BUFFER_SIZE=256 OUTER_ROW_NUM=5 OUTER_COL_NUM=6 OUTER_VEC_BLK=6
EXECUTING: numactl --interleave=all /home/chrisarg/software-dev/Bit/scripts/../build/openmp_bit_nogpu 65536 1024 1024 20
COMPILING: make -C /home/chrisarg/software-dev/Bit/scripts/.. -f Makefile -B build/openmp_bit_nogpu GPU=NONE LIBPOPCNT=0 CPU_TILE=32 BITVECTOR_TILE=1024 BUFFER_SIZE=1024 OUTER_ROW_NUM=6 OUTER_COL_NUM=6 OUTER_VEC_BLK=4
EXECUTING: numactl --interleave=all /home/chrisarg/software-dev/Bit/scripts/../build/openmp_bit_nogpu 65536 1024 1024 20
COMPILING: make -C /home/chrisarg/software-dev/Bit/scripts/.. -f Makefile -B build/openmp_bit_nogpu GPU=NONE LIBPOPCNT=1 CPU_TILE=32 BITVECTOR_TILE=1024 BUFFER_SIZE=4096 OUTER_ROW_NUM=4 OUTER_COL_NUM=1 OUTER_VEC_BLK=4
EXECUTING: numactl --interleave=all /home/chrisarg/software-dev/Bit/scripts/../build/openmp_bit_nogpu 262144 1024 1024 20
COMPILING: make -C /home/chrisarg/software-dev/Bit/scripts/.. -f Makefile -B build/openmp_bit_nogpu GPU=NONE LIBPOPCNT=1 CPU_TILE=16 BITVECTOR_TILE=1024 BUFFER_SIZE=1024 OUTER_ROW_NUM=6 OUTER_COL_NUM=2 OUTER_VEC_BLK=1
EXECUTING: numactl --interleave=all /home/chrisarg/software-dev/Bit/scripts/../build/openmp_bit_nogpu 65536 1024 1024 20
COMPILING: make -C /home/chrisarg/software-dev/Bit/scripts/.. -f Makefile -B build/openmp_bit_nogpu GPU=NONE LIBPOPCNT=1 CPU_TILE=16 BITVECTOR_TILE=1024 BUFFER_SIZE=4096 OUTER_ROW_NUM=6 OUTER_COL_NUM=2 OUTER_VEC_BLK=2
EXECUTING: numactl --interleave=all /home/chrisarg/software-dev/Bit/scripts/../build/openmp_bit_nogpu 65536 1024 1024 20
COMPILING: make -C /home/chrisarg/software-dev/Bit/scripts/.. -f Makefile -B build/openmp_bit_nogpu GPU=NONE LIBPOPCNT=1 CPU_TILE=32 BITVECTOR_TILE=512 BUFFER_SIZE=1024 OUTER_ROW_NUM=1 OUTER_COL_NUM=4 OUTER_VEC_BLK=4
EXECUTING: numactl --interleave=all /home/chrisarg/software-dev/Bit/scripts/../build/openmp_bit_nogpu 262144 1024 1024 20
COMPILING: make -C /home/chrisarg/software-dev/Bit/scripts/.. -f Makefile -B build/openmp_bit_nogpu GPU=NONE LIBPOPCNT=0 CPU_TILE=16 BITVECTOR_TILE=512 BUFFER_SIZE=256 OUTER_ROW_NUM=5 OUTER_COL_NUM=4 OUTER_VEC_BLK=6
EXECUTING: numactl --interleave=all /home/chrisarg/software-dev/Bit/scripts/../build/openmp_bit_nogpu 262144 1024 1024 20
COMPILING: make -C /home/chrisarg/software-dev/Bit/scripts/.. -f Makefile -B build/openmp_bit_nogpu GPU=NONE LIBPOPCNT=0 CPU_TILE=16 BITVECTOR_TILE=1024 BUFFER_SIZE=512 OUTER_ROW_NUM=1 OUTER_COL_NUM=6 OUTER_VEC_BLK=6
EXECUTING: numactl --interleave=all /home/chrisarg/software-dev/Bit/scripts/../build/openmp_bit_nogpu 65536 1024 1024 20
COMPILING: make -C /home/chrisarg/software-dev/Bit/scripts/.. -f Makefile -B build/openmp_bit_nogpu GPU=NONE LIBPOPCNT=1 CPU_TILE=16 BITVECTOR_TILE=2048 BUFFER_SIZE=128 OUTER_ROW_NUM=4 OUTER_COL_NUM=1 OUTER_VEC_BLK=1
EXECUTING: numactl --interleave=all /home/chrisarg/software-dev/Bit/scripts/../build/openmp_bit_nogpu 262144 1024 1024 20
COMPILING: make -C /home/chrisarg/software-dev/Bit/scripts/.. -f Makefile -B build/openmp_bit_nogpu GPU=NONE LIBPOPCNT=1 CPU_TILE=64 BITVECTOR_TILE=2048 BUFFER_SIZE=512 OUTER_ROW_NUM=5 OUTER_COL_NUM=3 OUTER_VEC_BLK=2
EXECUTING: numactl --interleave=all /home/chrisarg/software-dev/Bit/scripts/../build/openmp_bit_nogpu 65536 1024 1024 20
COMPILING: make -C /home/chrisarg/software-dev/Bit/scripts/.. -f Makefile -B build/openmp_bit_nogpu GPU=NONE LIBPOPCNT=0 CPU_TILE=16 BITVECTOR_TILE=1024 BUFFER_SIZE=512 OUTER_ROW_NUM=3 OUTER_COL_NUM=2 OUTER_VEC_BLK=2
EXECUTING: numactl --interleave=all /home/chrisarg/software-dev/Bit/scripts/../build/openmp_bit_nogpu 262144 1024 1024 20
COMPILING: make -C /home/chrisarg/software-dev/Bit/scripts/.. -f Makefile -B build/openmp_bit_nogpu GPU=NONE LIBPOPCNT=1 CPU_TILE=16 BITVECTOR_TILE=2048 BUFFER_SIZE=256 OUTER_ROW_NUM=1 OUTER_COL_NUM=5 OUTER_VEC_BLK=3
EXECUTING: numactl --interleave=all /home/chrisarg/software-dev/Bit/scripts/../build/openmp_bit_nogpu 65536 1024 1024 20
COMPILING: make -C /home/chrisarg/software-dev/Bit/scripts/.. -f Makefile -B build/openmp_bit_nogpu GPU=NONE LIBPOPCNT=0 CPU_TILE=16 BITVECTOR_TILE=1024 BUFFER_SIZE=512 OUTER_ROW_NUM=6 OUTER_COL_NUM=3 OUTER_VEC_BLK=2
EXECUTING: numactl --interleave=all /home/chrisarg/software-dev/Bit/scripts/../build/openmp_bit_nogpu 65536 1024 1024 20
COMPILING: make -C /home/chrisarg/software-dev/Bit/scripts/.. -f Makefile -B build/openmp_bit_nogpu GPU=NONE LIBPOPCNT=0 CPU_TILE=16 BITVECTOR_TILE=1024 BUFFER_SIZE=1024 OUTER_ROW_NUM=2 OUTER_COL_NUM=5 OUTER_VEC_BLK=8
EXECUTING: numactl --interleave=all /home/chrisarg/software-dev/Bit/scripts/../build/openmp_bit_nogpu 65536 1024 1024 20
COMPILING: make -C /home/chrisarg/software-dev/Bit/scripts/.. -f Makefile -B build/openmp_bit_nogpu GPU=NONE LIBPOPCNT=1 CPU_TILE=32 BITVECTOR_TILE=2048 BUFFER_SIZE=256 OUTER_ROW_NUM=5 OUTER_COL_NUM=5 OUTER_VEC_BLK=6
EXECUTING: numactl --interleave=all /home/chrisarg/software-dev/Bit/scripts/../build/openmp_bit_nogpu 65536 1024 1024 20
COMPILING: make -C /home/chrisarg/software-dev/Bit/scripts/.. -f Makefile -B build/openmp_bit_nogpu GPU=NONE LIBPOPCNT=1 CPU_TILE=64 BITVECTOR_TILE=1024 BUFFER_SIZE=1024 OUTER_ROW_NUM=4 OUTER_COL_NUM=6 OUTER_VEC_BLK=4
EXECUTING: numactl --interleave=all /home/chrisarg/software-dev/Bit/scripts/../build/openmp_bit_nogpu 262144 1024 1024 20
COMPILING: make -C /home/chrisarg/software-dev/Bit/scripts/.. -f Makefile -B build/openmp_bit_nogpu GPU=NONE LIBPOPCNT=1 CPU_TILE=16 BITVECTOR_TILE=512 BUFFER_SIZE=512 OUTER_ROW_NUM=1 OUTER_COL_NUM=5 OUTER_VEC_BLK=2
EXECUTING: numactl --interleave=all /home/chrisarg/software-dev/Bit/scripts/../build/openmp_bit_nogpu 262144 1024 1024 20
COMPILING: make -C /home/chrisarg/software-dev/Bit/scripts/.. -f Makefile -B build/openmp_bit_nogpu GPU=NONE LIBPOPCNT=0 CPU_TILE=64 BITVECTOR_TILE=2048 BUFFER_SIZE=128 OUTER_ROW_NUM=1 OUTER_COL_NUM=1 OUTER_VEC_BLK=1
EXECUTING: numactl --interleave=all /home/chrisarg/software-dev/Bit/scripts/../build/openmp_bit_nogpu 262144 1024 1024 20
COMPILING: make -C /home/chrisarg/software-dev/Bit/scripts/.. -f Makefile -B build/openmp_bit_nogpu GPU=NONE LIBPOPCNT=0 CPU_TILE=16 BITVECTOR_TILE=2048 BUFFER_SIZE=512 OUTER_ROW_NUM=1 OUTER_COL_NUM=4 OUTER_VEC_BLK=8
EXECUTING: numactl --interleave=all /home/chrisarg/software-dev/Bit/scripts/../build/openmp_bit_nogpu 262144 1024 1024 20
COMPILING: make -C /home/chrisarg/software-dev/Bit/scripts/.. -f Makefile -B build/openmp_bit_nogpu GPU=NONE LIBPOPCNT=1 CPU_TILE=16 BITVECTOR_TILE=1024 BUFFER_SIZE=512 OUTER_ROW_NUM=3 OUTER_COL_NUM=2 OUTER_VEC_BLK=6
EXECUTING: numactl --interleave=all /home/chrisarg/software-dev/Bit/scripts/../build/openmp_bit_nogpu 262144 1024 1024 20
COMPILING: make -C /home/chrisarg/software-dev/Bit/scripts/.. -f Makefile -B build/openmp_bit_nogpu GPU=NONE LIBPOPCNT=1 CPU_TILE=16 BITVECTOR_TILE=512 BUFFER_SIZE=256 OUTER_ROW_NUM=1 OUTER_COL_NUM=5 OUTER_VEC_BLK=4
EXECUTING: numactl --interleave=all /home/chrisarg/software-dev/Bit/scripts/../build/openmp_bit_nogpu 262144 1024 1024 20
COMPILING: make -C /home/chrisarg/software-dev/Bit/scripts/.. -f Makefile -B build/openmp_bit_nogpu GPU=NONE LIBPOPCNT=0 CPU_TILE=32 BITVECTOR_TILE=512 BUFFER_SIZE=512 OUTER_ROW_NUM=2 OUTER_COL_NUM=6 OUTER_VEC_BLK=3
EXECUTING: numactl --interleave=all /home/chrisarg/software-dev/Bit/scripts/../build/openmp_bit_nogpu 65536 1024 1024 20
COMPILING: make -C /home/chrisarg/software-dev/Bit/scripts/.. -f Makefile -B build/openmp_bit_nogpu GPU=NONE LIBPOPCNT=0 CPU_TILE=64 BITVECTOR_TILE=1024 BUFFER_SIZE=1024 OUTER_ROW_NUM=2 OUTER_COL_NUM=6 OUTER_VEC_BLK=1
EXECUTING: numactl --interleave=all /home/chrisarg/software-dev/Bit/scripts/../build/openmp_bit_nogpu 262144 1024 1024 20
COMPILING: make -C /home/chrisarg/software-dev/Bit/scripts/.. -f Makefile -B build/openmp_bit_nogpu GPU=NONE LIBPOPCNT=1 CPU_TILE=32 BITVECTOR_TILE=1024 BUFFER_SIZE=512 OUTER_ROW_NUM=2 OUTER_COL_NUM=5 OUTER_VEC_BLK=8
EXECUTING: numactl --interleave=all /home/chrisarg/software-dev/Bit/scripts/../build/openmp_bit_nogpu 262144 1024 1024 20
COMPILING: make -C /home/chrisarg/software-dev/Bit/scripts/.. -f Makefile -B build/openmp_bit_nogpu GPU=NONE LIBPOPCNT=0 CPU_TILE=32 BITVECTOR_TILE=512 BUFFER_SIZE=4096 OUTER_ROW_NUM=5 OUTER_COL_NUM=6 OUTER_VEC_BLK=8
EXECUTING: numactl --interleave=all /home/chrisarg/software-dev/Bit/scripts/../build/openmp_bit_nogpu 65536 1024 1024 20
COMPILING: make -C /home/chrisarg/software-dev/Bit/scripts/.. -f Makefile -B build/openmp_bit_nogpu GPU=NONE LIBPOPCNT=1 CPU_TILE=32 BITVECTOR_TILE=1024 BUFFER_SIZE=4096 OUTER_ROW_NUM=4 OUTER_COL_NUM=1 OUTER_VEC_BLK=1
EXECUTING: numactl --interleave=all /home/chrisarg/software-dev/Bit/scripts/../build/openmp_bit_nogpu 65536 1024 1024 20
COMPILING: make -C /home/chrisarg/software-dev/Bit/scripts/.. -f Makefile -B build/openmp_bit_nogpu GPU=NONE LIBPOPCNT=1 CPU_TILE=16 BITVECTOR_TILE=2048 BUFFER_SIZE=512 OUTER_ROW_NUM=6 OUTER_COL_NUM=1 OUTER_VEC_BLK=4
EXECUTING: numactl --interleave=all /home/chrisarg/software-dev/Bit/scripts/../build/openmp_bit_nogpu 65536 1024 1024 20
COMPILING: make -C /home/chrisarg/software-dev/Bit/scripts/.. -f Makefile -B build/openmp_bit_nogpu GPU=NONE LIBPOPCNT=0 CPU_TILE=64 BITVECTOR_TILE=1024 BUFFER_SIZE=4096 OUTER_ROW_NUM=3 OUTER_COL_NUM=6 OUTER_VEC_BLK=8
EXECUTING: numactl --interleave=all /home/chrisarg/software-dev/Bit/scripts/../build/openmp_bit_nogpu 65536 1024 1024 20
COMPILING: make -C /home/chrisarg/software-dev/Bit/scripts/.. -f Makefile -B build/openmp_bit_nogpu GPU=NONE LIBPOPCNT=1 CPU_TILE=64 BITVECTOR_TILE=1024 BUFFER_SIZE=512 OUTER_ROW_NUM=3 OUTER_COL_NUM=1 OUTER_VEC_BLK=8
EXECUTING: numactl --interleave=all /home/chrisarg/software-dev/Bit/scripts/../build/openmp_bit_nogpu 262144 1024 1024 20
COMPILING: make -C /home/chrisarg/software-dev/Bit/scripts/.. -f Makefile -B build/openmp_bit_nogpu GPU=NONE LIBPOPCNT=0 CPU_TILE=32 BITVECTOR_TILE=1024 BUFFER_SIZE=4096 OUTER_ROW_NUM=2 OUTER_COL_NUM=2 OUTER_VEC_BLK=4
EXECUTING: numactl --interleave=all /home/chrisarg/software-dev/Bit/scripts/../build/openmp_bit_nogpu 262144 1024 1024 20
COMPILING: make -C /home/chrisarg/software-dev/Bit/scripts/.. -f Makefile -B build/openmp_bit_nogpu GPU=NONE LIBPOPCNT=0 CPU_TILE=32 BITVECTOR_TILE=2048 BUFFER_SIZE=4096 OUTER_ROW_NUM=3 OUTER_COL_NUM=1 OUTER_VEC_BLK=8
EXECUTING: numactl --interleave=all /home/chrisarg/software-dev/Bit/scripts/../build/openmp_bit_nogpu 262144 1024 1024 20
COMPILING: make -C /home/chrisarg/software-dev/Bit/scripts/.. -f Makefile -B build/openmp_bit_nogpu GPU=NONE LIBPOPCNT=1 CPU_TILE=64 BITVECTOR_TILE=1024 BUFFER_SIZE=128 OUTER_ROW_NUM=1 OUTER_COL_NUM=6 OUTER_VEC_BLK=2
EXECUTING: numactl --interleave=all /home/chrisarg/software-dev/Bit/scripts/../build/openmp_bit_nogpu 262144 1024 1024 20
COMPILING: make -C /home/chrisarg/software-dev/Bit/scripts/.. -f Makefile -B build/openmp_bit_nogpu GPU=NONE LIBPOPCNT=1 CPU_TILE=64 BITVECTOR_TILE=2048 BUFFER_SIZE=4096 OUTER_ROW_NUM=1 OUTER_COL_NUM=6 OUTER_VEC_BLK=1
EXECUTING: numactl --interleave=all /home/chrisarg/software-dev/Bit/scripts/../build/openmp_bit_nogpu 262144 1024 1024 20
COMPILING: make -C /home/chrisarg/software-dev/Bit/scripts/.. -f Makefile -B build/openmp_bit_nogpu GPU=NONE LIBPOPCNT=0 CPU_TILE=64 BITVECTOR_TILE=512 BUFFER_SIZE=4096 OUTER_ROW_NUM=6 OUTER_COL_NUM=6 OUTER_VEC_BLK=1
EXECUTING: numactl --interleave=all /home/chrisarg/software-dev/Bit/scripts/../build/openmp_bit_nogpu 262144 1024 1024 20
COMPILING: make -C /home/chrisarg/software-dev/Bit/scripts/.. -f Makefile -B build/openmp_bit_nogpu GPU=NONE LIBPOPCNT=1 CPU_TILE=32 BITVECTOR_TILE=2048 BUFFER_SIZE=512 OUTER_ROW_NUM=2 OUTER_COL_NUM=6 OUTER_VEC_BLK=2
EXECUTING: numactl --interleave=all /home/chrisarg/software-dev/Bit/scripts/../build/openmp_bit_nogpu 262144 1024 1024 20
COMPILING: make -C /home/chrisarg/software-dev/Bit/scripts/.. -f Makefile -B build/openmp_bit_nogpu GPU=NONE LIBPOPCNT=0 CPU_TILE=64 BITVECTOR_TILE=1024 BUFFER_SIZE=512 OUTER_ROW_NUM=3 OUTER_COL_NUM=5 OUTER_VEC_BLK=8
EXECUTING: numactl --interleave=all /home/chrisarg/software-dev/Bit/scripts/../build/openmp_bit_nogpu 262144 1024 1024 20
COMPILING: make -C /home/chrisarg/software-dev/Bit/scripts/.. -f Makefile -B build/openmp_bit_nogpu GPU=NONE LIBPOPCNT=1 CPU_TILE=16 BITVECTOR_TILE=2048 BUFFER_SIZE=512 OUTER_ROW_NUM=3 OUTER_COL_NUM=2 OUTER_VEC_BLK=8
EXECUTING: numactl --interleave=all /home/chrisarg/software-dev/Bit/scripts/../build/openmp_bit_nogpu 65536 1024 1024 20
COMPILING: make -C /home/chrisarg/software-dev/Bit/scripts/.. -f Makefile -B build/openmp_bit_nogpu GPU=NONE LIBPOPCNT=1 CPU_TILE=64 BITVECTOR_TILE=512 BUFFER_SIZE=4096 OUTER_ROW_NUM=6 OUTER_COL_NUM=3 OUTER_VEC_BLK=4
EXECUTING: numactl --interleave=all /home/chrisarg/software-dev/Bit/scripts/../build/openmp_bit_nogpu 65536 1024 1024 20
COMPILING: make -C /home/chrisarg/software-dev/Bit/scripts/.. -f Makefile -B build/openmp_bit_nogpu GPU=NONE LIBPOPCNT=0 CPU_TILE=64 BITVECTOR_TILE=2048 BUFFER_SIZE=4096 OUTER_ROW_NUM=5 OUTER_COL_NUM=6 OUTER_VEC_BLK=3
EXECUTING: numactl --interleave=all /home/chrisarg/software-dev/Bit/scripts/../build/openmp_bit_nogpu 262144 1024 1024 20
COMPILING: make -C /home/chrisarg/software-dev/Bit/scripts/.. -f Makefile -B build/openmp_bit_nogpu GPU=NONE LIBPOPCNT=1 CPU_TILE=64 BITVECTOR_TILE=512 BUFFER_SIZE=256 OUTER_ROW_NUM=6 OUTER_COL_NUM=2 OUTER_VEC_BLK=1
EXECUTING: numactl --interleave=all /home/chrisarg/software-dev/Bit/scripts/../build/openmp_bit_nogpu 262144 1024 1024 20
COMPILING: make -C /home/chrisarg/software-dev/Bit/scripts/.. -f Makefile -B build/openmp_bit_nogpu GPU=NONE LIBPOPCNT=1 CPU_TILE=64 BITVECTOR_TILE=2048 BUFFER_SIZE=256 OUTER_ROW_NUM=3 OUTER_COL_NUM=3 OUTER_VEC_BLK=2
EXECUTING: numactl --interleave=all /home/chrisarg/software-dev/Bit/scripts/../build/openmp_bit_nogpu 262144 1024 1024 20
COMPILING: make -C /home/chrisarg/software-dev/Bit/scripts/.. -f Makefile -B build/openmp_bit_nogpu GPU=NONE LIBPOPCNT=1 CPU_TILE=32 BITVECTOR_TILE=512 BUFFER_SIZE=128 OUTER_ROW_NUM=4 OUTER_COL_NUM=6 OUTER_VEC_BLK=1
EXECUTING: numactl --interleave=all /home/chrisarg/software-dev/Bit/scripts/../build/openmp_bit_nogpu 262144 1024 1024 20
COMPILING: make -C /home/chrisarg/software-dev/Bit/scripts/.. -f Makefile -B build/openmp_bit_nogpu GPU=NONE LIBPOPCNT=0 CPU_TILE=32 BITVECTOR_TILE=2048 BUFFER_SIZE=512 OUTER_ROW_NUM=4 OUTER_COL_NUM=5 OUTER_VEC_BLK=1
EXECUTING: numactl --interleave=all /home/chrisarg/software-dev/Bit/scripts/../build/openmp_bit_nogpu 262144 1024 1024 20
COMPILING: make -C /home/chrisarg/software-dev/Bit/scripts/.. -f Makefile -B build/openmp_bit_nogpu GPU=NONE LIBPOPCNT=0 CPU_TILE=64 BITVECTOR_TILE=1024 BUFFER_SIZE=1024 OUTER_ROW_NUM=6 OUTER_COL_NUM=5 OUTER_VEC_BLK=6
EXECUTING: numactl --interleave=all /home/chrisarg/software-dev/Bit/scripts/../build/openmp_bit_nogpu 262144 1024 1024 20
COMPILING: make -C /home/chrisarg/software-dev/Bit/scripts/.. -f Makefile -B build/openmp_bit_nogpu GPU=NONE LIBPOPCNT=0 CPU_TILE=32 BITVECTOR_TILE=512 BUFFER_SIZE=4096 OUTER_ROW_NUM=3 OUTER_COL_NUM=1 OUTER_VEC_BLK=3
EXECUTING: numactl --interleave=all /home/chrisarg/software-dev/Bit/scripts/../build/openmp_bit_nogpu 65536 1024 1024 20
COMPILING: make -C /home/chrisarg/software-dev/Bit/scripts/.. -f Makefile -B build/openmp_bit_nogpu GPU=NONE LIBPOPCNT=0 CPU_TILE=32 BITVECTOR_TILE=2048 BUFFER_SIZE=4096 OUTER_ROW_NUM=6 OUTER_COL_NUM=1 OUTER_VEC_BLK=8
EXECUTING: numactl --interleave=all /home/chrisarg/software-dev/Bit/scripts/../build/openmp_bit_nogpu 262144 1024 1024 20
COMPILING: make -C /home/chrisarg/software-dev/Bit/scripts/.. -f Makefile -B build/openmp_bit_nogpu GPU=NONE LIBPOPCNT=0 CPU_TILE=16 BITVECTOR_TILE=1024 BUFFER_SIZE=1024 OUTER_ROW_NUM=5 OUTER_COL_NUM=1 OUTER_VEC_BLK=2
EXECUTING: numactl --interleave=all /home/chrisarg/software-dev/Bit/scripts/../build/openmp_bit_nogpu 262144 1024 1024 20
COMPILING: make -C /home/chrisarg/software-dev/Bit/scripts/.. -f Makefile -B build/openmp_bit_nogpu GPU=NONE LIBPOPCNT=1 CPU_TILE=32 BITVECTOR_TILE=512 BUFFER_SIZE=1024 OUTER_ROW_NUM=3 OUTER_COL_NUM=3 OUTER_VEC_BLK=4
EXECUTING: numactl --interleave=all /home/chrisarg/software-dev/Bit/scripts/../build/openmp_bit_nogpu 262144 1024 1024 20
COMPILING: make -C /home/chrisarg/software-dev/Bit/scripts/.. -f Makefile -B build/openmp_bit_nogpu GPU=NONE LIBPOPCNT=1 CPU_TILE=64 BITVECTOR_TILE=512 BUFFER_SIZE=4096 OUTER_ROW_NUM=2 OUTER_COL_NUM=5 OUTER_VEC_BLK=8
EXECUTING: numactl --interleave=all /home/chrisarg/software-dev/Bit/scripts/../build/openmp_bit_nogpu 65536 1024 1024 20
COMPILING: make -C /home/chrisarg/software-dev/Bit/scripts/.. -f Makefile -B build/openmp_bit_nogpu GPU=NONE LIBPOPCNT=0 CPU_TILE=64 BITVECTOR_TILE=2048 BUFFER_SIZE=1024 OUTER_ROW_NUM=1 OUTER_COL_NUM=6 OUTER_VEC_BLK=3
EXECUTING: numactl --interleave=all /home/chrisarg/software-dev/Bit/scripts/../build/openmp_bit_nogpu 65536 1024 1024 20
COMPILING: make -C /home/chrisarg/software-dev/Bit/scripts/.. -f Makefile -B build/openmp_bit_nogpu GPU=NONE LIBPOPCNT=0 CPU_TILE=16 BITVECTOR_TILE=512 BUFFER_SIZE=1024 OUTER_ROW_NUM=3 OUTER_COL_NUM=4 OUTER_VEC_BLK=6
EXECUTING: numactl --interleave=all /home/chrisarg/software-dev/Bit/scripts/../build/openmp_bit_nogpu 262144 1024 1024 20
COMPILING: make -C /home/chrisarg/software-dev/Bit/scripts/.. -f Makefile -B build/openmp_bit_nogpu GPU=NONE LIBPOPCNT=1 CPU_TILE=32 BITVECTOR_TILE=512 BUFFER_SIZE=128 OUTER_ROW_NUM=2 OUTER_COL_NUM=2 OUTER_VEC_BLK=8
EXECUTING: numactl --interleave=all /home/chrisarg/software-dev/Bit/scripts/../build/openmp_bit_nogpu 65536 1024 1024 20
COMPILING: make -C /home/chrisarg/software-dev/Bit/scripts/.. -f Makefile -B build/openmp_bit_nogpu GPU=NONE LIBPOPCNT=0 CPU_TILE=16 BITVECTOR_TILE=2048 BUFFER_SIZE=256 OUTER_ROW_NUM=6 OUTER_COL_NUM=5 OUTER_VEC_BLK=8
EXECUTING: numactl --interleave=all /home/chrisarg/software-dev/Bit/scripts/../build/openmp_bit_nogpu 262144 1024 1024 20
COMPILING: make -C /home/chrisarg/software-dev/Bit/scripts/.. -f Makefile -B build/openmp_bit_nogpu GPU=NONE LIBPOPCNT=0 CPU_TILE=64 BITVECTOR_TILE=512 BUFFER_SIZE=4096 OUTER_ROW_NUM=2 OUTER_COL_NUM=3 OUTER_VEC_BLK=3
EXECUTING: numactl --interleave=all /home/chrisarg/software-dev/Bit/scripts/../build/openmp_bit_nogpu 65536 1024 1024 20
COMPILING: make -C /home/chrisarg/software-dev/Bit/scripts/.. -f Makefile -B build/openmp_bit_nogpu GPU=NONE LIBPOPCNT=1 CPU_TILE=32 BITVECTOR_TILE=1024 BUFFER_SIZE=256 OUTER_ROW_NUM=6 OUTER_COL_NUM=5 OUTER_VEC_BLK=1
EXECUTING: numactl --interleave=all /home/chrisarg/software-dev/Bit/scripts/../build/openmp_bit_nogpu 65536 1024 1024 20
COMPILING: make -C /home/chrisarg/software-dev/Bit/scripts/.. -f Makefile -B build/openmp_bit_nogpu GPU=NONE LIBPOPCNT=1 CPU_TILE=32 BITVECTOR_TILE=1024 BUFFER_SIZE=128 OUTER_ROW_NUM=5 OUTER_COL_NUM=5 OUTER_VEC_BLK=4
EXECUTING: numactl --interleave=all /home/chrisarg/software-dev/Bit/scripts/../build/openmp_bit_nogpu 65536 1024 1024 20
COMPILING: make -C /home/chrisarg/software-dev/Bit/scripts/.. -f Makefile -B build/openmp_bit_nogpu GPU=NONE LIBPOPCNT=0 CPU_TILE=16 BITVECTOR_TILE=512 BUFFER_SIZE=256 OUTER_ROW_NUM=1 OUTER_COL_NUM=5 OUTER_VEC_BLK=1
EXECUTING: numactl --interleave=all /home/chrisarg/software-dev/Bit/scripts/../build/openmp_bit_nogpu 262144 1024 1024 20
COMPILING: make -C /home/chrisarg/software-dev/Bit/scripts/.. -f Makefile -B build/openmp_bit_nogpu GPU=NONE LIBPOPCNT=1 CPU_TILE=64 BITVECTOR_TILE=1024 BUFFER_SIZE=4096 OUTER_ROW_NUM=3 OUTER_COL_NUM=5 OUTER_VEC_BLK=2
EXECUTING: numactl --interleave=all /home/chrisarg/software-dev/Bit/scripts/../build/openmp_bit_nogpu 262144 1024 1024 20
COMPILING: make -C /home/chrisarg/software-dev/Bit/scripts/.. -f Makefile -B build/openmp_bit_nogpu GPU=NONE LIBPOPCNT=1 CPU_TILE=64 BITVECTOR_TILE=1024 BUFFER_SIZE=256 OUTER_ROW_NUM=1 OUTER_COL_NUM=1 OUTER_VEC_BLK=6
EXECUTING: numactl --interleave=all /home/chrisarg/software-dev/Bit/scripts/../build/openmp_bit_nogpu 65536 1024 1024 20
COMPILING: make -C /home/chrisarg/software-dev/Bit/scripts/.. -f Makefile -B build/openmp_bit_nogpu GPU=NONE LIBPOPCNT=1 CPU_TILE=32 BITVECTOR_TILE=1024 BUFFER_SIZE=256 OUTER_ROW_NUM=3 OUTER_COL_NUM=1 OUTER_VEC_BLK=8
EXECUTING: numactl --interleave=all /home/chrisarg/software-dev/Bit/scripts/../build/openmp_bit_nogpu 262144 1024 1024 20
COMPILING: make -C /home/chrisarg/software-dev/Bit/scripts/.. -f Makefile -B build/openmp_bit_nogpu GPU=NONE LIBPOPCNT=0 CPU_TILE=64 BITVECTOR_TILE=1024 BUFFER_SIZE=256 OUTER_ROW_NUM=3 OUTER_COL_NUM=4 OUTER_VEC_BLK=6
EXECUTING: numactl --interleave=all /home/chrisarg/software-dev/Bit/scripts/../build/openmp_bit_nogpu 65536 1024 1024 20
COMPILING: make -C /home/chrisarg/software-dev/Bit/scripts/.. -f Makefile -B build/openmp_bit_nogpu GPU=NONE LIBPOPCNT=0 CPU_TILE=64 BITVECTOR_TILE=1024 BUFFER_SIZE=256 OUTER_ROW_NUM=6 OUTER_COL_NUM=5 OUTER_VEC_BLK=4
EXECUTING: numactl --interleave=all /home/chrisarg/software-dev/Bit/scripts/../build/openmp_bit_nogpu 65536 1024 1024 20
COMPILING: make -C /home/chrisarg/software-dev/Bit/scripts/.. -f Makefile -B build/openmp_bit_nogpu GPU=NONE LIBPOPCNT=1 CPU_TILE=16 BITVECTOR_TILE=2048 BUFFER_SIZE=256 OUTER_ROW_NUM=3 OUTER_COL_NUM=4 OUTER_VEC_BLK=1
EXECUTING: numactl --interleave=all /home/chrisarg/software-dev/Bit/scripts/../build/openmp_bit_nogpu 262144 1024 1024 20
COMPILING: make -C /home/chrisarg/software-dev/Bit/scripts/.. -f Makefile -B build/openmp_bit_nogpu GPU=NONE LIBPOPCNT=0 CPU_TILE=64 BITVECTOR_TILE=512 BUFFER_SIZE=512 OUTER_ROW_NUM=4 OUTER_COL_NUM=5 OUTER_VEC_BLK=8
EXECUTING: numactl --interleave=all /home/chrisarg/software-dev/Bit/scripts/../build/openmp_bit_nogpu 262144 1024 1024 20
COMPILING: make -C /home/chrisarg/software-dev/Bit/scripts/.. -f Makefile -B build/openmp_bit_nogpu GPU=NONE LIBPOPCNT=1 CPU_TILE=32 BITVECTOR_TILE=1024 BUFFER_SIZE=4096 OUTER_ROW_NUM=2 OUTER_COL_NUM=4 OUTER_VEC_BLK=3
EXECUTING: numactl --interleave=all /home/chrisarg/software-dev/Bit/scripts/../build/openmp_bit_nogpu 65536 1024 1024 20
COMPILING: make -C /home/chrisarg/software-dev/Bit/scripts/.. -f Makefile -B build/openmp_bit_nogpu GPU=NONE LIBPOPCNT=1 CPU_TILE=16 BITVECTOR_TILE=512 BUFFER_SIZE=512 OUTER_ROW_NUM=6 OUTER_COL_NUM=2 OUTER_VEC_BLK=2
EXECUTING: numactl --interleave=all /home/chrisarg/software-dev/Bit/scripts/../build/openmp_bit_nogpu 65536 1024 1024 20
COMPILING: make -C /home/chrisarg/software-dev/Bit/scripts/.. -f Makefile -B build/openmp_bit_nogpu GPU=NONE LIBPOPCNT=1 CPU_TILE=32 BITVECTOR_TILE=1024 BUFFER_SIZE=128 OUTER_ROW_NUM=3 OUTER_COL_NUM=1 OUTER_VEC_BLK=6
EXECUTING: numactl --interleave=all /home/chrisarg/software-dev/Bit/scripts/../build/openmp_bit_nogpu 65536 1024 1024 20
COMPILING: make -C /home/chrisarg/software-dev/Bit/scripts/.. -f Makefile -B build/openmp_bit_nogpu GPU=NONE LIBPOPCNT=1 CPU_TILE=64 BITVECTOR_TILE=1024 BUFFER_SIZE=4096 OUTER_ROW_NUM=1 OUTER_COL_NUM=5 OUTER_VEC_BLK=6
EXECUTING: numactl --interleave=all /home/chrisarg/software-dev/Bit/scripts/../build/openmp_bit_nogpu 262144 1024 1024 20
COMPILING: make -C /home/chrisarg/software-dev/Bit/scripts/.. -f Makefile -B build/openmp_bit_nogpu GPU=NONE LIBPOPCNT=1 CPU_TILE=64 BITVECTOR_TILE=2048 BUFFER_SIZE=512 OUTER_ROW_NUM=3 OUTER_COL_NUM=5 OUTER_VEC_BLK=2
EXECUTING: numactl --interleave=all /home/chrisarg/software-dev/Bit/scripts/../build/openmp_bit_nogpu 262144 1024 1024 20
COMPILING: make -C /home/chrisarg/software-dev/Bit/scripts/.. -f Makefile -B build/openmp_bit_nogpu GPU=NONE LIBPOPCNT=0 CPU_TILE=64 BITVECTOR_TILE=512 BUFFER_SIZE=512 OUTER_ROW_NUM=5 OUTER_COL_NUM=2 OUTER_VEC_BLK=4
EXECUTING: numactl --interleave=all /home/chrisarg/software-dev/Bit/scripts/../build/openmp_bit_nogpu 262144 1024 1024 20
COMPILING: make -C /home/chrisarg/software-dev/Bit/scripts/.. -f Makefile -B build/openmp_bit_nogpu GPU=NONE LIBPOPCNT=0 CPU_TILE=32 BITVECTOR_TILE=1024 BUFFER_SIZE=1024 OUTER_ROW_NUM=2 OUTER_COL_NUM=1 OUTER_VEC_BLK=2
EXECUTING: numactl --interleave=all /home/chrisarg/software-dev/Bit/scripts/../build/openmp_bit_nogpu 262144 1024 1024 20
COMPILING: make -C /home/chrisarg/software-dev/Bit/scripts/.. -f Makefile -B build/openmp_bit_nogpu GPU=NONE LIBPOPCNT=0 CPU_TILE=64 BITVECTOR_TILE=512 BUFFER_SIZE=512 OUTER_ROW_NUM=1 OUTER_COL_NUM=3 OUTER_VEC_BLK=8
EXECUTING: numactl --interleave=all /home/chrisarg/software-dev/Bit/scripts/../build/openmp_bit_nogpu 262144 1024 1024 20
COMPILING: make -C /home/chrisarg/software-dev/Bit/scripts/.. -f Makefile -B build/openmp_bit_nogpu GPU=NONE LIBPOPCNT=1 CPU_TILE=64 BITVECTOR_TILE=512 BUFFER_SIZE=1024 OUTER_ROW_NUM=3 OUTER_COL_NUM=3 OUTER_VEC_BLK=8
EXECUTING: numactl --interleave=all /home/chrisarg/software-dev/Bit/scripts/../build/openmp_bit_nogpu 65536 1024 1024 20
COMPILING: make -C /home/chrisarg/software-dev/Bit/scripts/.. -f Makefile -B build/openmp_bit_nogpu GPU=NONE LIBPOPCNT=1 CPU_TILE=64 BITVECTOR_TILE=2048 BUFFER_SIZE=256 OUTER_ROW_NUM=5 OUTER_COL_NUM=3 OUTER_VEC_BLK=2
EXECUTING: numactl --interleave=all /home/chrisarg/software-dev/Bit/scripts/../build/openmp_bit_nogpu 65536 1024 1024 20
COMPILING: make -C /home/chrisarg/software-dev/Bit/scripts/.. -f Makefile -B build/openmp_bit_nogpu GPU=NONE LIBPOPCNT=1 CPU_TILE=32 BITVECTOR_TILE=1024 BUFFER_SIZE=4096 OUTER_ROW_NUM=2 OUTER_COL_NUM=6 OUTER_VEC_BLK=2
EXECUTING: numactl --interleave=all /home/chrisarg/software-dev/Bit/scripts/../build/openmp_bit_nogpu 262144 1024 1024 20
COMPILING: make -C /home/chrisarg/software-dev/Bit/scripts/.. -f Makefile -B build/openmp_bit_nogpu GPU=NONE LIBPOPCNT=0 CPU_TILE=64 BITVECTOR_TILE=2048 BUFFER_SIZE=1024 OUTER_ROW_NUM=2 OUTER_COL_NUM=1 OUTER_VEC_BLK=1
EXECUTING: numactl --interleave=all /home/chrisarg/software-dev/Bit/scripts/../build/openmp_bit_nogpu 262144 1024 1024 20
COMPILING: make -C /home/chrisarg/software-dev/Bit/scripts/.. -f Makefile -B build/openmp_bit_nogpu GPU=NONE LIBPOPCNT=1 CPU_TILE=32 BITVECTOR_TILE=512 BUFFER_SIZE=1024 OUTER_ROW_NUM=5 OUTER_COL_NUM=5 OUTER_VEC_BLK=3
EXECUTING: numactl --interleave=all /home/chrisarg/software-dev/Bit/scripts/../build/openmp_bit_nogpu 65536 1024 1024 20
COMPILING: make -C /home/chrisarg/software-dev/Bit/scripts/.. -f Makefile -B build/openmp_bit_nogpu GPU=NONE LIBPOPCNT=1 CPU_TILE=16 BITVECTOR_TILE=2048 BUFFER_SIZE=4096 OUTER_ROW_NUM=3 OUTER_COL_NUM=3 OUTER_VEC_BLK=1
EXECUTING: numactl --interleave=all /home/chrisarg/software-dev/Bit/scripts/../build/openmp_bit_nogpu 262144 1024 1024 20
COMPILING: make -C /home/chrisarg/software-dev/Bit/scripts/.. -f Makefile -B build/openmp_bit_nogpu GPU=NONE LIBPOPCNT=1 CPU_TILE=32 BITVECTOR_TILE=512 BUFFER_SIZE=512 OUTER_ROW_NUM=2 OUTER_COL_NUM=4 OUTER_VEC_BLK=6
EXECUTING: numactl --interleave=all /home/chrisarg/software-dev/Bit/scripts/../build/openmp_bit_nogpu 65536 1024 1024 20
COMPILING: make -C /home/chrisarg/software-dev/Bit/scripts/.. -f Makefile -B build/openmp_bit_nogpu GPU=NONE LIBPOPCNT=0 CPU_TILE=64 BITVECTOR_TILE=512 BUFFER_SIZE=256 OUTER_ROW_NUM=6 OUTER_COL_NUM=5 OUTER_VEC_BLK=8
EXECUTING: numactl --interleave=all /home/chrisarg/software-dev/Bit/scripts/../build/openmp_bit_nogpu 262144 1024 1024 20
COMPILING: make -C /home/chrisarg/software-dev/Bit/scripts/.. -f Makefile -B build/openmp_bit_nogpu GPU=NONE LIBPOPCNT=1 CPU_TILE=16 BITVECTOR_TILE=512 BUFFER_SIZE=256 OUTER_ROW_NUM=6 OUTER_COL_NUM=4 OUTER_VEC_BLK=2
EXECUTING: numactl --interleave=all /home/chrisarg/software-dev/Bit/scripts/../build/openmp_bit_nogpu 262144 1024 1024 20
COMPILING: make -C /home/chrisarg/software-dev/Bit/scripts/.. -f Makefile -B build/openmp_bit_nogpu GPU=NONE LIBPOPCNT=1 CPU_TILE=32 BITVECTOR_TILE=2048 BUFFER_SIZE=1024 OUTER_ROW_NUM=2 OUTER_COL_NUM=3 OUTER_VEC_BLK=3
EXECUTING: numactl --interleave=all /home/chrisarg/software-dev/Bit/scripts/../build/openmp_bit_nogpu 65536 1024 1024 20
COMPILING: make -C /home/chrisarg/software-dev/Bit/scripts/.. -f Makefile -B build/openmp_bit_nogpu GPU=NONE LIBPOPCNT=0 CPU_TILE=32 BITVECTOR_TILE=512 BUFFER_SIZE=256 OUTER_ROW_NUM=5 OUTER_COL_NUM=5 OUTER_VEC_BLK=3
EXECUTING: numactl --interleave=all /home/chrisarg/software-dev/Bit/scripts/../build/openmp_bit_nogpu 65536 1024 1024 20
COMPILING: make -C /home/chrisarg/software-dev/Bit/scripts/.. -f Makefile -B build/openmp_bit_nogpu GPU=NONE LIBPOPCNT=1 CPU_TILE=16 BITVECTOR_TILE=2048 BUFFER_SIZE=256 OUTER_ROW_NUM=5 OUTER_COL_NUM=5 OUTER_VEC_BLK=8
EXECUTING: numactl --interleave=all /home/chrisarg/software-dev/Bit/scripts/../build/openmp_bit_nogpu 65536 1024 1024 20
COMPILING: make -C /home/chrisarg/software-dev/Bit/scripts/.. -f Makefile -B build/openmp_bit_nogpu GPU=NONE LIBPOPCNT=1 CPU_TILE=16 BITVECTOR_TILE=2048 BUFFER_SIZE=512 OUTER_ROW_NUM=5 OUTER_COL_NUM=6 OUTER_VEC_BLK=1
EXECUTING: numactl --interleave=all /home/chrisarg/software-dev/Bit/scripts/../build/openmp_bit_nogpu 65536 1024 1024 20
COMPILING: make -C /home/chrisarg/software-dev/Bit/scripts/.. -f Makefile -B build/openmp_bit_nogpu GPU=NONE LIBPOPCNT=0 CPU_TILE=64 BITVECTOR_TILE=1024 BUFFER_SIZE=512 OUTER_ROW_NUM=3 OUTER_COL_NUM=6 OUTER_VEC_BLK=4
EXECUTING: numactl --interleave=all /home/chrisarg/software-dev/Bit/scripts/../build/openmp_bit_nogpu 262144 1024 1024 20
COMPILING: make -C /home/chrisarg/software-dev/Bit/scripts/.. -f Makefile -B build/openmp_bit_nogpu GPU=NONE LIBPOPCNT=0 CPU_TILE=64 BITVECTOR_TILE=512 BUFFER_SIZE=4096 OUTER_ROW_NUM=3 OUTER_COL_NUM=6 OUTER_VEC_BLK=4
EXECUTING: numactl --interleave=all /home/chrisarg/software-dev/Bit/scripts/../build/openmp_bit_nogpu 262144 1024 1024 20
COMPILING: make -C /home/chrisarg/software-dev/Bit/scripts/.. -f Makefile -B build/openmp_bit_nogpu GPU=NONE LIBPOPCNT=1 CPU_TILE=64 BITVECTOR_TILE=1024 BUFFER_SIZE=512 OUTER_ROW_NUM=1 OUTER_COL_NUM=6 OUTER_VEC_BLK=3
EXECUTING: numactl --interleave=all /home/chrisarg/software-dev/Bit/scripts/../build/openmp_bit_nogpu 262144 1024 1024 20
COMPILING: make -C /home/chrisarg/software-dev/Bit/scripts/.. -f Makefile -B build/openmp_bit_nogpu GPU=NONE LIBPOPCNT=0 CPU_TILE=16 BITVECTOR_TILE=1024 BUFFER_SIZE=1024 OUTER_ROW_NUM=3 OUTER_COL_NUM=1 OUTER_VEC_BLK=8
EXECUTING: numactl --interleave=all /home/chrisarg/software-dev/Bit/scripts/../build/openmp_bit_nogpu 262144 1024 1024 20
COMPILING: make -C /home/chrisarg/software-dev/Bit/scripts/.. -f Makefile -B build/openmp_bit_nogpu GPU=NONE LIBPOPCNT=0 CPU_TILE=16 BITVECTOR_TILE=2048 BUFFER_SIZE=256 OUTER_ROW_NUM=1 OUTER_COL_NUM=5 OUTER_VEC_BLK=6
EXECUTING: numactl --interleave=all /home/chrisarg/software-dev/Bit/scripts/../build/openmp_bit_nogpu 262144 1024 1024 20
COMPILING: make -C /home/chrisarg/software-dev/Bit/scripts/.. -f Makefile -B build/openmp_bit_nogpu GPU=NONE LIBPOPCNT=0 CPU_TILE=64 BITVECTOR_TILE=512 BUFFER_SIZE=128 OUTER_ROW_NUM=6 OUTER_COL_NUM=4 OUTER_VEC_BLK=3
EXECUTING: numactl --interleave=all /home/chrisarg/software-dev/Bit/scripts/../build/openmp_bit_nogpu 262144 1024 1024 20
COMPILING: make -C /home/chrisarg/software-dev/Bit/scripts/.. -f Makefile -B build/openmp_bit_nogpu GPU=NONE LIBPOPCNT=1 CPU_TILE=16 BITVECTOR_TILE=2048 BUFFER_SIZE=1024 OUTER_ROW_NUM=5 OUTER_COL_NUM=1 OUTER_VEC_BLK=1
EXECUTING: numactl --interleave=all /home/chrisarg/software-dev/Bit/scripts/../build/openmp_bit_nogpu 65536 1024 1024 20
COMPILING: make -C /home/chrisarg/software-dev/Bit/scripts/.. -f Makefile -B build/openmp_bit_nogpu GPU=NONE LIBPOPCNT=0 CPU_TILE=16 BITVECTOR_TILE=1024 BUFFER_SIZE=128 OUTER_ROW_NUM=3 OUTER_COL_NUM=6 OUTER_VEC_BLK=8
EXECUTING: numactl --interleave=all /home/chrisarg/software-dev/Bit/scripts/../build/openmp_bit_nogpu 262144 1024 1024 20
COMPILING: make -C /home/chrisarg/software-dev/Bit/scripts/.. -f Makefile -B build/openmp_bit_nogpu GPU=NONE LIBPOPCNT=0 CPU_TILE=32 BITVECTOR_TILE=512 BUFFER_SIZE=512 OUTER_ROW_NUM=6 OUTER_COL_NUM=3 OUTER_VEC_BLK=8
EXECUTING: numactl --interleave=all /home/chrisarg/software-dev/Bit/scripts/../build/openmp_bit_nogpu 65536 1024 1024 20
COMPILING: make -C /home/chrisarg/software-dev/Bit/scripts/.. -f Makefile -B build/openmp_bit_nogpu GPU=NONE LIBPOPCNT=0 CPU_TILE=64 BITVECTOR_TILE=512 BUFFER_SIZE=1024 OUTER_ROW_NUM=6 OUTER_COL_NUM=1 OUTER_VEC_BLK=4
EXECUTING: numactl --interleave=all /home/chrisarg/software-dev/Bit/scripts/../build/openmp_bit_nogpu 65536 1024 1024 20
COMPILING: make -C /home/chrisarg/software-dev/Bit/scripts/.. -f Makefile -B build/openmp_bit_nogpu GPU=NONE LIBPOPCNT=1 CPU_TILE=16 BITVECTOR_TILE=512 BUFFER_SIZE=1024 OUTER_ROW_NUM=3 OUTER_COL_NUM=6 OUTER_VEC_BLK=4
EXECUTING: numactl --interleave=all /home/chrisarg/software-dev/Bit/scripts/../build/openmp_bit_nogpu 65536 1024 1024 20
COMPILING: make -C /home/chrisarg/software-dev/Bit/scripts/.. -f Makefile -B build/openmp_bit_nogpu GPU=NONE LIBPOPCNT=0 CPU_TILE=16 BITVECTOR_TILE=1024 BUFFER_SIZE=128 OUTER_ROW_NUM=5 OUTER_COL_NUM=1 OUTER_VEC_BLK=1
EXECUTING: numactl --interleave=all /home/chrisarg/software-dev/Bit/scripts/../build/openmp_bit_nogpu 262144 1024 1024 20
COMPILING: make -C /home/chrisarg/software-dev/Bit/scripts/.. -f Makefile -B build/openmp_bit_nogpu GPU=NONE LIBPOPCNT=1 CPU_TILE=32 BITVECTOR_TILE=512 BUFFER_SIZE=512 OUTER_ROW_NUM=4 OUTER_COL_NUM=2 OUTER_VEC_BLK=8
EXECUTING: numactl --interleave=all /home/chrisarg/software-dev/Bit/scripts/../build/openmp_bit_nogpu 65536 1024 1024 20
COMPILING: make -C /home/chrisarg/software-dev/Bit/scripts/.. -f Makefile -B build/openmp_bit_nogpu GPU=NONE LIBPOPCNT=1 CPU_TILE=32 BITVECTOR_TILE=512 BUFFER_SIZE=4096 OUTER_ROW_NUM=3 OUTER_COL_NUM=5 OUTER_VEC_BLK=1
EXECUTING: numactl --interleave=all /home/chrisarg/software-dev/Bit/scripts/../build/openmp_bit_nogpu 262144 1024 1024 20
COMPILING: make -C /home/chrisarg/software-dev/Bit/scripts/.. -f Makefile -B build/openmp_bit_nogpu GPU=NONE LIBPOPCNT=1 CPU_TILE=64 BITVECTOR_TILE=512 BUFFER_SIZE=4096 OUTER_ROW_NUM=2 OUTER_COL_NUM=2 OUTER_VEC_BLK=4
EXECUTING: numactl --interleave=all /home/chrisarg/software-dev/Bit/scripts/../build/openmp_bit_nogpu 65536 1024 1024 20
COMPILING: make -C /home/chrisarg/software-dev/Bit/scripts/.. -f Makefile -B build/openmp_bit_nogpu GPU=NONE LIBPOPCNT=1 CPU_TILE=16 BITVECTOR_TILE=1024 BUFFER_SIZE=1024 OUTER_ROW_NUM=1 OUTER_COL_NUM=5 OUTER_VEC_BLK=4
EXECUTING: numactl --interleave=all /home/chrisarg/software-dev/Bit/scripts/../build/openmp_bit_nogpu 262144 1024 1024 20
COMPILING: make -C /home/chrisarg/software-dev/Bit/scripts/.. -f Makefile -B build/openmp_bit_nogpu GPU=NONE LIBPOPCNT=1 CPU_TILE=16 BITVECTOR_TILE=512 BUFFER_SIZE=128 OUTER_ROW_NUM=1 OUTER_COL_NUM=3 OUTER_VEC_BLK=2
EXECUTING: numactl --interleave=all /home/chrisarg/software-dev/Bit/scripts/../build/openmp_bit_nogpu 65536 1024 1024 20
COMPILING: make -C /home/chrisarg/software-dev/Bit/scripts/.. -f Makefile -B build/openmp_bit_nogpu GPU=NONE LIBPOPCNT=1 CPU_TILE=64 BITVECTOR_TILE=512 BUFFER_SIZE=4096 OUTER_ROW_NUM=1 OUTER_COL_NUM=5 OUTER_VEC_BLK=1
EXECUTING: numactl --interleave=all /home/chrisarg/software-dev/Bit/scripts/../build/openmp_bit_nogpu 262144 1024 1024 20
COMPILING: make -C /home/chrisarg/software-dev/Bit/scripts/.. -f Makefile -B build/openmp_bit_nogpu GPU=NONE LIBPOPCNT=1 CPU_TILE=16 BITVECTOR_TILE=512 BUFFER_SIZE=128 OUTER_ROW_NUM=1 OUTER_COL_NUM=1 OUTER_VEC_BLK=1
EXECUTING: numactl --interleave=all /home/chrisarg/software-dev/Bit/scripts/../build/openmp_bit_nogpu 262144 1024 1024 20
COMPILING: make -C /home/chrisarg/software-dev/Bit/scripts/.. -f Makefile -B build/openmp_bit_nogpu GPU=NONE LIBPOPCNT=0 CPU_TILE=16 BITVECTOR_TILE=512 BUFFER_SIZE=512 OUTER_ROW_NUM=4 OUTER_COL_NUM=5 OUTER_VEC_BLK=4
EXECUTING: numactl --interleave=all /home/chrisarg/software-dev/Bit/scripts/../build/openmp_bit_nogpu 65536 1024 1024 20
COMPILING: make -C /home/chrisarg/software-dev/Bit/scripts/.. -f Makefile -B build/openmp_bit_nogpu GPU=NONE LIBPOPCNT=0 CPU_TILE=64 BITVECTOR_TILE=1024 BUFFER_SIZE=128 OUTER_ROW_NUM=3 OUTER_COL_NUM=4 OUTER_VEC_BLK=2
EXECUTING: numactl --interleave=all /home/chrisarg/software-dev/Bit/scripts/../build/openmp_bit_nogpu 65536 1024 1024 20
COMPILING: make -C /home/chrisarg/software-dev/Bit/scripts/.. -f Makefile -B build/openmp_bit_nogpu GPU=NONE LIBPOPCNT=1 CPU_TILE=64 BITVECTOR_TILE=512 BUFFER_SIZE=512 OUTER_ROW_NUM=4 OUTER_COL_NUM=1 OUTER_VEC_BLK=2
EXECUTING: numactl --interleave=all /home/chrisarg/software-dev/Bit/scripts/../build/openmp_bit_nogpu 262144 1024 1024 20
COMPILING: make -C /home/chrisarg/software-dev/Bit/scripts/.. -f Makefile -B build/openmp_bit_nogpu GPU=NONE LIBPOPCNT=1 CPU_TILE=64 BITVECTOR_TILE=1024 BUFFER_SIZE=512 OUTER_ROW_NUM=1 OUTER_COL_NUM=3 OUTER_VEC_BLK=3
EXECUTING: numactl --interleave=all /home/chrisarg/software-dev/Bit/scripts/../build/openmp_bit_nogpu 262144 1024 1024 20
COMPILING: make -C /home/chrisarg/software-dev/Bit/scripts/.. -f Makefile -B build/openmp_bit_nogpu GPU=NONE LIBPOPCNT=0 CPU_TILE=16 BITVECTOR_TILE=1024 BUFFER_SIZE=256 OUTER_ROW_NUM=1 OUTER_COL_NUM=3 OUTER_VEC_BLK=1
EXECUTING: numactl --interleave=all /home/chrisarg/software-dev/Bit/scripts/../build/openmp_bit_nogpu 65536 1024 1024 20
COMPILING: make -C /home/chrisarg/software-dev/Bit/scripts/.. -f Makefile -B build/openmp_bit_nogpu GPU=NONE LIBPOPCNT=1 CPU_TILE=16 BITVECTOR_TILE=512 BUFFER_SIZE=512 OUTER_ROW_NUM=4 OUTER_COL_NUM=4 OUTER_VEC_BLK=1
EXECUTING: numactl --interleave=all /home/chrisarg/software-dev/Bit/scripts/../build/openmp_bit_nogpu 262144 1024 1024 20
COMPILING: make -C /home/chrisarg/software-dev/Bit/scripts/.. -f Makefile -B build/openmp_bit_nogpu GPU=NONE LIBPOPCNT=1 CPU_TILE=64 BITVECTOR_TILE=1024 BUFFER_SIZE=256 OUTER_ROW_NUM=2 OUTER_COL_NUM=5 OUTER_VEC_BLK=8
EXECUTING: numactl --interleave=all /home/chrisarg/software-dev/Bit/scripts/../build/openmp_bit_nogpu 262144 1024 1024 20
COMPILING: make -C /home/chrisarg/software-dev/Bit/scripts/.. -f Makefile -B build/openmp_bit_nogpu GPU=NONE LIBPOPCNT=1 CPU_TILE=32 BITVECTOR_TILE=512 BUFFER_SIZE=256 OUTER_ROW_NUM=6 OUTER_COL_NUM=4 OUTER_VEC_BLK=6
EXECUTING: numactl --interleave=all /home/chrisarg/software-dev/Bit/scripts/../build/openmp_bit_nogpu 65536 1024 1024 20
COMPILING: make -C /home/chrisarg/software-dev/Bit/scripts/.. -f Makefile -B build/openmp_bit_nogpu GPU=NONE LIBPOPCNT=0 CPU_TILE=64 BITVECTOR_TILE=2048 BUFFER_SIZE=1024 OUTER_ROW_NUM=4 OUTER_COL_NUM=6 OUTER_VEC_BLK=4
EXECUTING: numactl --interleave=all /home/chrisarg/software-dev/Bit/scripts/../build/openmp_bit_nogpu 65536 1024 1024 20
COMPILING: make -C /home/chrisarg/software-dev/Bit/scripts/.. -f Makefile -B build/openmp_bit_nogpu GPU=NONE LIBPOPCNT=0 CPU_TILE=32 BITVECTOR_TILE=2048 BUFFER_SIZE=128 OUTER_ROW_NUM=2 OUTER_COL_NUM=5 OUTER_VEC_BLK=8
EXECUTING: numactl --interleave=all /home/chrisarg/software-dev/Bit/scripts/../build/openmp_bit_nogpu 262144 1024 1024 20
COMPILING: make -C /home/chrisarg/software-dev/Bit/scripts/.. -f Makefile -B build/openmp_bit_nogpu GPU=NONE LIBPOPCNT=1 CPU_TILE=16 BITVECTOR_TILE=512 BUFFER_SIZE=128 OUTER_ROW_NUM=4 OUTER_COL_NUM=4 OUTER_VEC_BLK=6
EXECUTING: numactl --interleave=all /home/chrisarg/software-dev/Bit/scripts/../build/openmp_bit_nogpu 65536 1024 1024 20
COMPILING: make -C /home/chrisarg/software-dev/Bit/scripts/.. -f Makefile -B build/openmp_bit_nogpu GPU=NONE LIBPOPCNT=1 CPU_TILE=16 BITVECTOR_TILE=512 BUFFER_SIZE=512 OUTER_ROW_NUM=2 OUTER_COL_NUM=1 OUTER_VEC_BLK=6
EXECUTING: numactl --interleave=all /home/chrisarg/software-dev/Bit/scripts/../build/openmp_bit_nogpu 65536 1024 1024 20
COMPILING: make -C /home/chrisarg/software-dev/Bit/scripts/.. -f Makefile -B build/openmp_bit_nogpu GPU=NONE LIBPOPCNT=1 CPU_TILE=32 BITVECTOR_TILE=512 BUFFER_SIZE=1024 OUTER_ROW_NUM=2 OUTER_COL_NUM=2 OUTER_VEC_BLK=3
EXECUTING: numactl --interleave=all /home/chrisarg/software-dev/Bit/scripts/../build/openmp_bit_nogpu 65536 1024 1024 20
COMPILING: make -C /home/chrisarg/software-dev/Bit/scripts/.. -f Makefile -B build/openmp_bit_nogpu GPU=NONE LIBPOPCNT=1 CPU_TILE=32 BITVECTOR_TILE=512 BUFFER_SIZE=1024 OUTER_ROW_NUM=4 OUTER_COL_NUM=3 OUTER_VEC_BLK=6
EXECUTING: numactl --interleave=all /home/chrisarg/software-dev/Bit/scripts/../build/openmp_bit_nogpu 65536 1024 1024 20
COMPILING: make -C /home/chrisarg/software-dev/Bit/scripts/.. -f Makefile -B build/openmp_bit_nogpu GPU=NONE LIBPOPCNT=1 CPU_TILE=32 BITVECTOR_TILE=512 BUFFER_SIZE=256 OUTER_ROW_NUM=1 OUTER_COL_NUM=4 OUTER_VEC_BLK=1
EXECUTING: numactl --interleave=all /home/chrisarg/software-dev/Bit/scripts/../build/openmp_bit_nogpu 65536 1024 1024 20
COMPILING: make -C /home/chrisarg/software-dev/Bit/scripts/.. -f Makefile -B build/openmp_bit_nogpu GPU=NONE LIBPOPCNT=0 CPU_TILE=16 BITVECTOR_TILE=512 BUFFER_SIZE=512 OUTER_ROW_NUM=2 OUTER_COL_NUM=3 OUTER_VEC_BLK=6
EXECUTING: numactl --interleave=all /home/chrisarg/software-dev/Bit/scripts/../build/openmp_bit_nogpu 262144 1024 1024 20
COMPILING: make -C /home/chrisarg/software-dev/Bit/scripts/.. -f Makefile -B build/openmp_bit_nogpu GPU=NONE LIBPOPCNT=0 CPU_TILE=64 BITVECTOR_TILE=2048 BUFFER_SIZE=512 OUTER_ROW_NUM=5 OUTER_COL_NUM=4 OUTER_VEC_BLK=1
EXECUTING: numactl --interleave=all /home/chrisarg/software-dev/Bit/scripts/../build/openmp_bit_nogpu 65536 1024 1024 20
COMPILING: make -C /home/chrisarg/software-dev/Bit/scripts/.. -f Makefile -B build/openmp_bit_nogpu GPU=NONE LIBPOPCNT=0 CPU_TILE=32 BITVECTOR_TILE=512 BUFFER_SIZE=4096 OUTER_ROW_NUM=3 OUTER_COL_NUM=6 OUTER_VEC_BLK=6
EXECUTING: numactl --interleave=all /home/chrisarg/software-dev/Bit/scripts/../build/openmp_bit_nogpu 65536 1024 1024 20
COMPILING: make -C /home/chrisarg/software-dev/Bit/scripts/.. -f Makefile -B build/openmp_bit_nogpu GPU=NONE LIBPOPCNT=1 CPU_TILE=32 BITVECTOR_TILE=2048 BUFFER_SIZE=128 OUTER_ROW_NUM=3 OUTER_COL_NUM=4 OUTER_VEC_BLK=8
EXECUTING: numactl --interleave=all /home/chrisarg/software-dev/Bit/scripts/../build/openmp_bit_nogpu 65536 1024 1024 20
COMPILING: make -C /home/chrisarg/software-dev/Bit/scripts/.. -f Makefile -B build/openmp_bit_nogpu GPU=NONE LIBPOPCNT=0 CPU_TILE=16 BITVECTOR_TILE=512 BUFFER_SIZE=1024 OUTER_ROW_NUM=1 OUTER_COL_NUM=4 OUTER_VEC_BLK=8
EXECUTING: numactl --interleave=all /home/chrisarg/software-dev/Bit/scripts/../build/openmp_bit_nogpu 262144 1024 1024 20
COMPILING: make -C /home/chrisarg/software-dev/Bit/scripts/.. -f Makefile -B build/openmp_bit_nogpu GPU=NONE LIBPOPCNT=0 CPU_TILE=64 BITVECTOR_TILE=1024 BUFFER_SIZE=512 OUTER_ROW_NUM=5 OUTER_COL_NUM=1 OUTER_VEC_BLK=6
EXECUTING: numactl --interleave=all /home/chrisarg/software-dev/Bit/scripts/../build/openmp_bit_nogpu 262144 1024 1024 20
COMPILING: make -C /home/chrisarg/software-dev/Bit/scripts/.. -f Makefile -B build/openmp_bit_nogpu GPU=NONE LIBPOPCNT=0 CPU_TILE=32 BITVECTOR_TILE=1024 BUFFER_SIZE=4096 OUTER_ROW_NUM=6 OUTER_COL_NUM=3 OUTER_VEC_BLK=4
EXECUTING: numactl --interleave=all /home/chrisarg/software-dev/Bit/scripts/../build/openmp_bit_nogpu 262144 1024 1024 20
COMPILING: make -C /home/chrisarg/software-dev/Bit/scripts/.. -f Makefile -B build/openmp_bit_nogpu GPU=NONE LIBPOPCNT=0 CPU_TILE=16 BITVECTOR_TILE=512 BUFFER_SIZE=256 OUTER_ROW_NUM=4 OUTER_COL_NUM=6 OUTER_VEC_BLK=4
EXECUTING: numactl --interleave=all /home/chrisarg/software-dev/Bit/scripts/../build/openmp_bit_nogpu 262144 1024 1024 20
COMPILING: make -C /home/chrisarg/software-dev/Bit/scripts/.. -f Makefile -B build/openmp_bit_nogpu GPU=NONE LIBPOPCNT=0 CPU_TILE=64 BITVECTOR_TILE=512 BUFFER_SIZE=1024 OUTER_ROW_NUM=1 OUTER_COL_NUM=5 OUTER_VEC_BLK=8
EXECUTING: numactl --interleave=all /home/chrisarg/software-dev/Bit/scripts/../build/openmp_bit_nogpu 65536 1024 1024 20
COMPILING: make -C /home/chrisarg/software-dev/Bit/scripts/.. -f Makefile -B build/openmp_bit_nogpu GPU=NONE LIBPOPCNT=0 CPU_TILE=16 BITVECTOR_TILE=1024 BUFFER_SIZE=512 OUTER_ROW_NUM=1 OUTER_COL_NUM=2 OUTER_VEC_BLK=4
EXECUTING: numactl --interleave=all /home/chrisarg/software-dev/Bit/scripts/../build/openmp_bit_nogpu 262144 1024 1024 20
COMPILING: make -C /home/chrisarg/software-dev/Bit/scripts/.. -f Makefile -B build/openmp_bit_nogpu GPU=NONE LIBPOPCNT=0 CPU_TILE=32 BITVECTOR_TILE=1024 BUFFER_SIZE=4096 OUTER_ROW_NUM=4 OUTER_COL_NUM=4 OUTER_VEC_BLK=3
EXECUTING: numactl --interleave=all /home/chrisarg/software-dev/Bit/scripts/../build/openmp_bit_nogpu 262144 1024 1024 20
COMPILING: make -C /home/chrisarg/software-dev/Bit/scripts/.. -f Makefile -B build/openmp_bit_nogpu GPU=NONE LIBPOPCNT=1 CPU_TILE=16 BITVECTOR_TILE=512 BUFFER_SIZE=4096 OUTER_ROW_NUM=4 OUTER_COL_NUM=2 OUTER_VEC_BLK=6
EXECUTING: numactl --interleave=all /home/chrisarg/software-dev/Bit/scripts/../build/openmp_bit_nogpu 262144 1024 1024 20
COMPILING: make -C /home/chrisarg/software-dev/Bit/scripts/.. -f Makefile -B build/openmp_bit_nogpu GPU=NONE LIBPOPCNT=0 CPU_TILE=32 BITVECTOR_TILE=512 BUFFER_SIZE=1024 OUTER_ROW_NUM=4 OUTER_COL_NUM=3 OUTER_VEC_BLK=4
EXECUTING: numactl --interleave=all /home/chrisarg/software-dev/Bit/scripts/../build/openmp_bit_nogpu 262144 1024 1024 20
COMPILING: make -C /home/chrisarg/software-dev/Bit/scripts/.. -f Makefile -B build/openmp_bit_nogpu GPU=NONE LIBPOPCNT=0 CPU_TILE=32 BITVECTOR_TILE=2048 BUFFER_SIZE=4096 OUTER_ROW_NUM=5 OUTER_COL_NUM=1 OUTER_VEC_BLK=4
EXECUTING: numactl --interleave=all /home/chrisarg/software-dev/Bit/scripts/../build/openmp_bit_nogpu 262144 1024 1024 20
COMPILING: make -C /home/chrisarg/software-dev/Bit/scripts/.. -f Makefile -B build/openmp_bit_nogpu GPU=NONE LIBPOPCNT=0 CPU_TILE=16 BITVECTOR_TILE=2048 BUFFER_SIZE=512 OUTER_ROW_NUM=6 OUTER_COL_NUM=1 OUTER_VEC_BLK=3
EXECUTING: numactl --interleave=all /home/chrisarg/software-dev/Bit/scripts/../build/openmp_bit_nogpu 262144 1024 1024 20
COMPILING: make -C /home/chrisarg/software-dev/Bit/scripts/.. -f Makefile -B build/openmp_bit_nogpu GPU=NONE LIBPOPCNT=0 CPU_TILE=64 BITVECTOR_TILE=512 BUFFER_SIZE=1024 OUTER_ROW_NUM=2 OUTER_COL_NUM=3 OUTER_VEC_BLK=4
EXECUTING: numactl --interleave=all /home/chrisarg/software-dev/Bit/scripts/../build/openmp_bit_nogpu 65536 1024 1024 20
COMPILING: make -C /home/chrisarg/software-dev/Bit/scripts/.. -f Makefile -B build/openmp_bit_nogpu GPU=NONE LIBPOPCNT=0 CPU_TILE=16 BITVECTOR_TILE=512 BUFFER_SIZE=256 OUTER_ROW_NUM=3 OUTER_COL_NUM=6 OUTER_VEC_BLK=1
EXECUTING: numactl --interleave=all /home/chrisarg/software-dev/Bit/scripts/../build/openmp_bit_nogpu 262144 1024 1024 20
COMPILING: make -C /home/chrisarg/software-dev/Bit/scripts/.. -f Makefile -B build/openmp_bit_nogpu GPU=NONE LIBPOPCNT=1 CPU_TILE=64 BITVECTOR_TILE=512 BUFFER_SIZE=1024 OUTER_ROW_NUM=4 OUTER_COL_NUM=6 OUTER_VEC_BLK=3
EXECUTING: numactl --interleave=all /home/chrisarg/software-dev/Bit/scripts/../build/openmp_bit_nogpu 65536 1024 1024 20
COMPILING: make -C /home/chrisarg/software-dev/Bit/scripts/.. -f Makefile -B build/openmp_bit_nogpu GPU=NONE LIBPOPCNT=1 CPU_TILE=64 BITVECTOR_TILE=2048 BUFFER_SIZE=1024 OUTER_ROW_NUM=5 OUTER_COL_NUM=3 OUTER_VEC_BLK=2
EXECUTING: numactl --interleave=all /home/chrisarg/software-dev/Bit/scripts/../build/openmp_bit_nogpu 262144 1024 1024 20
COMPILING: make -C /home/chrisarg/software-dev/Bit/scripts/.. -f Makefile -B build/openmp_bit_nogpu GPU=NONE LIBPOPCNT=1 CPU_TILE=32 BITVECTOR_TILE=2048 BUFFER_SIZE=1024 OUTER_ROW_NUM=6 OUTER_COL_NUM=5 OUTER_VEC_BLK=6
EXECUTING: numactl --interleave=all /home/chrisarg/software-dev/Bit/scripts/../build/openmp_bit_nogpu 262144 1024 1024 20
COMPILING: make -C /home/chrisarg/software-dev/Bit/scripts/.. -f Makefile -B build/openmp_bit_nogpu GPU=NONE LIBPOPCNT=0 CPU_TILE=16 BITVECTOR_TILE=512 BUFFER_SIZE=256 OUTER_ROW_NUM=5 OUTER_COL_NUM=5 OUTER_VEC_BLK=4
EXECUTING: numactl --interleave=all /home/chrisarg/software-dev/Bit/scripts/../build/openmp_bit_nogpu 65536 1024 1024 20
COMPILING: make -C /home/chrisarg/software-dev/Bit/scripts/.. -f Makefile -B build/openmp_bit_nogpu GPU=NONE LIBPOPCNT=0 CPU_TILE=16 BITVECTOR_TILE=2048 BUFFER_SIZE=512 OUTER_ROW_NUM=1 OUTER_COL_NUM=1 OUTER_VEC_BLK=4
EXECUTING: numactl --interleave=all /home/chrisarg/software-dev/Bit/scripts/../build/openmp_bit_nogpu 262144 1024 1024 20
COMPILING: make -C /home/chrisarg/software-dev/Bit/scripts/.. -f Makefile -B build/openmp_bit_nogpu GPU=NONE LIBPOPCNT=1 CPU_TILE=64 BITVECTOR_TILE=2048 BUFFER_SIZE=256 OUTER_ROW_NUM=1 OUTER_COL_NUM=3 OUTER_VEC_BLK=1
EXECUTING: numactl --interleave=all /home/chrisarg/software-dev/Bit/scripts/../build/openmp_bit_nogpu 262144 1024 1024 20
COMPILING: make -C /home/chrisarg/software-dev/Bit/scripts/.. -f Makefile -B build/openmp_bit_nogpu GPU=NONE LIBPOPCNT=1 CPU_TILE=16 BITVECTOR_TILE=1024 BUFFER_SIZE=128 OUTER_ROW_NUM=3 OUTER_COL_NUM=4 OUTER_VEC_BLK=3
EXECUTING: numactl --interleave=all /home/chrisarg/software-dev/Bit/scripts/../build/openmp_bit_nogpu 262144 1024 1024 20
COMPILING: make -C /home/chrisarg/software-dev/Bit/scripts/.. -f Makefile -B build/openmp_bit_nogpu GPU=NONE LIBPOPCNT=0 CPU_TILE=64 BITVECTOR_TILE=2048 BUFFER_SIZE=1024 OUTER_ROW_NUM=1 OUTER_COL_NUM=4 OUTER_VEC_BLK=3
EXECUTING: numactl --interleave=all /home/chrisarg/software-dev/Bit/scripts/../build/openmp_bit_nogpu 262144 1024 1024 20
COMPILING: make -C /home/chrisarg/software-dev/Bit/scripts/.. -f Makefile -B build/openmp_bit_nogpu GPU=NONE LIBPOPCNT=1 CPU_TILE=16 BITVECTOR_TILE=1024 BUFFER_SIZE=512 OUTER_ROW_NUM=6 OUTER_COL_NUM=5 OUTER_VEC_BLK=2
EXECUTING: numactl --interleave=all /home/chrisarg/software-dev/Bit/scripts/../build/openmp_bit_nogpu 262144 1024 1024 20
COMPILING: make -C /home/chrisarg/software-dev/Bit/scripts/.. -f Makefile -B build/openmp_bit_nogpu GPU=NONE LIBPOPCNT=0 CPU_TILE=16 BITVECTOR_TILE=1024 BUFFER_SIZE=512 OUTER_ROW_NUM=1 OUTER_COL_NUM=5 OUTER_VEC_BLK=6
EXECUTING: numactl --interleave=all /home/chrisarg/software-dev/Bit/scripts/../build/openmp_bit_nogpu 262144 1024 1024 20
COMPILING: make -C /home/chrisarg/software-dev/Bit/scripts/.. -f Makefile -B build/openmp_bit_nogpu GPU=NONE LIBPOPCNT=0 CPU_TILE=32 BITVECTOR_TILE=1024 BUFFER_SIZE=1024 OUTER_ROW_NUM=2 OUTER_COL_NUM=4 OUTER_VEC_BLK=2
EXECUTING: numactl --interleave=all /home/chrisarg/software-dev/Bit/scripts/../build/openmp_bit_nogpu 65536 1024 1024 20
COMPILING: make -C /home/chrisarg/software-dev/Bit/scripts/.. -f Makefile -B build/openmp_bit_nogpu GPU=NONE LIBPOPCNT=1 CPU_TILE=16 BITVECTOR_TILE=512 BUFFER_SIZE=256 OUTER_ROW_NUM=4 OUTER_COL_NUM=6 OUTER_VEC_BLK=1
EXECUTING: numactl --interleave=all /home/chrisarg/software-dev/Bit/scripts/../build/openmp_bit_nogpu 262144 1024 1024 20
COMPILING: make -C /home/chrisarg/software-dev/Bit/scripts/.. -f Makefile -B build/openmp_bit_nogpu GPU=NONE LIBPOPCNT=1 CPU_TILE=32 BITVECTOR_TILE=1024 BUFFER_SIZE=1024 OUTER_ROW_NUM=1 OUTER_COL_NUM=4 OUTER_VEC_BLK=2
EXECUTING: numactl --interleave=all /home/chrisarg/software-dev/Bit/scripts/../build/openmp_bit_nogpu 262144 1024 1024 20
COMPILING: make -C /home/chrisarg/software-dev/Bit/scripts/.. -f Makefile -B build/openmp_bit_nogpu GPU=NONE LIBPOPCNT=1 CPU_TILE=16 BITVECTOR_TILE=2048 BUFFER_SIZE=128 OUTER_ROW_NUM=6 OUTER_COL_NUM=1 OUTER_VEC_BLK=6
EXECUTING: numactl --interleave=all /home/chrisarg/software-dev/Bit/scripts/../build/openmp_bit_nogpu 262144 1024 1024 20
COMPILING: make -C /home/chrisarg/software-dev/Bit/scripts/.. -f Makefile -B build/openmp_bit_nogpu GPU=NONE LIBPOPCNT=0 CPU_TILE=16 BITVECTOR_TILE=2048 BUFFER_SIZE=1024 OUTER_ROW_NUM=4 OUTER_COL_NUM=2 OUTER_VEC_BLK=6
EXECUTING: numactl --interleave=all /home/chrisarg/software-dev/Bit/scripts/../build/openmp_bit_nogpu 65536 1024 1024 20
COMPILING: make -C /home/chrisarg/software-dev/Bit/scripts/.. -f Makefile -B build/openmp_bit_nogpu GPU=NONE LIBPOPCNT=0 CPU_TILE=64 BITVECTOR_TILE=2048 BUFFER_SIZE=512 OUTER_ROW_NUM=4 OUTER_COL_NUM=4 OUTER_VEC_BLK=4
EXECUTING: numactl --interleave=all /home/chrisarg/software-dev/Bit/scripts/../build/openmp_bit_nogpu 65536 1024 1024 20
COMPILING: make -C /home/chrisarg/software-dev/Bit/scripts/.. -f Makefile -B build/openmp_bit_nogpu GPU=NONE LIBPOPCNT=1 CPU_TILE=32 BITVECTOR_TILE=2048 BUFFER_SIZE=4096 OUTER_ROW_NUM=6 OUTER_COL_NUM=3 OUTER_VEC_BLK=3
EXECUTING: numactl --interleave=all /home/chrisarg/software-dev/Bit/scripts/../build/openmp_bit_nogpu 262144 1024 1024 20
COMPILING: make -C /home/chrisarg/software-dev/Bit/scripts/.. -f Makefile -B build/openmp_bit_nogpu GPU=NONE LIBPOPCNT=0 CPU_TILE=16 BITVECTOR_TILE=1024 BUFFER_SIZE=512 OUTER_ROW_NUM=2 OUTER_COL_NUM=4 OUTER_VEC_BLK=6
EXECUTING: numactl --interleave=all /home/chrisarg/software-dev/Bit/scripts/../build/openmp_bit_nogpu 262144 1024 1024 20
COMPILING: make -C /home/chrisarg/software-dev/Bit/scripts/.. -f Makefile -B build/openmp_bit_nogpu GPU=NONE LIBPOPCNT=0 CPU_TILE=16 BITVECTOR_TILE=2048 BUFFER_SIZE=4096 OUTER_ROW_NUM=4 OUTER_COL_NUM=1 OUTER_VEC_BLK=4
EXECUTING: numactl --interleave=all /home/chrisarg/software-dev/Bit/scripts/../build/openmp_bit_nogpu 65536 1024 1024 20
COMPILING: make -C /home/chrisarg/software-dev/Bit/scripts/.. -f Makefile -B build/openmp_bit_nogpu GPU=NONE LIBPOPCNT=0 CPU_TILE=64 BITVECTOR_TILE=2048 BUFFER_SIZE=512 OUTER_ROW_NUM=1 OUTER_COL_NUM=1 OUTER_VEC_BLK=2
EXECUTING: numactl --interleave=all /home/chrisarg/software-dev/Bit/scripts/../build/openmp_bit_nogpu 262144 1024 1024 20
COMPILING: make -C /home/chrisarg/software-dev/Bit/scripts/.. -f Makefile -B build/openmp_bit_nogpu GPU=NONE LIBPOPCNT=1 CPU_TILE=64 BITVECTOR_TILE=2048 BUFFER_SIZE=256 OUTER_ROW_NUM=3 OUTER_COL_NUM=4 OUTER_VEC_BLK=8
EXECUTING: numactl --interleave=all /home/chrisarg/software-dev/Bit/scripts/../build/openmp_bit_nogpu 65536 1024 1024 20
COMPILING: make -C /home/chrisarg/software-dev/Bit/scripts/.. -f Makefile -B build/openmp_bit_nogpu GPU=NONE LIBPOPCNT=0 CPU_TILE=64 BITVECTOR_TILE=512 BUFFER_SIZE=4096 OUTER_ROW_NUM=2 OUTER_COL_NUM=2 OUTER_VEC_BLK=8
EXECUTING: numactl --interleave=all /home/chrisarg/software-dev/Bit/scripts/../build/openmp_bit_nogpu 262144 1024 1024 20
COMPILING: make -C /home/chrisarg/software-dev/Bit/scripts/.. -f Makefile -B build/openmp_bit_nogpu GPU=NONE LIBPOPCNT=1 CPU_TILE=64 BITVECTOR_TILE=512 BUFFER_SIZE=256 OUTER_ROW_NUM=2 OUTER_COL_NUM=1 OUTER_VEC_BLK=6
EXECUTING: numactl --interleave=all /home/chrisarg/software-dev/Bit/scripts/../build/openmp_bit_nogpu 262144 1024 1024 20
COMPILING: make -C /home/chrisarg/software-dev/Bit/scripts/.. -f Makefile -B build/openmp_bit_nogpu GPU=NONE LIBPOPCNT=1 CPU_TILE=64 BITVECTOR_TILE=2048 BUFFER_SIZE=1024 OUTER_ROW_NUM=3 OUTER_COL_NUM=1 OUTER_VEC_BLK=4
EXECUTING: numactl --interleave=all /home/chrisarg/software-dev/Bit/scripts/../build/openmp_bit_nogpu 65536 1024 1024 20
COMPILING: make -C /home/chrisarg/software-dev/Bit/scripts/.. -f Makefile -B build/openmp_bit_nogpu GPU=NONE LIBPOPCNT=1 CPU_TILE=32 BITVECTOR_TILE=2048 BUFFER_SIZE=4096 OUTER_ROW_NUM=4 OUTER_COL_NUM=2 OUTER_VEC_BLK=6
EXECUTING: numactl --interleave=all /home/chrisarg/software-dev/Bit/scripts/../build/openmp_bit_nogpu 262144 1024 1024 20
COMPILING: make -C /home/chrisarg/software-dev/Bit/scripts/.. -f Makefile -B build/openmp_bit_nogpu GPU=NONE LIBPOPCNT=1 CPU_TILE=16 BITVECTOR_TILE=1024 BUFFER_SIZE=512 OUTER_ROW_NUM=4 OUTER_COL_NUM=4 OUTER_VEC_BLK=6
EXECUTING: numactl --interleave=all /home/chrisarg/software-dev/Bit/scripts/../build/openmp_bit_nogpu 262144 1024 1024 20
COMPILING: make -C /home/chrisarg/software-dev/Bit/scripts/.. -f Makefile -B build/openmp_bit_nogpu GPU=NONE LIBPOPCNT=1 CPU_TILE=64 BITVECTOR_TILE=512 BUFFER_SIZE=1024 OUTER_ROW_NUM=4 OUTER_COL_NUM=6 OUTER_VEC_BLK=3
EXECUTING: numactl --interleave=all /home/chrisarg/software-dev/Bit/scripts/../build/openmp_bit_nogpu 262144 1024 1024 20
COMPILING: make -C /home/chrisarg/software-dev/Bit/scripts/.. -f Makefile -B build/openmp_bit_nogpu GPU=NONE LIBPOPCNT=0 CPU_TILE=16 BITVECTOR_TILE=2048 BUFFER_SIZE=4096 OUTER_ROW_NUM=2 OUTER_COL_NUM=3 OUTER_VEC_BLK=1
EXECUTING: numactl --interleave=all /home/chrisarg/software-dev/Bit/scripts/../build/openmp_bit_nogpu 262144 1024 1024 20
COMPILING: make -C /home/chrisarg/software-dev/Bit/scripts/.. -f Makefile -B build/openmp_bit_nogpu GPU=NONE LIBPOPCNT=0 CPU_TILE=16 BITVECTOR_TILE=1024 BUFFER_SIZE=256 OUTER_ROW_NUM=5 OUTER_COL_NUM=2 OUTER_VEC_BLK=1
EXECUTING: numactl --interleave=all /home/chrisarg/software-dev/Bit/scripts/../build/openmp_bit_nogpu 262144 1024 1024 20
COMPILING: make -C /home/chrisarg/software-dev/Bit/scripts/.. -f Makefile -B build/openmp_bit_nogpu GPU=NONE LIBPOPCNT=1 CPU_TILE=32 BITVECTOR_TILE=2048 BUFFER_SIZE=512 OUTER_ROW_NUM=5 OUTER_COL_NUM=2 OUTER_VEC_BLK=8
EXECUTING: numactl --interleave=all /home/chrisarg/software-dev/Bit/scripts/../build/openmp_bit_nogpu 65536 1024 1024 20
COMPILING: make -C /home/chrisarg/software-dev/Bit/scripts/.. -f Makefile -B build/openmp_bit_nogpu GPU=NONE LIBPOPCNT=0 CPU_TILE=16 BITVECTOR_TILE=2048 BUFFER_SIZE=256 OUTER_ROW_NUM=3 OUTER_COL_NUM=6 OUTER_VEC_BLK=2
EXECUTING: numactl --interleave=all /home/chrisarg/software-dev/Bit/scripts/../build/openmp_bit_nogpu 262144 1024 1024 20
COMPILING: make -C /home/chrisarg/software-dev/Bit/scripts/.. -f Makefile -B build/openmp_bit_nogpu GPU=NONE LIBPOPCNT=1 CPU_TILE=16 BITVECTOR_TILE=1024 BUFFER_SIZE=256 OUTER_ROW_NUM=5 OUTER_COL_NUM=6 OUTER_VEC_BLK=6
EXECUTING: numactl --interleave=all /home/chrisarg/software-dev/Bit/scripts/../build/openmp_bit_nogpu 65536 1024 1024 20
COMPILING: make -C /home/chrisarg/software-dev/Bit/scripts/.. -f Makefile -B build/openmp_bit_nogpu GPU=NONE LIBPOPCNT=1 CPU_TILE=16 BITVECTOR_TILE=512 BUFFER_SIZE=4096 OUTER_ROW_NUM=1 OUTER_COL_NUM=5 OUTER_VEC_BLK=6
EXECUTING: numactl --interleave=all /home/chrisarg/software-dev/Bit/scripts/../build/openmp_bit_nogpu 65536 1024 1024 20
COMPILING: make -C /home/chrisarg/software-dev/Bit/scripts/.. -f Makefile -B build/openmp_bit_nogpu GPU=NONE LIBPOPCNT=1 CPU_TILE=16 BITVECTOR_TILE=2048 BUFFER_SIZE=4096 OUTER_ROW_NUM=4 OUTER_COL_NUM=3 OUTER_VEC_BLK=4
EXECUTING: numactl --interleave=all /home/chrisarg/software-dev/Bit/scripts/../build/openmp_bit_nogpu 262144 1024 1024 20
COMPILING: make -C /home/chrisarg/software-dev/Bit/scripts/.. -f Makefile -B build/openmp_bit_nogpu GPU=NONE LIBPOPCNT=0 CPU_TILE=32 BITVECTOR_TILE=1024 BUFFER_SIZE=1024 OUTER_ROW_NUM=2 OUTER_COL_NUM=3 OUTER_VEC_BLK=3
EXECUTING: numactl --interleave=all /home/chrisarg/software-dev/Bit/scripts/../build/openmp_bit_nogpu 262144 1024 1024 20
COMPILING: make -C /home/chrisarg/software-dev/Bit/scripts/.. -f Makefile -B build/openmp_bit_nogpu GPU=NONE LIBPOPCNT=1 CPU_TILE=64 BITVECTOR_TILE=1024 BUFFER_SIZE=4096 OUTER_ROW_NUM=1 OUTER_COL_NUM=5 OUTER_VEC_BLK=1
EXECUTING: numactl --interleave=all /home/chrisarg/software-dev/Bit/scripts/../build/openmp_bit_nogpu 65536 1024 1024 20
COMPILING: make -C /home/chrisarg/software-dev/Bit/scripts/.. -f Makefile -B build/openmp_bit_nogpu GPU=NONE LIBPOPCNT=1 CPU_TILE=64 BITVECTOR_TILE=2048 BUFFER_SIZE=1024 OUTER_ROW_NUM=6 OUTER_COL_NUM=4 OUTER_VEC_BLK=3
EXECUTING: numactl --interleave=all /home/chrisarg/software-dev/Bit/scripts/../build/openmp_bit_nogpu 262144 1024 1024 20
COMPILING: make -C /home/chrisarg/software-dev/Bit/scripts/.. -f Makefile -B build/openmp_bit_nogpu GPU=NONE LIBPOPCNT=1 CPU_TILE=32 BITVECTOR_TILE=1024 BUFFER_SIZE=1024 OUTER_ROW_NUM=2 OUTER_COL_NUM=1 OUTER_VEC_BLK=6
EXECUTING: numactl --interleave=all /home/chrisarg/software-dev/Bit/scripts/../build/openmp_bit_nogpu 65536 1024 1024 20
COMPILING: make -C /home/chrisarg/software-dev/Bit/scripts/.. -f Makefile -B build/openmp_bit_nogpu GPU=NONE LIBPOPCNT=1 CPU_TILE=32 BITVECTOR_TILE=1024 BUFFER_SIZE=4096 OUTER_ROW_NUM=5 OUTER_COL_NUM=6 OUTER_VEC_BLK=8
EXECUTING: numactl --interleave=all /home/chrisarg/software-dev/Bit/scripts/../build/openmp_bit_nogpu 262144 1024 1024 20
COMPILING: make -C /home/chrisarg/software-dev/Bit/scripts/.. -f Makefile -B build/openmp_bit_nogpu GPU=NONE LIBPOPCNT=1 CPU_TILE=32 BITVECTOR_TILE=2048 BUFFER_SIZE=1024 OUTER_ROW_NUM=2 OUTER_COL_NUM=3 OUTER_VEC_BLK=8
EXECUTING: numactl --interleave=all /home/chrisarg/software-dev/Bit/scripts/../build/openmp_bit_nogpu 65536 1024 1024 20
COMPILING: make -C /home/chrisarg/software-dev/Bit/scripts/.. -f Makefile -B build/openmp_bit_nogpu GPU=NONE LIBPOPCNT=1 CPU_TILE=32 BITVECTOR_TILE=1024 BUFFER_SIZE=128 OUTER_ROW_NUM=3 OUTER_COL_NUM=4 OUTER_VEC_BLK=4
EXECUTING: numactl --interleave=all /home/chrisarg/software-dev/Bit/scripts/../build/openmp_bit_nogpu 262144 1024 1024 20
COMPILING: make -C /home/chrisarg/software-dev/Bit/scripts/.. -f Makefile -B build/openmp_bit_nogpu GPU=NONE LIBPOPCNT=1 CPU_TILE=32 BITVECTOR_TILE=2048 BUFFER_SIZE=512 OUTER_ROW_NUM=3 OUTER_COL_NUM=6 OUTER_VEC_BLK=4
EXECUTING: numactl --interleave=all /home/chrisarg/software-dev/Bit/scripts/../build/openmp_bit_nogpu 65536 1024 1024 20
COMPILING: make -C /home/chrisarg/software-dev/Bit/scripts/.. -f Makefile -B build/openmp_bit_nogpu GPU=NONE LIBPOPCNT=0 CPU_TILE=16 BITVECTOR_TILE=2048 BUFFER_SIZE=128 OUTER_ROW_NUM=1 OUTER_COL_NUM=4 OUTER_VEC_BLK=8
EXECUTING: numactl --interleave=all /home/chrisarg/software-dev/Bit/scripts/../build/openmp_bit_nogpu 262144 1024 1024 20
COMPILING: make -C /home/chrisarg/software-dev/Bit/scripts/.. -f Makefile -B build/openmp_bit_nogpu GPU=NONE LIBPOPCNT=0 CPU_TILE=16 BITVECTOR_TILE=512 BUFFER_SIZE=256 OUTER_ROW_NUM=2 OUTER_COL_NUM=6 OUTER_VEC_BLK=6
EXECUTING: numactl --interleave=all /home/chrisarg/software-dev/Bit/scripts/../build/openmp_bit_nogpu 65536 1024 1024 20
COMPILING: make -C /home/chrisarg/software-dev/Bit/scripts/.. -f Makefile -B build/openmp_bit_nogpu GPU=NONE LIBPOPCNT=0 CPU_TILE=64 BITVECTOR_TILE=1024 BUFFER_SIZE=4096 OUTER_ROW_NUM=3 OUTER_COL_NUM=4 OUTER_VEC_BLK=3
EXECUTING: numactl --interleave=all /home/chrisarg/software-dev/Bit/scripts/../build/openmp_bit_nogpu 262144 1024 1024 20
COMPILING: make -C /home/chrisarg/software-dev/Bit/scripts/.. -f Makefile -B build/openmp_bit_nogpu GPU=NONE LIBPOPCNT=1 CPU_TILE=16 BITVECTOR_TILE=1024 BUFFER_SIZE=4096 OUTER_ROW_NUM=4 OUTER_COL_NUM=1 OUTER_VEC_BLK=4
EXECUTING: numactl --interleave=all /home/chrisarg/software-dev/Bit/scripts/../build/openmp_bit_nogpu 262144 1024 1024 20
COMPILING: make -C /home/chrisarg/software-dev/Bit/scripts/.. -f Makefile -B build/openmp_bit_nogpu GPU=NONE LIBPOPCNT=0 CPU_TILE=32 BITVECTOR_TILE=1024 BUFFER_SIZE=128 OUTER_ROW_NUM=3 OUTER_COL_NUM=2 OUTER_VEC_BLK=1
EXECUTING: numactl --interleave=all /home/chrisarg/software-dev/Bit/scripts/../build/openmp_bit_nogpu 65536 1024 1024 20
COMPILING: make -C /home/chrisarg/software-dev/Bit/scripts/.. -f Makefile -B build/openmp_bit_nogpu GPU=NONE LIBPOPCNT=0 CPU_TILE=16 BITVECTOR_TILE=1024 BUFFER_SIZE=512 OUTER_ROW_NUM=2 OUTER_COL_NUM=2 OUTER_VEC_BLK=1
EXECUTING: numactl --interleave=all /home/chrisarg/software-dev/Bit/scripts/../build/openmp_bit_nogpu 262144 1024 1024 20
COMPILING: make -C /home/chrisarg/software-dev/Bit/scripts/.. -f Makefile -B build/openmp_bit_nogpu GPU=NONE LIBPOPCNT=0 CPU_TILE=32 BITVECTOR_TILE=1024 BUFFER_SIZE=256 OUTER_ROW_NUM=2 OUTER_COL_NUM=3 OUTER_VEC_BLK=3
EXECUTING: numactl --interleave=all /home/chrisarg/software-dev/Bit/scripts/../build/openmp_bit_nogpu 262144 1024 1024 20
COMPILING: make -C /home/chrisarg/software-dev/Bit/scripts/.. -f Makefile -B build/openmp_bit_nogpu GPU=NONE LIBPOPCNT=1 CPU_TILE=32 BITVECTOR_TILE=1024 BUFFER_SIZE=512 OUTER_ROW_NUM=5 OUTER_COL_NUM=5 OUTER_VEC_BLK=6
EXECUTING: numactl --interleave=all /home/chrisarg/software-dev/Bit/scripts/../build/openmp_bit_nogpu 65536 1024 1024 20
COMPILING: make -C /home/chrisarg/software-dev/Bit/scripts/.. -f Makefile -B build/openmp_bit_nogpu GPU=NONE LIBPOPCNT=0 CPU_TILE=64 BITVECTOR_TILE=2048 BUFFER_SIZE=512 OUTER_ROW_NUM=4 OUTER_COL_NUM=6 OUTER_VEC_BLK=4
EXECUTING: numactl --interleave=all /home/chrisarg/software-dev/Bit/scripts/../build/openmp_bit_nogpu 65536 1024 1024 20
COMPILING: make -C /home/chrisarg/software-dev/Bit/scripts/.. -f Makefile -B build/openmp_bit_nogpu GPU=NONE LIBPOPCNT=1 CPU_TILE=32 BITVECTOR_TILE=2048 BUFFER_SIZE=128 OUTER_ROW_NUM=1 OUTER_COL_NUM=4 OUTER_VEC_BLK=2
EXECUTING: numactl --interleave=all /home/chrisarg/software-dev/Bit/scripts/../build/openmp_bit_nogpu 65536 1024 1024 20
COMPILING: make -C /home/chrisarg/software-dev/Bit/scripts/.. -f Makefile -B build/openmp_bit_nogpu GPU=NONE LIBPOPCNT=0 CPU_TILE=16 BITVECTOR_TILE=1024 BUFFER_SIZE=1024 OUTER_ROW_NUM=4 OUTER_COL_NUM=6 OUTER_VEC_BLK=1
EXECUTING: numactl --interleave=all /home/chrisarg/software-dev/Bit/scripts/../build/openmp_bit_nogpu 262144 1024 1024 20
COMPILING: make -C /home/chrisarg/software-dev/Bit/scripts/.. -f Makefile -B build/openmp_bit_nogpu GPU=NONE LIBPOPCNT=1 CPU_TILE=64 BITVECTOR_TILE=2048 BUFFER_SIZE=512 OUTER_ROW_NUM=3 OUTER_COL_NUM=3 OUTER_VEC_BLK=4
EXECUTING: numactl --interleave=all /home/chrisarg/software-dev/Bit/scripts/../build/openmp_bit_nogpu 262144 1024 1024 20
COMPILING: make -C /home/chrisarg/software-dev/Bit/scripts/.. -f Makefile -B build/openmp_bit_nogpu GPU=NONE LIBPOPCNT=0 CPU_TILE=16 BITVECTOR_TILE=512 BUFFER_SIZE=512 OUTER_ROW_NUM=3 OUTER_COL_NUM=3 OUTER_VEC_BLK=3
EXECUTING: numactl --interleave=all /home/chrisarg/software-dev/Bit/scripts/../build/openmp_bit_nogpu 65536 1024 1024 20
COMPILING: make -C /home/chrisarg/software-dev/Bit/scripts/.. -f Makefile -B build/openmp_bit_nogpu GPU=NONE LIBPOPCNT=1 CPU_TILE=32 BITVECTOR_TILE=1024 BUFFER_SIZE=1024 OUTER_ROW_NUM=3 OUTER_COL_NUM=1 OUTER_VEC_BLK=3
EXECUTING: numactl --interleave=all /home/chrisarg/software-dev/Bit/scripts/../build/openmp_bit_nogpu 65536 1024 1024 20
COMPILING: make -C /home/chrisarg/software-dev/Bit/scripts/.. -f Makefile -B build/openmp_bit_nogpu GPU=NONE LIBPOPCNT=1 CPU_TILE=32 BITVECTOR_TILE=512 BUFFER_SIZE=4096 OUTER_ROW_NUM=5 OUTER_COL_NUM=6 OUTER_VEC_BLK=4
EXECUTING: numactl --interleave=all /home/chrisarg/software-dev/Bit/scripts/../build/openmp_bit_nogpu 65536 1024 1024 20
COMPILING: make -C /home/chrisarg/software-dev/Bit/scripts/.. -f Makefile -B build/openmp_bit_nogpu GPU=NONE LIBPOPCNT=1 CPU_TILE=32 BITVECTOR_TILE=512 BUFFER_SIZE=256 OUTER_ROW_NUM=5 OUTER_COL_NUM=6 OUTER_VEC_BLK=1
EXECUTING: numactl --interleave=all /home/chrisarg/software-dev/Bit/scripts/../build/openmp_bit_nogpu 65536 1024 1024 20
COMPILING: make -C /home/chrisarg/software-dev/Bit/scripts/.. -f Makefile -B build/openmp_bit_nogpu GPU=NONE LIBPOPCNT=0 CPU_TILE=16 BITVECTOR_TILE=2048 BUFFER_SIZE=256 OUTER_ROW_NUM=6 OUTER_COL_NUM=5 OUTER_VEC_BLK=8
EXECUTING: numactl --interleave=all /home/chrisarg/software-dev/Bit/scripts/../build/openmp_bit_nogpu 65536 1024 1024 20
COMPILING: make -C /home/chrisarg/software-dev/Bit/scripts/.. -f Makefile -B build/openmp_bit_nogpu GPU=NONE LIBPOPCNT=1 CPU_TILE=16 BITVECTOR_TILE=2048 BUFFER_SIZE=256 OUTER_ROW_NUM=6 OUTER_COL_NUM=6 OUTER_VEC_BLK=3
EXECUTING: numactl --interleave=all /home/chrisarg/software-dev/Bit/scripts/../build/openmp_bit_nogpu 262144 1024 1024 20
COMPILING: make -C /home/chrisarg/software-dev/Bit/scripts/.. -f Makefile -B build/openmp_bit_nogpu GPU=NONE LIBPOPCNT=0 CPU_TILE=64 BITVECTOR_TILE=1024 BUFFER_SIZE=512 OUTER_ROW_NUM=1 OUTER_COL_NUM=4 OUTER_VEC_BLK=8
EXECUTING: numactl --interleave=all /home/chrisarg/software-dev/Bit/scripts/../build/openmp_bit_nogpu 262144 1024 1024 20
COMPILING: make -C /home/chrisarg/software-dev/Bit/scripts/.. -f Makefile -B build/openmp_bit_nogpu GPU=NONE LIBPOPCNT=0 CPU_TILE=32 BITVECTOR_TILE=512 BUFFER_SIZE=256 OUTER_ROW_NUM=1 OUTER_COL_NUM=2 OUTER_VEC_BLK=6
EXECUTING: numactl --interleave=all /home/chrisarg/software-dev/Bit/scripts/../build/openmp_bit_nogpu 65536 1024 1024 20
COMPILING: make -C /home/chrisarg/software-dev/Bit/scripts/.. -f Makefile -B build/openmp_bit_nogpu GPU=NONE LIBPOPCNT=1 CPU_TILE=32 BITVECTOR_TILE=1024 BUFFER_SIZE=1024 OUTER_ROW_NUM=5 OUTER_COL_NUM=2 OUTER_VEC_BLK=6
EXECUTING: numactl --interleave=all /home/chrisarg/software-dev/Bit/scripts/../build/openmp_bit_nogpu 262144 1024 1024 20
COMPILING: make -C /home/chrisarg/software-dev/Bit/scripts/.. -f Makefile -B build/openmp_bit_nogpu GPU=NONE LIBPOPCNT=0 CPU_TILE=16 BITVECTOR_TILE=512 BUFFER_SIZE=1024 OUTER_ROW_NUM=5 OUTER_COL_NUM=3 OUTER_VEC_BLK=3
EXECUTING: numactl --interleave=all /home/chrisarg/software-dev/Bit/scripts/../build/openmp_bit_nogpu 65536 1024 1024 20
COMPILING: make -C /home/chrisarg/software-dev/Bit/scripts/.. -f Makefile -B build/openmp_bit_nogpu GPU=NONE LIBPOPCNT=0 CPU_TILE=64 BITVECTOR_TILE=512 BUFFER_SIZE=128 OUTER_ROW_NUM=2 OUTER_COL_NUM=4 OUTER_VEC_BLK=6
EXECUTING: numactl --interleave=all /home/chrisarg/software-dev/Bit/scripts/../build/openmp_bit_nogpu 262144 1024 1024 20
COMPILING: make -C /home/chrisarg/software-dev/Bit/scripts/.. -f Makefile -B build/openmp_bit_nogpu GPU=NONE LIBPOPCNT=0 CPU_TILE=32 BITVECTOR_TILE=2048 BUFFER_SIZE=4096 OUTER_ROW_NUM=3 OUTER_COL_NUM=5 OUTER_VEC_BLK=2
EXECUTING: numactl --interleave=all /home/chrisarg/software-dev/Bit/scripts/../build/openmp_bit_nogpu 262144 1024 1024 20
COMPILING: make -C /home/chrisarg/software-dev/Bit/scripts/.. -f Makefile -B build/openmp_bit_nogpu GPU=NONE LIBPOPCNT=0 CPU_TILE=16 BITVECTOR_TILE=2048 BUFFER_SIZE=512 OUTER_ROW_NUM=3 OUTER_COL_NUM=4 OUTER_VEC_BLK=4
EXECUTING: numactl --interleave=all /home/chrisarg/software-dev/Bit/scripts/../build/openmp_bit_nogpu 65536 1024 1024 20
COMPILING: make -C /home/chrisarg/software-dev/Bit/scripts/.. -f Makefile -B build/openmp_bit_nogpu GPU=NONE LIBPOPCNT=1 CPU_TILE=32 BITVECTOR_TILE=1024 BUFFER_SIZE=256 OUTER_ROW_NUM=6 OUTER_COL_NUM=1 OUTER_VEC_BLK=1
EXECUTING: numactl --interleave=all /home/chrisarg/software-dev/Bit/scripts/../build/openmp_bit_nogpu 65536 1024 1024 20
COMPILING: make -C /home/chrisarg/software-dev/Bit/scripts/.. -f Makefile -B build/openmp_bit_nogpu GPU=NONE LIBPOPCNT=1 CPU_TILE=64 BITVECTOR_TILE=512 BUFFER_SIZE=4096 OUTER_ROW_NUM=2 OUTER_COL_NUM=4 OUTER_VEC_BLK=3
EXECUTING: numactl --interleave=all /home/chrisarg/software-dev/Bit/scripts/../build/openmp_bit_nogpu 262144 1024 1024 20
COMPILING: make -C /home/chrisarg/software-dev/Bit/scripts/.. -f Makefile -B build/openmp_bit_nogpu GPU=NONE LIBPOPCNT=1 CPU_TILE=64 BITVECTOR_TILE=2048 BUFFER_SIZE=4096 OUTER_ROW_NUM=6 OUTER_COL_NUM=3 OUTER_VEC_BLK=1
EXECUTING: numactl --interleave=all /home/chrisarg/software-dev/Bit/scripts/../build/openmp_bit_nogpu 262144 1024 1024 20
COMPILING: make -C /home/chrisarg/software-dev/Bit/scripts/.. -f Makefile -B build/openmp_bit_nogpu GPU=NONE LIBPOPCNT=0 CPU_TILE=64 BITVECTOR_TILE=2048 BUFFER_SIZE=256 OUTER_ROW_NUM=3 OUTER_COL_NUM=2 OUTER_VEC_BLK=2
EXECUTING: numactl --interleave=all /home/chrisarg/software-dev/Bit/scripts/../build/openmp_bit_nogpu 262144 1024 1024 20
COMPILING: make -C /home/chrisarg/software-dev/Bit/scripts/.. -f Makefile -B build/openmp_bit_nogpu GPU=NONE LIBPOPCNT=0 CPU_TILE=64 BITVECTOR_TILE=2048 BUFFER_SIZE=128 OUTER_ROW_NUM=5 OUTER_COL_NUM=3 OUTER_VEC_BLK=8
EXECUTING: numactl --interleave=all /home/chrisarg/software-dev/Bit/scripts/../build/openmp_bit_nogpu 262144 1024 1024 20
COMPILING: make -C /home/chrisarg/software-dev/Bit/scripts/.. -f Makefile -B build/openmp_bit_nogpu GPU=NONE LIBPOPCNT=0 CPU_TILE=64 BITVECTOR_TILE=2048 BUFFER_SIZE=512 OUTER_ROW_NUM=2 OUTER_COL_NUM=5 OUTER_VEC_BLK=8
EXECUTING: numactl --interleave=all /home/chrisarg/software-dev/Bit/scripts/../build/openmp_bit_nogpu 262144 1024 1024 20
COMPILING: make -C /home/chrisarg/software-dev/Bit/scripts/.. -f Makefile -B build/openmp_bit_nogpu GPU=NONE LIBPOPCNT=0 CPU_TILE=32 BITVECTOR_TILE=2048 BUFFER_SIZE=256 OUTER_ROW_NUM=5 OUTER_COL_NUM=3 OUTER_VEC_BLK=3
EXECUTING: numactl --interleave=all /home/chrisarg/software-dev/Bit/scripts/../build/openmp_bit_nogpu 65536 1024 1024 20
COMPILING: make -C /home/chrisarg/software-dev/Bit/scripts/.. -f Makefile -B build/openmp_bit_nogpu GPU=NONE LIBPOPCNT=0 CPU_TILE=32 BITVECTOR_TILE=1024 BUFFER_SIZE=256 OUTER_ROW_NUM=4 OUTER_COL_NUM=2 OUTER_VEC_BLK=3
EXECUTING: numactl --interleave=all /home/chrisarg/software-dev/Bit/scripts/../build/openmp_bit_nogpu 65536 1024 1024 20
COMPILING: make -C /home/chrisarg/software-dev/Bit/scripts/.. -f Makefile -B build/openmp_bit_nogpu GPU=NONE LIBPOPCNT=0 CPU_TILE=64 BITVECTOR_TILE=1024 BUFFER_SIZE=4096 OUTER_ROW_NUM=2 OUTER_COL_NUM=5 OUTER_VEC_BLK=6
EXECUTING: numactl --interleave=all /home/chrisarg/software-dev/Bit/scripts/../build/openmp_bit_nogpu 262144 1024 1024 20
COMPILING: make -C /home/chrisarg/software-dev/Bit/scripts/.. -f Makefile -B build/openmp_bit_nogpu GPU=NONE LIBPOPCNT=0 CPU_TILE=32 BITVECTOR_TILE=1024 BUFFER_SIZE=256 OUTER_ROW_NUM=1 OUTER_COL_NUM=6 OUTER_VEC_BLK=2
EXECUTING: numactl --interleave=all /home/chrisarg/software-dev/Bit/scripts/../build/openmp_bit_nogpu 65536 1024 1024 20
COMPILING: make -C /home/chrisarg/software-dev/Bit/scripts/.. -f Makefile -B build/openmp_bit_nogpu GPU=NONE LIBPOPCNT=1 CPU_TILE=16 BITVECTOR_TILE=1024 BUFFER_SIZE=256 OUTER_ROW_NUM=1 OUTER_COL_NUM=5 OUTER_VEC_BLK=2
EXECUTING: numactl --interleave=all /home/chrisarg/software-dev/Bit/scripts/../build/openmp_bit_nogpu 262144 1024 1024 20
COMPILING: make -C /home/chrisarg/software-dev/Bit/scripts/.. -f Makefile -B build/openmp_bit_nogpu GPU=NONE LIBPOPCNT=0 CPU_TILE=32 BITVECTOR_TILE=512 BUFFER_SIZE=256 OUTER_ROW_NUM=1 OUTER_COL_NUM=5 OUTER_VEC_BLK=6
EXECUTING: numactl --interleave=all /home/chrisarg/software-dev/Bit/scripts/../build/openmp_bit_nogpu 65536 1024 1024 20
COMPILING: make -C /home/chrisarg/software-dev/Bit/scripts/.. -f Makefile -B build/openmp_bit_nogpu GPU=NONE LIBPOPCNT=1 CPU_TILE=64 BITVECTOR_TILE=1024 BUFFER_SIZE=4096 OUTER_ROW_NUM=5 OUTER_COL_NUM=6 OUTER_VEC_BLK=1
EXECUTING: numactl --interleave=all /home/chrisarg/software-dev/Bit/scripts/../build/openmp_bit_nogpu 65536 1024 1024 20
COMPILING: make -C /home/chrisarg/software-dev/Bit/scripts/.. -f Makefile -B build/openmp_bit_nogpu GPU=NONE LIBPOPCNT=0 CPU_TILE=64 BITVECTOR_TILE=2048 BUFFER_SIZE=256 OUTER_ROW_NUM=5 OUTER_COL_NUM=5 OUTER_VEC_BLK=3
EXECUTING: numactl --interleave=all /home/chrisarg/software-dev/Bit/scripts/../build/openmp_bit_nogpu 262144 1024 1024 20
COMPILING: make -C /home/chrisarg/software-dev/Bit/scripts/.. -f Makefile -B build/openmp_bit_nogpu GPU=NONE LIBPOPCNT=0 CPU_TILE=64 BITVECTOR_TILE=2048 BUFFER_SIZE=128 OUTER_ROW_NUM=3 OUTER_COL_NUM=2 OUTER_VEC_BLK=1
EXECUTING: numactl --interleave=all /home/chrisarg/software-dev/Bit/scripts/../build/openmp_bit_nogpu 262144 1024 1024 20
COMPILING: make -C /home/chrisarg/software-dev/Bit/scripts/.. -f Makefile -B build/openmp_bit_nogpu GPU=NONE LIBPOPCNT=0 CPU_TILE=64 BITVECTOR_TILE=512 BUFFER_SIZE=256 OUTER_ROW_NUM=1 OUTER_COL_NUM=5 OUTER_VEC_BLK=8
EXECUTING: numactl --interleave=all /home/chrisarg/software-dev/Bit/scripts/../build/openmp_bit_nogpu 65536 1024 1024 20
COMPILING: make -C /home/chrisarg/software-dev/Bit/scripts/.. -f Makefile -B build/openmp_bit_nogpu GPU=NONE LIBPOPCNT=1 CPU_TILE=64 BITVECTOR_TILE=1024 BUFFER_SIZE=256 OUTER_ROW_NUM=2 OUTER_COL_NUM=1 OUTER_VEC_BLK=2
EXECUTING: numactl --interleave=all /home/chrisarg/software-dev/Bit/scripts/../build/openmp_bit_nogpu 65536 1024 1024 20
COMPILING: make -C /home/chrisarg/software-dev/Bit/scripts/.. -f Makefile -B build/openmp_bit_nogpu GPU=NONE LIBPOPCNT=0 CPU_TILE=32 BITVECTOR_TILE=1024 BUFFER_SIZE=4096 OUTER_ROW_NUM=5 OUTER_COL_NUM=6 OUTER_VEC_BLK=4
EXECUTING: numactl --interleave=all /home/chrisarg/software-dev/Bit/scripts/../build/openmp_bit_nogpu 262144 1024 1024 20
COMPILING: make -C /home/chrisarg/software-dev/Bit/scripts/.. -f Makefile -B build/openmp_bit_nogpu GPU=NONE LIBPOPCNT=0 CPU_TILE=32 BITVECTOR_TILE=1024 BUFFER_SIZE=256 OUTER_ROW_NUM=2 OUTER_COL_NUM=1 OUTER_VEC_BLK=8
EXECUTING: numactl --interleave=all /home/chrisarg/software-dev/Bit/scripts/../build/openmp_bit_nogpu 262144 1024 1024 20
COMPILING: make -C /home/chrisarg/software-dev/Bit/scripts/.. -f Makefile -B build/openmp_bit_nogpu GPU=NONE LIBPOPCNT=1 CPU_TILE=32 BITVECTOR_TILE=2048 BUFFER_SIZE=512 OUTER_ROW_NUM=3 OUTER_COL_NUM=1 OUTER_VEC_BLK=8
EXECUTING: numactl --interleave=all /home/chrisarg/software-dev/Bit/scripts/../build/openmp_bit_nogpu 262144 1024 1024 20
COMPILING: make -C /home/chrisarg/software-dev/Bit/scripts/.. -f Makefile -B build/openmp_bit_nogpu GPU=NONE LIBPOPCNT=0 CPU_TILE=32 BITVECTOR_TILE=2048 BUFFER_SIZE=256 OUTER_ROW_NUM=3 OUTER_COL_NUM=1 OUTER_VEC_BLK=1
EXECUTING: numactl --interleave=all /home/chrisarg/software-dev/Bit/scripts/../build/openmp_bit_nogpu 65536 1024 1024 20
COMPILING: make -C /home/chrisarg/software-dev/Bit/scripts/.. -f Makefile -B build/openmp_bit_nogpu GPU=NONE LIBPOPCNT=1 CPU_TILE=16 BITVECTOR_TILE=2048 BUFFER_SIZE=1024 OUTER_ROW_NUM=5 OUTER_COL_NUM=2 OUTER_VEC_BLK=4
EXECUTING: numactl --interleave=all /home/chrisarg/software-dev/Bit/scripts/../build/openmp_bit_nogpu 65536 1024 1024 20
COMPILING: make -C /home/chrisarg/software-dev/Bit/scripts/.. -f Makefile -B build/openmp_bit_nogpu GPU=NONE LIBPOPCNT=0 CPU_TILE=32 BITVECTOR_TILE=512 BUFFER_SIZE=256 OUTER_ROW_NUM=4 OUTER_COL_NUM=3 OUTER_VEC_BLK=2
EXECUTING: numactl --interleave=all /home/chrisarg/software-dev/Bit/scripts/../build/openmp_bit_nogpu 262144 1024 1024 20
COMPILING: make -C /home/chrisarg/software-dev/Bit/scripts/.. -f Makefile -B build/openmp_bit_nogpu GPU=NONE LIBPOPCNT=1 CPU_TILE=16 BITVECTOR_TILE=2048 BUFFER_SIZE=256 OUTER_ROW_NUM=6 OUTER_COL_NUM=2 OUTER_VEC_BLK=8
EXECUTING: numactl --interleave=all /home/chrisarg/software-dev/Bit/scripts/../build/openmp_bit_nogpu 65536 1024 1024 20
COMPILING: make -C /home/chrisarg/software-dev/Bit/scripts/.. -f Makefile -B build/openmp_bit_nogpu GPU=NONE LIBPOPCNT=0 CPU_TILE=16 BITVECTOR_TILE=512 BUFFER_SIZE=128 OUTER_ROW_NUM=4 OUTER_COL_NUM=3 OUTER_VEC_BLK=4
EXECUTING: numactl --interleave=all /home/chrisarg/software-dev/Bit/scripts/../build/openmp_bit_nogpu 262144 1024 1024 20
COMPILING: make -C /home/chrisarg/software-dev/Bit/scripts/.. -f Makefile -B build/openmp_bit_nogpu GPU=NONE LIBPOPCNT=1 CPU_TILE=16 BITVECTOR_TILE=512 BUFFER_SIZE=256 OUTER_ROW_NUM=2 OUTER_COL_NUM=6 OUTER_VEC_BLK=2
EXECUTING: numactl --interleave=all /home/chrisarg/software-dev/Bit/scripts/../build/openmp_bit_nogpu 262144 1024 1024 20
COMPILING: make -C /home/chrisarg/software-dev/Bit/scripts/.. -f Makefile -B build/openmp_bit_nogpu GPU=NONE LIBPOPCNT=0 CPU_TILE=16 BITVECTOR_TILE=1024 BUFFER_SIZE=512 OUTER_ROW_NUM=3 OUTER_COL_NUM=5 OUTER_VEC_BLK=3
EXECUTING: numactl --interleave=all /home/chrisarg/software-dev/Bit/scripts/../build/openmp_bit_nogpu 262144 1024 1024 20
COMPILING: make -C /home/chrisarg/software-dev/Bit/scripts/.. -f Makefile -B build/openmp_bit_nogpu GPU=NONE LIBPOPCNT=0 CPU_TILE=16 BITVECTOR_TILE=2048 BUFFER_SIZE=4096 OUTER_ROW_NUM=4 OUTER_COL_NUM=3 OUTER_VEC_BLK=4
EXECUTING: numactl --interleave=all /home/chrisarg/software-dev/Bit/scripts/../build/openmp_bit_nogpu 262144 1024 1024 20
COMPILING: make -C /home/chrisarg/software-dev/Bit/scripts/.. -f Makefile -B build/openmp_bit_nogpu GPU=NONE LIBPOPCNT=0 CPU_TILE=64 BITVECTOR_TILE=1024 BUFFER_SIZE=512 OUTER_ROW_NUM=6 OUTER_COL_NUM=1 OUTER_VEC_BLK=1
EXECUTING: numactl --interleave=all /home/chrisarg/software-dev/Bit/scripts/../build/openmp_bit_nogpu 262144 1024 1024 20
COMPILING: make -C /home/chrisarg/software-dev/Bit/scripts/.. -f Makefile -B build/openmp_bit_nogpu GPU=NONE LIBPOPCNT=1 CPU_TILE=32 BITVECTOR_TILE=1024 BUFFER_SIZE=256 OUTER_ROW_NUM=1 OUTER_COL_NUM=5 OUTER_VEC_BLK=1
EXECUTING: numactl --interleave=all /home/chrisarg/software-dev/Bit/scripts/../build/openmp_bit_nogpu 65536 1024 1024 20
COMPILING: make -C /home/chrisarg/software-dev/Bit/scripts/.. -f Makefile -B build/openmp_bit_nogpu GPU=NONE LIBPOPCNT=1 CPU_TILE=16 BITVECTOR_TILE=1024 BUFFER_SIZE=128 OUTER_ROW_NUM=1 OUTER_COL_NUM=5 OUTER_VEC_BLK=8
EXECUTING: numactl --interleave=all /home/chrisarg/software-dev/Bit/scripts/../build/openmp_bit_nogpu 65536 1024 1024 20
COMPILING: make -C /home/chrisarg/software-dev/Bit/scripts/.. -f Makefile -B build/openmp_bit_nogpu GPU=NONE LIBPOPCNT=0 CPU_TILE=32 BITVECTOR_TILE=512 BUFFER_SIZE=128 OUTER_ROW_NUM=2 OUTER_COL_NUM=4 OUTER_VEC_BLK=2
EXECUTING: numactl --interleave=all /home/chrisarg/software-dev/Bit/scripts/../build/openmp_bit_nogpu 65536 1024 1024 20
COMPILING: make -C /home/chrisarg/software-dev/Bit/scripts/.. -f Makefile -B build/openmp_bit_nogpu GPU=NONE LIBPOPCNT=1 CPU_TILE=64 BITVECTOR_TILE=1024 BUFFER_SIZE=256 OUTER_ROW_NUM=4 OUTER_COL_NUM=4 OUTER_VEC_BLK=2
EXECUTING: numactl --interleave=all /home/chrisarg/software-dev/Bit/scripts/../build/openmp_bit_nogpu 65536 1024 1024 20
COMPILING: make -C /home/chrisarg/software-dev/Bit/scripts/.. -f Makefile -B build/openmp_bit_nogpu GPU=NONE LIBPOPCNT=0 CPU_TILE=64 BITVECTOR_TILE=512 BUFFER_SIZE=1024 OUTER_ROW_NUM=4 OUTER_COL_NUM=5 OUTER_VEC_BLK=4
EXECUTING: numactl --interleave=all /home/chrisarg/software-dev/Bit/scripts/../build/openmp_bit_nogpu 65536 1024 1024 20
COMPILING: make -C /home/chrisarg/software-dev/Bit/scripts/.. -f Makefile -B build/openmp_bit_nogpu GPU=NONE LIBPOPCNT=0 CPU_TILE=16 BITVECTOR_TILE=2048 BUFFER_SIZE=512 OUTER_ROW_NUM=4 OUTER_COL_NUM=3 OUTER_VEC_BLK=2
EXECUTING: numactl --interleave=all /home/chrisarg/software-dev/Bit/scripts/../build/openmp_bit_nogpu 262144 1024 1024 20
COMPILING: make -C /home/chrisarg/software-dev/Bit/scripts/.. -f Makefile -B build/openmp_bit_nogpu GPU=NONE LIBPOPCNT=0 CPU_TILE=16 BITVECTOR_TILE=512 BUFFER_SIZE=256 OUTER_ROW_NUM=5 OUTER_COL_NUM=4 OUTER_VEC_BLK=2
EXECUTING: numactl --interleave=all /home/chrisarg/software-dev/Bit/scripts/../build/openmp_bit_nogpu 262144 1024 1024 20
COMPILING: make -C /home/chrisarg/software-dev/Bit/scripts/.. -f Makefile -B build/openmp_bit_nogpu GPU=NONE LIBPOPCNT=1 CPU_TILE=16 BITVECTOR_TILE=512 BUFFER_SIZE=256 OUTER_ROW_NUM=6 OUTER_COL_NUM=4 OUTER_VEC_BLK=3
EXECUTING: numactl --interleave=all /home/chrisarg/software-dev/Bit/scripts/../build/openmp_bit_nogpu 262144 1024 1024 20
COMPILING: make -C /home/chrisarg/software-dev/Bit/scripts/.. -f Makefile -B build/openmp_bit_nogpu GPU=NONE LIBPOPCNT=1 CPU_TILE=64 BITVECTOR_TILE=1024 BUFFER_SIZE=256 OUTER_ROW_NUM=5 OUTER_COL_NUM=6 OUTER_VEC_BLK=3
EXECUTING: numactl --interleave=all /home/chrisarg/software-dev/Bit/scripts/../build/openmp_bit_nogpu 65536 1024 1024 20
COMPILING: make -C /home/chrisarg/software-dev/Bit/scripts/.. -f Makefile -B build/openmp_bit_nogpu GPU=NONE LIBPOPCNT=0 CPU_TILE=16 BITVECTOR_TILE=1024 BUFFER_SIZE=512 OUTER_ROW_NUM=2 OUTER_COL_NUM=6 OUTER_VEC_BLK=4
EXECUTING: numactl --interleave=all /home/chrisarg/software-dev/Bit/scripts/../build/openmp_bit_nogpu 65536 1024 1024 20
COMPILING: make -C /home/chrisarg/software-dev/Bit/scripts/.. -f Makefile -B build/openmp_bit_nogpu GPU=NONE LIBPOPCNT=0 CPU_TILE=64 BITVECTOR_TILE=2048 BUFFER_SIZE=128 OUTER_ROW_NUM=6 OUTER_COL_NUM=5 OUTER_VEC_BLK=8
EXECUTING: numactl --interleave=all /home/chrisarg/software-dev/Bit/scripts/../build/openmp_bit_nogpu 262144 1024 1024 20
COMPILING: make -C /home/chrisarg/software-dev/Bit/scripts/.. -f Makefile -B build/openmp_bit_nogpu GPU=NONE LIBPOPCNT=1 CPU_TILE=32 BITVECTOR_TILE=2048 BUFFER_SIZE=128 OUTER_ROW_NUM=6 OUTER_COL_NUM=6 OUTER_VEC_BLK=3
EXECUTING: numactl --interleave=all /home/chrisarg/software-dev/Bit/scripts/../build/openmp_bit_nogpu 262144 1024 1024 20
COMPILING: make -C /home/chrisarg/software-dev/Bit/scripts/.. -f Makefile -B build/openmp_bit_nogpu GPU=NONE LIBPOPCNT=1 CPU_TILE=16 BITVECTOR_TILE=512 BUFFER_SIZE=128 OUTER_ROW_NUM=2 OUTER_COL_NUM=1 OUTER_VEC_BLK=1
EXECUTING: numactl --interleave=all /home/chrisarg/software-dev/Bit/scripts/../build/openmp_bit_nogpu 262144 1024 1024 20
COMPILING: make -C /home/chrisarg/software-dev/Bit/scripts/.. -f Makefile -B build/openmp_bit_nogpu GPU=NONE LIBPOPCNT=1 CPU_TILE=64 BITVECTOR_TILE=512 BUFFER_SIZE=512 OUTER_ROW_NUM=6 OUTER_COL_NUM=5 OUTER_VEC_BLK=4
EXECUTING: numactl --interleave=all /home/chrisarg/software-dev/Bit/scripts/../build/openmp_bit_nogpu 262144 1024 1024 20
COMPILING: make -C /home/chrisarg/software-dev/Bit/scripts/.. -f Makefile -B build/openmp_bit_nogpu GPU=NONE LIBPOPCNT=0 CPU_TILE=16 BITVECTOR_TILE=2048 BUFFER_SIZE=4096 OUTER_ROW_NUM=3 OUTER_COL_NUM=3 OUTER_VEC_BLK=4
EXECUTING: numactl --interleave=all /home/chrisarg/software-dev/Bit/scripts/../build/openmp_bit_nogpu 65536 1024 1024 20
COMPILING: make -C /home/chrisarg/software-dev/Bit/scripts/.. -f Makefile -B build/openmp_bit_nogpu GPU=NONE LIBPOPCNT=0 CPU_TILE=32 BITVECTOR_TILE=512 BUFFER_SIZE=4096 OUTER_ROW_NUM=2 OUTER_COL_NUM=1 OUTER_VEC_BLK=4
EXECUTING: numactl --interleave=all /home/chrisarg/software-dev/Bit/scripts/../build/openmp_bit_nogpu 65536 1024 1024 20
COMPILING: make -C /home/chrisarg/software-dev/Bit/scripts/.. -f Makefile -B build/openmp_bit_nogpu GPU=NONE LIBPOPCNT=1 CPU_TILE=16 BITVECTOR_TILE=1024 BUFFER_SIZE=256 OUTER_ROW_NUM=4 OUTER_COL_NUM=6 OUTER_VEC_BLK=3
EXECUTING: numactl --interleave=all /home/chrisarg/software-dev/Bit/scripts/../build/openmp_bit_nogpu 65536 1024 1024 20
COMPILING: make -C /home/chrisarg/software-dev/Bit/scripts/.. -f Makefile -B build/openmp_bit_nogpu GPU=NONE LIBPOPCNT=1 CPU_TILE=64 BITVECTOR_TILE=2048 BUFFER_SIZE=4096 OUTER_ROW_NUM=3 OUTER_COL_NUM=6 OUTER_VEC_BLK=2
EXECUTING: numactl --interleave=all /home/chrisarg/software-dev/Bit/scripts/../build/openmp_bit_nogpu 65536 1024 1024 20
COMPILING: make -C /home/chrisarg/software-dev/Bit/scripts/.. -f Makefile -B build/openmp_bit_nogpu GPU=NONE LIBPOPCNT=0 CPU_TILE=64 BITVECTOR_TILE=512 BUFFER_SIZE=4096 OUTER_ROW_NUM=6 OUTER_COL_NUM=1 OUTER_VEC_BLK=8
EXECUTING: numactl --interleave=all /home/chrisarg/software-dev/Bit/scripts/../build/openmp_bit_nogpu 65536 1024 1024 20
COMPILING: make -C /home/chrisarg/software-dev/Bit/scripts/.. -f Makefile -B build/openmp_bit_nogpu GPU=NONE LIBPOPCNT=0 CPU_TILE=16 BITVECTOR_TILE=1024 BUFFER_SIZE=128 OUTER_ROW_NUM=1 OUTER_COL_NUM=3 OUTER_VEC_BLK=3
EXECUTING: numactl --interleave=all /home/chrisarg/software-dev/Bit/scripts/../build/openmp_bit_nogpu 65536 1024 1024 20
COMPILING: make -C /home/chrisarg/software-dev/Bit/scripts/.. -f Makefile -B build/openmp_bit_nogpu GPU=NONE LIBPOPCNT=1 CPU_TILE=64 BITVECTOR_TILE=2048 BUFFER_SIZE=128 OUTER_ROW_NUM=2 OUTER_COL_NUM=3 OUTER_VEC_BLK=4
EXECUTING: numactl --interleave=all /home/chrisarg/software-dev/Bit/scripts/../build/openmp_bit_nogpu 65536 1024 1024 20
COMPILING: make -C /home/chrisarg/software-dev/Bit/scripts/.. -f Makefile -B build/openmp_bit_nogpu GPU=NONE LIBPOPCNT=0 CPU_TILE=32 BITVECTOR_TILE=1024 BUFFER_SIZE=4096 OUTER_ROW_NUM=1 OUTER_COL_NUM=1 OUTER_VEC_BLK=8
EXECUTING: numactl --interleave=all /home/chrisarg/software-dev/Bit/scripts/../build/openmp_bit_nogpu 262144 1024 1024 20
COMPILING: make -C /home/chrisarg/software-dev/Bit/scripts/.. -f Makefile -B build/openmp_bit_nogpu GPU=NONE LIBPOPCNT=1 CPU_TILE=32 BITVECTOR_TILE=1024 BUFFER_SIZE=4096 OUTER_ROW_NUM=4 OUTER_COL_NUM=4 OUTER_VEC_BLK=6
EXECUTING: numactl --interleave=all /home/chrisarg/software-dev/Bit/scripts/../build/openmp_bit_nogpu 262144 1024 1024 20
COMPILING: make -C /home/chrisarg/software-dev/Bit/scripts/.. -f Makefile -B build/openmp_bit_nogpu GPU=NONE LIBPOPCNT=1 CPU_TILE=64 BITVECTOR_TILE=2048 BUFFER_SIZE=256 OUTER_ROW_NUM=2 OUTER_COL_NUM=3 OUTER_VEC_BLK=2
EXECUTING: numactl --interleave=all /home/chrisarg/software-dev/Bit/scripts/../build/openmp_bit_nogpu 262144 1024 1024 20
COMPILING: make -C /home/chrisarg/software-dev/Bit/scripts/.. -f Makefile -B build/openmp_bit_nogpu GPU=NONE LIBPOPCNT=1 CPU_TILE=64 BITVECTOR_TILE=512 BUFFER_SIZE=256 OUTER_ROW_NUM=6 OUTER_COL_NUM=1 OUTER_VEC_BLK=6
EXECUTING: numactl --interleave=all /home/chrisarg/software-dev/Bit/scripts/../build/openmp_bit_nogpu 262144 1024 1024 20
COMPILING: make -C /home/chrisarg/software-dev/Bit/scripts/.. -f Makefile -B build/openmp_bit_nogpu GPU=NONE LIBPOPCNT=1 CPU_TILE=64 BITVECTOR_TILE=1024 BUFFER_SIZE=256 OUTER_ROW_NUM=3 OUTER_COL_NUM=6 OUTER_VEC_BLK=8
EXECUTING: numactl --interleave=all /home/chrisarg/software-dev/Bit/scripts/../build/openmp_bit_nogpu 262144 1024 1024 20
COMPILING: make -C /home/chrisarg/software-dev/Bit/scripts/.. -f Makefile -B build/openmp_bit_nogpu GPU=NONE LIBPOPCNT=0 CPU_TILE=16 BITVECTOR_TILE=1024 BUFFER_SIZE=128 OUTER_ROW_NUM=6 OUTER_COL_NUM=5 OUTER_VEC_BLK=2
EXECUTING: numactl --interleave=all /home/chrisarg/software-dev/Bit/scripts/../build/openmp_bit_nogpu 65536 1024 1024 20
COMPILING: make -C /home/chrisarg/software-dev/Bit/scripts/.. -f Makefile -B build/openmp_bit_nogpu GPU=NONE LIBPOPCNT=1 CPU_TILE=64 BITVECTOR_TILE=512 BUFFER_SIZE=256 OUTER_ROW_NUM=3 OUTER_COL_NUM=1 OUTER_VEC_BLK=3
EXECUTING: numactl --interleave=all /home/chrisarg/software-dev/Bit/scripts/../build/openmp_bit_nogpu 65536 1024 1024 20
COMPILING: make -C /home/chrisarg/software-dev/Bit/scripts/.. -f Makefile -B build/openmp_bit_nogpu GPU=NONE LIBPOPCNT=0 CPU_TILE=64 BITVECTOR_TILE=2048 BUFFER_SIZE=512 OUTER_ROW_NUM=5 OUTER_COL_NUM=1 OUTER_VEC_BLK=4
EXECUTING: numactl --interleave=all /home/chrisarg/software-dev/Bit/scripts/../build/openmp_bit_nogpu 65536 1024 1024 20
COMPILING: make -C /home/chrisarg/software-dev/Bit/scripts/.. -f Makefile -B build/openmp_bit_nogpu GPU=NONE LIBPOPCNT=1 CPU_TILE=32 BITVECTOR_TILE=512 BUFFER_SIZE=1024 OUTER_ROW_NUM=6 OUTER_COL_NUM=2 OUTER_VEC_BLK=6
EXECUTING: numactl --interleave=all /home/chrisarg/software-dev/Bit/scripts/../build/openmp_bit_nogpu 65536 1024 1024 20
COMPILING: make -C /home/chrisarg/software-dev/Bit/scripts/.. -f Makefile -B build/openmp_bit_nogpu GPU=NONE LIBPOPCNT=1 CPU_TILE=16 BITVECTOR_TILE=2048 BUFFER_SIZE=1024 OUTER_ROW_NUM=2 OUTER_COL_NUM=6 OUTER_VEC_BLK=6
EXECUTING: numactl --interleave=all /home/chrisarg/software-dev/Bit/scripts/../build/openmp_bit_nogpu 65536 1024 1024 20
COMPILING: make -C /home/chrisarg/software-dev/Bit/scripts/.. -f Makefile -B build/openmp_bit_nogpu GPU=NONE LIBPOPCNT=0 CPU_TILE=16 BITVECTOR_TILE=1024 BUFFER_SIZE=128 OUTER_ROW_NUM=6 OUTER_COL_NUM=1 OUTER_VEC_BLK=8
EXECUTING: numactl --interleave=all /home/chrisarg/software-dev/Bit/scripts/../build/openmp_bit_nogpu 262144 1024 1024 20
COMPILING: make -C /home/chrisarg/software-dev/Bit/scripts/.. -f Makefile -B build/openmp_bit_nogpu GPU=NONE LIBPOPCNT=1 CPU_TILE=16 BITVECTOR_TILE=512 BUFFER_SIZE=512 OUTER_ROW_NUM=2 OUTER_COL_NUM=5 OUTER_VEC_BLK=3
EXECUTING: numactl --interleave=all /home/chrisarg/software-dev/Bit/scripts/../build/openmp_bit_nogpu 65536 1024 1024 20
COMPILING: make -C /home/chrisarg/software-dev/Bit/scripts/.. -f Makefile -B build/openmp_bit_nogpu GPU=NONE LIBPOPCNT=0 CPU_TILE=64 BITVECTOR_TILE=1024 BUFFER_SIZE=256 OUTER_ROW_NUM=3 OUTER_COL_NUM=1 OUTER_VEC_BLK=4
EXECUTING: numactl --interleave=all /home/chrisarg/software-dev/Bit/scripts/../build/openmp_bit_nogpu 65536 1024 1024 20
COMPILING: make -C /home/chrisarg/software-dev/Bit/scripts/.. -f Makefile -B build/openmp_bit_nogpu GPU=NONE LIBPOPCNT=1 CPU_TILE=64 BITVECTOR_TILE=1024 BUFFER_SIZE=1024 OUTER_ROW_NUM=1 OUTER_COL_NUM=3 OUTER_VEC_BLK=3
EXECUTING: numactl --interleave=all /home/chrisarg/software-dev/Bit/scripts/../build/openmp_bit_nogpu 65536 1024 1024 20
COMPILING: make -C /home/chrisarg/software-dev/Bit/scripts/.. -f Makefile -B build/openmp_bit_nogpu GPU=NONE LIBPOPCNT=0 CPU_TILE=32 BITVECTOR_TILE=1024 BUFFER_SIZE=512 OUTER_ROW_NUM=6 OUTER_COL_NUM=3 OUTER_VEC_BLK=8
EXECUTING: numactl --interleave=all /home/chrisarg/software-dev/Bit/scripts/../build/openmp_bit_nogpu 262144 1024 1024 20
COMPILING: make -C /home/chrisarg/software-dev/Bit/scripts/.. -f Makefile -B build/openmp_bit_nogpu GPU=NONE LIBPOPCNT=0 CPU_TILE=16 BITVECTOR_TILE=512 BUFFER_SIZE=128 OUTER_ROW_NUM=5 OUTER_COL_NUM=4 OUTER_VEC_BLK=1
EXECUTING: numactl --interleave=all /home/chrisarg/software-dev/Bit/scripts/../build/openmp_bit_nogpu 262144 1024 1024 20
COMPILING: make -C /home/chrisarg/software-dev/Bit/scripts/.. -f Makefile -B build/openmp_bit_nogpu GPU=NONE LIBPOPCNT=1 CPU_TILE=16 BITVECTOR_TILE=2048 BUFFER_SIZE=512 OUTER_ROW_NUM=2 OUTER_COL_NUM=5 OUTER_VEC_BLK=3
EXECUTING: numactl --interleave=all /home/chrisarg/software-dev/Bit/scripts/../build/openmp_bit_nogpu 262144 1024 1024 20
COMPILING: make -C /home/chrisarg/software-dev/Bit/scripts/.. -f Makefile -B build/openmp_bit_nogpu GPU=NONE LIBPOPCNT=0 CPU_TILE=64 BITVECTOR_TILE=512 BUFFER_SIZE=1024 OUTER_ROW_NUM=3 OUTER_COL_NUM=2 OUTER_VEC_BLK=2
EXECUTING: numactl --interleave=all /home/chrisarg/software-dev/Bit/scripts/../build/openmp_bit_nogpu 262144 1024 1024 20
COMPILING: make -C /home/chrisarg/software-dev/Bit/scripts/.. -f Makefile -B build/openmp_bit_nogpu GPU=NONE LIBPOPCNT=1 CPU_TILE=64 BITVECTOR_TILE=1024 BUFFER_SIZE=256 OUTER_ROW_NUM=2 OUTER_COL_NUM=6 OUTER_VEC_BLK=8
EXECUTING: numactl --interleave=all /home/chrisarg/software-dev/Bit/scripts/../build/openmp_bit_nogpu 262144 1024 1024 20
COMPILING: make -C /home/chrisarg/software-dev/Bit/scripts/.. -f Makefile -B build/openmp_bit_nogpu GPU=NONE LIBPOPCNT=1 CPU_TILE=16 BITVECTOR_TILE=512 BUFFER_SIZE=4096 OUTER_ROW_NUM=1 OUTER_COL_NUM=2 OUTER_VEC_BLK=3
EXECUTING: numactl --interleave=all /home/chrisarg/software-dev/Bit/scripts/../build/openmp_bit_nogpu 65536 1024 1024 20
COMPILING: make -C /home/chrisarg/software-dev/Bit/scripts/.. -f Makefile -B build/openmp_bit_nogpu GPU=NONE LIBPOPCNT=1 CPU_TILE=64 BITVECTOR_TILE=1024 BUFFER_SIZE=256 OUTER_ROW_NUM=5 OUTER_COL_NUM=6 OUTER_VEC_BLK=8
EXECUTING: numactl --interleave=all /home/chrisarg/software-dev/Bit/scripts/../build/openmp_bit_nogpu 65536 1024 1024 20
COMPILING: make -C /home/chrisarg/software-dev/Bit/scripts/.. -f Makefile -B build/openmp_bit_nogpu GPU=NONE LIBPOPCNT=0 CPU_TILE=64 BITVECTOR_TILE=2048 BUFFER_SIZE=1024 OUTER_ROW_NUM=5 OUTER_COL_NUM=3 OUTER_VEC_BLK=4
EXECUTING: numactl --interleave=all /home/chrisarg/software-dev/Bit/scripts/../build/openmp_bit_nogpu 65536 1024 1024 20
COMPILING: make -C /home/chrisarg/software-dev/Bit/scripts/.. -f Makefile -B build/openmp_bit_nogpu GPU=NONE LIBPOPCNT=1 CPU_TILE=32 BITVECTOR_TILE=1024 BUFFER_SIZE=1024 OUTER_ROW_NUM=5 OUTER_COL_NUM=5 OUTER_VEC_BLK=1
EXECUTING: numactl --interleave=all /home/chrisarg/software-dev/Bit/scripts/../build/openmp_bit_nogpu 65536 1024 1024 20
COMPILING: make -C /home/chrisarg/software-dev/Bit/scripts/.. -f Makefile -B build/openmp_bit_nogpu GPU=NONE LIBPOPCNT=1 CPU_TILE=64 BITVECTOR_TILE=2048 BUFFER_SIZE=128 OUTER_ROW_NUM=5 OUTER_COL_NUM=3 OUTER_VEC_BLK=2
EXECUTING: numactl --interleave=all /home/chrisarg/software-dev/Bit/scripts/../build/openmp_bit_nogpu 65536 1024 1024 20
COMPILING: make -C /home/chrisarg/software-dev/Bit/scripts/.. -f Makefile -B build/openmp_bit_nogpu GPU=NONE LIBPOPCNT=1 CPU_TILE=16 BITVECTOR_TILE=2048 BUFFER_SIZE=4096 OUTER_ROW_NUM=2 OUTER_COL_NUM=3 OUTER_VEC_BLK=4
EXECUTING: numactl --interleave=all /home/chrisarg/software-dev/Bit/scripts/../build/openmp_bit_nogpu 65536 1024 1024 20
COMPILING: make -C /home/chrisarg/software-dev/Bit/scripts/.. -f Makefile -B build/openmp_bit_nogpu GPU=NONE LIBPOPCNT=0 CPU_TILE=64 BITVECTOR_TILE=2048 BUFFER_SIZE=512 OUTER_ROW_NUM=2 OUTER_COL_NUM=3 OUTER_VEC_BLK=2
EXECUTING: numactl --interleave=all /home/chrisarg/software-dev/Bit/scripts/../build/openmp_bit_nogpu 262144 1024 1024 20
COMPILING: make -C /home/chrisarg/software-dev/Bit/scripts/.. -f Makefile -B build/openmp_bit_nogpu GPU=NONE LIBPOPCNT=0 CPU_TILE=16 BITVECTOR_TILE=1024 BUFFER_SIZE=1024 OUTER_ROW_NUM=5 OUTER_COL_NUM=3 OUTER_VEC_BLK=8
EXECUTING: numactl --interleave=all /home/chrisarg/software-dev/Bit/scripts/../build/openmp_bit_nogpu 65536 1024 1024 20
COMPILING: make -C /home/chrisarg/software-dev/Bit/scripts/.. -f Makefile -B build/openmp_bit_nogpu GPU=NONE LIBPOPCNT=1 CPU_TILE=64 BITVECTOR_TILE=2048 BUFFER_SIZE=512 OUTER_ROW_NUM=3 OUTER_COL_NUM=5 OUTER_VEC_BLK=4
EXECUTING: numactl --interleave=all /home/chrisarg/software-dev/Bit/scripts/../build/openmp_bit_nogpu 262144 1024 1024 20
COMPILING: make -C /home/chrisarg/software-dev/Bit/scripts/.. -f Makefile -B build/openmp_bit_nogpu GPU=NONE LIBPOPCNT=1 CPU_TILE=16 BITVECTOR_TILE=1024 BUFFER_SIZE=1024 OUTER_ROW_NUM=1 OUTER_COL_NUM=3 OUTER_VEC_BLK=4
EXECUTING: numactl --interleave=all /home/chrisarg/software-dev/Bit/scripts/../build/openmp_bit_nogpu 262144 1024 1024 20
COMPILING: make -C /home/chrisarg/software-dev/Bit/scripts/.. -f Makefile -B build/openmp_bit_nogpu GPU=NONE LIBPOPCNT=1 CPU_TILE=64 BITVECTOR_TILE=512 BUFFER_SIZE=512 OUTER_ROW_NUM=3 OUTER_COL_NUM=2 OUTER_VEC_BLK=1
EXECUTING: numactl --interleave=all /home/chrisarg/software-dev/Bit/scripts/../build/openmp_bit_nogpu 65536 1024 1024 20
COMPILING: make -C /home/chrisarg/software-dev/Bit/scripts/.. -f Makefile -B build/openmp_bit_nogpu GPU=NONE LIBPOPCNT=0 CPU_TILE=64 BITVECTOR_TILE=2048 BUFFER_SIZE=256 OUTER_ROW_NUM=5 OUTER_COL_NUM=4 OUTER_VEC_BLK=3
EXECUTING: numactl --interleave=all /home/chrisarg/software-dev/Bit/scripts/../build/openmp_bit_nogpu 262144 1024 1024 20
COMPILING: make -C /home/chrisarg/software-dev/Bit/scripts/.. -f Makefile -B build/openmp_bit_nogpu GPU=NONE LIBPOPCNT=0 CPU_TILE=16 BITVECTOR_TILE=1024 BUFFER_SIZE=4096 OUTER_ROW_NUM=5 OUTER_COL_NUM=5 OUTER_VEC_BLK=6
EXECUTING: numactl --interleave=all /home/chrisarg/software-dev/Bit/scripts/../build/openmp_bit_nogpu 262144 1024 1024 20
COMPILING: make -C /home/chrisarg/software-dev/Bit/scripts/.. -f Makefile -B build/openmp_bit_nogpu GPU=NONE LIBPOPCNT=0 CPU_TILE=32 BITVECTOR_TILE=1024 BUFFER_SIZE=4096 OUTER_ROW_NUM=1 OUTER_COL_NUM=2 OUTER_VEC_BLK=3
EXECUTING: numactl --interleave=all /home/chrisarg/software-dev/Bit/scripts/../build/openmp_bit_nogpu 65536 1024 1024 20
COMPILING: make -C /home/chrisarg/software-dev/Bit/scripts/.. -f Makefile -B build/openmp_bit_nogpu GPU=NONE LIBPOPCNT=0 CPU_TILE=16 BITVECTOR_TILE=2048 BUFFER_SIZE=1024 OUTER_ROW_NUM=4 OUTER_COL_NUM=6 OUTER_VEC_BLK=3
EXECUTING: numactl --interleave=all /home/chrisarg/software-dev/Bit/scripts/../build/openmp_bit_nogpu 65536 1024 1024 20
COMPILING: make -C /home/chrisarg/software-dev/Bit/scripts/.. -f Makefile -B build/openmp_bit_nogpu GPU=NONE LIBPOPCNT=0 CPU_TILE=64 BITVECTOR_TILE=2048 BUFFER_SIZE=256 OUTER_ROW_NUM=1 OUTER_COL_NUM=2 OUTER_VEC_BLK=4
EXECUTING: numactl --interleave=all /home/chrisarg/software-dev/Bit/scripts/../build/openmp_bit_nogpu 65536 1024 1024 20
COMPILING: make -C /home/chrisarg/software-dev/Bit/scripts/.. -f Makefile -B build/openmp_bit_nogpu GPU=NONE LIBPOPCNT=1 CPU_TILE=32 BITVECTOR_TILE=1024 BUFFER_SIZE=128 OUTER_ROW_NUM=3 OUTER_COL_NUM=6 OUTER_VEC_BLK=3
EXECUTING: numactl --interleave=all /home/chrisarg/software-dev/Bit/scripts/../build/openmp_bit_nogpu 65536 1024 1024 20
COMPILING: make -C /home/chrisarg/software-dev/Bit/scripts/.. -f Makefile -B build/openmp_bit_nogpu GPU=NONE LIBPOPCNT=0 CPU_TILE=16 BITVECTOR_TILE=512 BUFFER_SIZE=256 OUTER_ROW_NUM=4 OUTER_COL_NUM=1 OUTER_VEC_BLK=4
EXECUTING: numactl --interleave=all /home/chrisarg/software-dev/Bit/scripts/../build/openmp_bit_nogpu 262144 1024 1024 20
COMPILING: make -C /home/chrisarg/software-dev/Bit/scripts/.. -f Makefile -B build/openmp_bit_nogpu GPU=NONE LIBPOPCNT=1 CPU_TILE=64 BITVECTOR_TILE=512 BUFFER_SIZE=512 OUTER_ROW_NUM=4 OUTER_COL_NUM=5 OUTER_VEC_BLK=3
EXECUTING: numactl --interleave=all /home/chrisarg/software-dev/Bit/scripts/../build/openmp_bit_nogpu 65536 1024 1024 20
COMPILING: make -C /home/chrisarg/software-dev/Bit/scripts/.. -f Makefile -B build/openmp_bit_nogpu GPU=NONE LIBPOPCNT=1 CPU_TILE=16 BITVECTOR_TILE=2048 BUFFER_SIZE=4096 OUTER_ROW_NUM=2 OUTER_COL_NUM=3 OUTER_VEC_BLK=8
EXECUTING: numactl --interleave=all /home/chrisarg/software-dev/Bit/scripts/../build/openmp_bit_nogpu 262144 1024 1024 20
COMPILING: make -C /home/chrisarg/software-dev/Bit/scripts/.. -f Makefile -B build/openmp_bit_nogpu GPU=NONE LIBPOPCNT=0 CPU_TILE=32 BITVECTOR_TILE=2048 BUFFER_SIZE=4096 OUTER_ROW_NUM=4 OUTER_COL_NUM=6 OUTER_VEC_BLK=6
EXECUTING: numactl --interleave=all /home/chrisarg/software-dev/Bit/scripts/../build/openmp_bit_nogpu 65536 1024 1024 20
COMPILING: make -C /home/chrisarg/software-dev/Bit/scripts/.. -f Makefile -B build/openmp_bit_nogpu GPU=NONE LIBPOPCNT=1 CPU_TILE=64 BITVECTOR_TILE=1024 BUFFER_SIZE=128 OUTER_ROW_NUM=4 OUTER_COL_NUM=3 OUTER_VEC_BLK=8
EXECUTING: numactl --interleave=all /home/chrisarg/software-dev/Bit/scripts/../build/openmp_bit_nogpu 262144 1024 1024 20
COMPILING: make -C /home/chrisarg/software-dev/Bit/scripts/.. -f Makefile -B build/openmp_bit_nogpu GPU=NONE LIBPOPCNT=0 CPU_TILE=16 BITVECTOR_TILE=2048 BUFFER_SIZE=128 OUTER_ROW_NUM=4 OUTER_COL_NUM=1 OUTER_VEC_BLK=1
EXECUTING: numactl --interleave=all /home/chrisarg/software-dev/Bit/scripts/../build/openmp_bit_nogpu 65536 1024 1024 20
COMPILING: make -C /home/chrisarg/software-dev/Bit/scripts/.. -f Makefile -B build/openmp_bit_nogpu GPU=NONE LIBPOPCNT=0 CPU_TILE=16 BITVECTOR_TILE=1024 BUFFER_SIZE=1024 OUTER_ROW_NUM=2 OUTER_COL_NUM=6 OUTER_VEC_BLK=1
EXECUTING: numactl --interleave=all /home/chrisarg/software-dev/Bit/scripts/../build/openmp_bit_nogpu 65536 1024 1024 20
COMPILING: make -C /home/chrisarg/software-dev/Bit/scripts/.. -f Makefile -B build/openmp_bit_nogpu GPU=NONE LIBPOPCNT=0 CPU_TILE=64 BITVECTOR_TILE=1024 BUFFER_SIZE=4096 OUTER_ROW_NUM=3 OUTER_COL_NUM=1 OUTER_VEC_BLK=4
EXECUTING: numactl --interleave=all /home/chrisarg/software-dev/Bit/scripts/../build/openmp_bit_nogpu 262144 1024 1024 20
COMPILING: make -C /home/chrisarg/software-dev/Bit/scripts/.. -f Makefile -B build/openmp_bit_nogpu GPU=NONE LIBPOPCNT=1 CPU_TILE=16 BITVECTOR_TILE=512 BUFFER_SIZE=512 OUTER_ROW_NUM=6 OUTER_COL_NUM=6 OUTER_VEC_BLK=8
EXECUTING: numactl --interleave=all /home/chrisarg/software-dev/Bit/scripts/../build/openmp_bit_nogpu 65536 1024 1024 20
COMPILING: make -C /home/chrisarg/software-dev/Bit/scripts/.. -f Makefile -B build/openmp_bit_nogpu GPU=NONE LIBPOPCNT=0 CPU_TILE=64 BITVECTOR_TILE=1024 BUFFER_SIZE=1024 OUTER_ROW_NUM=1 OUTER_COL_NUM=3 OUTER_VEC_BLK=4
EXECUTING: numactl --interleave=all /home/chrisarg/software-dev/Bit/scripts/../build/openmp_bit_nogpu 262144 1024 1024 20
COMPILING: make -C /home/chrisarg/software-dev/Bit/scripts/.. -f Makefile -B build/openmp_bit_nogpu GPU=NONE LIBPOPCNT=1 CPU_TILE=16 BITVECTOR_TILE=2048 BUFFER_SIZE=1024 OUTER_ROW_NUM=3 OUTER_COL_NUM=3 OUTER_VEC_BLK=8
EXECUTING: numactl --interleave=all /home/chrisarg/software-dev/Bit/scripts/../build/openmp_bit_nogpu 65536 1024 1024 20
COMPILING: make -C /home/chrisarg/software-dev/Bit/scripts/.. -f Makefile -B build/openmp_bit_nogpu GPU=NONE LIBPOPCNT=0 CPU_TILE=64 BITVECTOR_TILE=512 BUFFER_SIZE=256 OUTER_ROW_NUM=1 OUTER_COL_NUM=3 OUTER_VEC_BLK=3
EXECUTING: numactl --interleave=all /home/chrisarg/software-dev/Bit/scripts/../build/openmp_bit_nogpu 65536 1024 1024 20
COMPILING: make -C /home/chrisarg/software-dev/Bit/scripts/.. -f Makefile -B build/openmp_bit_nogpu GPU=NONE LIBPOPCNT=1 CPU_TILE=16 BITVECTOR_TILE=512 BUFFER_SIZE=512 OUTER_ROW_NUM=5 OUTER_COL_NUM=2 OUTER_VEC_BLK=2
EXECUTING: numactl --interleave=all /home/chrisarg/software-dev/Bit/scripts/../build/openmp_bit_nogpu 65536 1024 1024 20
COMPILING: make -C /home/chrisarg/software-dev/Bit/scripts/.. -f Makefile -B build/openmp_bit_nogpu GPU=NONE LIBPOPCNT=1 CPU_TILE=16 BITVECTOR_TILE=2048 BUFFER_SIZE=512 OUTER_ROW_NUM=2 OUTER_COL_NUM=1 OUTER_VEC_BLK=2
EXECUTING: numactl --interleave=all /home/chrisarg/software-dev/Bit/scripts/../build/openmp_bit_nogpu 262144 1024 1024 20
COMPILING: make -C /home/chrisarg/software-dev/Bit/scripts/.. -f Makefile -B build/openmp_bit_nogpu GPU=NONE LIBPOPCNT=1 CPU_TILE=32 BITVECTOR_TILE=2048 BUFFER_SIZE=4096 OUTER_ROW_NUM=6 OUTER_COL_NUM=3 OUTER_VEC_BLK=1
EXECUTING: numactl --interleave=all /home/chrisarg/software-dev/Bit/scripts/../build/openmp_bit_nogpu 262144 1024 1024 20
COMPILING: make -C /home/chrisarg/software-dev/Bit/scripts/.. -f Makefile -B build/openmp_bit_nogpu GPU=NONE LIBPOPCNT=1 CPU_TILE=16 BITVECTOR_TILE=512 BUFFER_SIZE=4096 OUTER_ROW_NUM=2 OUTER_COL_NUM=2 OUTER_VEC_BLK=8
EXECUTING: numactl --interleave=all /home/chrisarg/software-dev/Bit/scripts/../build/openmp_bit_nogpu 262144 1024 1024 20
COMPILING: make -C /home/chrisarg/software-dev/Bit/scripts/.. -f Makefile -B build/openmp_bit_nogpu GPU=NONE LIBPOPCNT=0 CPU_TILE=32 BITVECTOR_TILE=2048 BUFFER_SIZE=4096 OUTER_ROW_NUM=6 OUTER_COL_NUM=5 OUTER_VEC_BLK=6
EXECUTING: numactl --interleave=all /home/chrisarg/software-dev/Bit/scripts/../build/openmp_bit_nogpu 262144 1024 1024 20
COMPILING: make -C /home/chrisarg/software-dev/Bit/scripts/.. -f Makefile -B build/openmp_bit_nogpu GPU=NONE LIBPOPCNT=1 CPU_TILE=16 BITVECTOR_TILE=2048 BUFFER_SIZE=128 OUTER_ROW_NUM=2 OUTER_COL_NUM=6 OUTER_VEC_BLK=4
EXECUTING: numactl --interleave=all /home/chrisarg/software-dev/Bit/scripts/../build/openmp_bit_nogpu 262144 1024 1024 20
COMPILING: make -C /home/chrisarg/software-dev/Bit/scripts/.. -f Makefile -B build/openmp_bit_nogpu GPU=NONE LIBPOPCNT=1 CPU_TILE=64 BITVECTOR_TILE=512 BUFFER_SIZE=1024 OUTER_ROW_NUM=5 OUTER_COL_NUM=4 OUTER_VEC_BLK=1
EXECUTING: numactl --interleave=all /home/chrisarg/software-dev/Bit/scripts/../build/openmp_bit_nogpu 65536 1024 1024 20
COMPILING: make -C /home/chrisarg/software-dev/Bit/scripts/.. -f Makefile -B build/openmp_bit_nogpu GPU=NONE LIBPOPCNT=0 CPU_TILE=32 BITVECTOR_TILE=2048 BUFFER_SIZE=512 OUTER_ROW_NUM=3 OUTER_COL_NUM=4 OUTER_VEC_BLK=4
EXECUTING: numactl --interleave=all /home/chrisarg/software-dev/Bit/scripts/../build/openmp_bit_nogpu 65536 1024 1024 20
COMPILING: make -C /home/chrisarg/software-dev/Bit/scripts/.. -f Makefile -B build/openmp_bit_nogpu GPU=NONE LIBPOPCNT=1 CPU_TILE=64 BITVECTOR_TILE=1024 BUFFER_SIZE=4096 OUTER_ROW_NUM=2 OUTER_COL_NUM=1 OUTER_VEC_BLK=8
EXECUTING: numactl --interleave=all /home/chrisarg/software-dev/Bit/scripts/../build/openmp_bit_nogpu 65536 1024 1024 20
COMPILING: make -C /home/chrisarg/software-dev/Bit/scripts/.. -f Makefile -B build/openmp_bit_nogpu GPU=NONE LIBPOPCNT=0 CPU_TILE=32 BITVECTOR_TILE=2048 BUFFER_SIZE=1024 OUTER_ROW_NUM=3 OUTER_COL_NUM=1 OUTER_VEC_BLK=1
EXECUTING: numactl --interleave=all /home/chrisarg/software-dev/Bit/scripts/../build/openmp_bit_nogpu 65536 1024 1024 20
COMPILING: make -C /home/chrisarg/software-dev/Bit/scripts/.. -f Makefile -B build/openmp_bit_nogpu GPU=NONE LIBPOPCNT=0 CPU_TILE=32 BITVECTOR_TILE=1024 BUFFER_SIZE=128 OUTER_ROW_NUM=2 OUTER_COL_NUM=1 OUTER_VEC_BLK=4
EXECUTING: numactl --interleave=all /home/chrisarg/software-dev/Bit/scripts/../build/openmp_bit_nogpu 262144 1024 1024 20
COMPILING: make -C /home/chrisarg/software-dev/Bit/scripts/.. -f Makefile -B build/openmp_bit_nogpu GPU=NONE LIBPOPCNT=1 CPU_TILE=64 BITVECTOR_TILE=1024 BUFFER_SIZE=128 OUTER_ROW_NUM=5 OUTER_COL_NUM=3 OUTER_VEC_BLK=1
EXECUTING: numactl --interleave=all /home/chrisarg/software-dev/Bit/scripts/../build/openmp_bit_nogpu 262144 1024 1024 20
COMPILING: make -C /home/chrisarg/software-dev/Bit/scripts/.. -f Makefile -B build/openmp_bit_nogpu GPU=NONE LIBPOPCNT=1 CPU_TILE=32 BITVECTOR_TILE=2048 BUFFER_SIZE=1024 OUTER_ROW_NUM=3 OUTER_COL_NUM=5 OUTER_VEC_BLK=1
EXECUTING: numactl --interleave=all /home/chrisarg/software-dev/Bit/scripts/../build/openmp_bit_nogpu 262144 1024 1024 20
COMPILING: make -C /home/chrisarg/software-dev/Bit/scripts/.. -f Makefile -B build/openmp_bit_nogpu GPU=NONE LIBPOPCNT=0 CPU_TILE=32 BITVECTOR_TILE=1024 BUFFER_SIZE=4096 OUTER_ROW_NUM=4 OUTER_COL_NUM=2 OUTER_VEC_BLK=6
EXECUTING: numactl --interleave=all /home/chrisarg/software-dev/Bit/scripts/../build/openmp_bit_nogpu 65536 1024 1024 20
COMPILING: make -C /home/chrisarg/software-dev/Bit/scripts/.. -f Makefile -B build/openmp_bit_nogpu GPU=NONE LIBPOPCNT=1 CPU_TILE=64 BITVECTOR_TILE=512 BUFFER_SIZE=256 OUTER_ROW_NUM=6 OUTER_COL_NUM=6 OUTER_VEC_BLK=8
EXECUTING: numactl --interleave=all /home/chrisarg/software-dev/Bit/scripts/../build/openmp_bit_nogpu 262144 1024 1024 20
COMPILING: make -C /home/chrisarg/software-dev/Bit/scripts/.. -f Makefile -B build/openmp_bit_nogpu GPU=NONE LIBPOPCNT=0 CPU_TILE=64 BITVECTOR_TILE=2048 BUFFER_SIZE=512 OUTER_ROW_NUM=3 OUTER_COL_NUM=4 OUTER_VEC_BLK=4
EXECUTING: numactl --interleave=all /home/chrisarg/software-dev/Bit/scripts/../build/openmp_bit_nogpu 65536 1024 1024 20
COMPILING: make -C /home/chrisarg/software-dev/Bit/scripts/.. -f Makefile -B build/openmp_bit_nogpu GPU=NONE LIBPOPCNT=1 CPU_TILE=16 BITVECTOR_TILE=2048 BUFFER_SIZE=4096 OUTER_ROW_NUM=6 OUTER_COL_NUM=1 OUTER_VEC_BLK=4
EXECUTING: numactl --interleave=all /home/chrisarg/software-dev/Bit/scripts/../build/openmp_bit_nogpu 262144 1024 1024 20
COMPILING: make -C /home/chrisarg/software-dev/Bit/scripts/.. -f Makefile -B build/openmp_bit_nogpu GPU=NONE LIBPOPCNT=0 CPU_TILE=64 BITVECTOR_TILE=1024 BUFFER_SIZE=1024 OUTER_ROW_NUM=2 OUTER_COL_NUM=2 OUTER_VEC_BLK=3
EXECUTING: numactl --interleave=all /home/chrisarg/software-dev/Bit/scripts/../build/openmp_bit_nogpu 65536 1024 1024 20
COMPILING: make -C /home/chrisarg/software-dev/Bit/scripts/.. -f Makefile -B build/openmp_bit_nogpu GPU=NONE LIBPOPCNT=1 CPU_TILE=16 BITVECTOR_TILE=2048 BUFFER_SIZE=128 OUTER_ROW_NUM=3 OUTER_COL_NUM=1 OUTER_VEC_BLK=2
EXECUTING: numactl --interleave=all /home/chrisarg/software-dev/Bit/scripts/../build/openmp_bit_nogpu 262144 1024 1024 20
COMPILING: make -C /home/chrisarg/software-dev/Bit/scripts/.. -f Makefile -B build/openmp_bit_nogpu GPU=NONE LIBPOPCNT=1 CPU_TILE=64 BITVECTOR_TILE=2048 BUFFER_SIZE=4096 OUTER_ROW_NUM=5 OUTER_COL_NUM=1 OUTER_VEC_BLK=1
EXECUTING: numactl --interleave=all /home/chrisarg/software-dev/Bit/scripts/../build/openmp_bit_nogpu 262144 1024 1024 20
COMPILING: make -C /home/chrisarg/software-dev/Bit/scripts/.. -f Makefile -B build/openmp_bit_nogpu GPU=NONE LIBPOPCNT=0 CPU_TILE=32 BITVECTOR_TILE=2048 BUFFER_SIZE=4096 OUTER_ROW_NUM=2 OUTER_COL_NUM=5 OUTER_VEC_BLK=3
EXECUTING: numactl --interleave=all /home/chrisarg/software-dev/Bit/scripts/../build/openmp_bit_nogpu 65536 1024 1024 20
COMPILING: make -C /home/chrisarg/software-dev/Bit/scripts/.. -f Makefile -B build/openmp_bit_nogpu GPU=NONE LIBPOPCNT=0 CPU_TILE=32 BITVECTOR_TILE=2048 BUFFER_SIZE=1024 OUTER_ROW_NUM=6 OUTER_COL_NUM=6 OUTER_VEC_BLK=1
EXECUTING: numactl --interleave=all /home/chrisarg/software-dev/Bit/scripts/../build/openmp_bit_nogpu 262144 1024 1024 20
COMPILING: make -C /home/chrisarg/software-dev/Bit/scripts/.. -f Makefile -B build/openmp_bit_nogpu GPU=NONE LIBPOPCNT=0 CPU_TILE=16 BITVECTOR_TILE=512 BUFFER_SIZE=4096 OUTER_ROW_NUM=2 OUTER_COL_NUM=4 OUTER_VEC_BLK=1
EXECUTING: numactl --interleave=all /home/chrisarg/software-dev/Bit/scripts/../build/openmp_bit_nogpu 65536 1024 1024 20
COMPILING: make -C /home/chrisarg/software-dev/Bit/scripts/.. -f Makefile -B build/openmp_bit_nogpu GPU=NONE LIBPOPCNT=1 CPU_TILE=32 BITVECTOR_TILE=512 BUFFER_SIZE=1024 OUTER_ROW_NUM=2 OUTER_COL_NUM=4 OUTER_VEC_BLK=8
EXECUTING: numactl --interleave=all /home/chrisarg/software-dev/Bit/scripts/../build/openmp_bit_nogpu 65536 1024 1024 20
COMPILING: make -C /home/chrisarg/software-dev/Bit/scripts/.. -f Makefile -B build/openmp_bit_nogpu GPU=NONE LIBPOPCNT=1 CPU_TILE=16 BITVECTOR_TILE=512 BUFFER_SIZE=128 OUTER_ROW_NUM=3 OUTER_COL_NUM=5 OUTER_VEC_BLK=8
EXECUTING: numactl --interleave=all /home/chrisarg/software-dev/Bit/scripts/../build/openmp_bit_nogpu 65536 1024 1024 20
COMPILING: make -C /home/chrisarg/software-dev/Bit/scripts/.. -f Makefile -B build/openmp_bit_nogpu GPU=NONE LIBPOPCNT=0 CPU_TILE=16 BITVECTOR_TILE=2048 BUFFER_SIZE=4096 OUTER_ROW_NUM=2 OUTER_COL_NUM=6 OUTER_VEC_BLK=1
EXECUTING: numactl --interleave=all /home/chrisarg/software-dev/Bit/scripts/../build/openmp_bit_nogpu 65536 1024 1024 20
COMPILING: make -C /home/chrisarg/software-dev/Bit/scripts/.. -f Makefile -B build/openmp_bit_nogpu GPU=NONE LIBPOPCNT=0 CPU_TILE=16 BITVECTOR_TILE=1024 BUFFER_SIZE=256 OUTER_ROW_NUM=2 OUTER_COL_NUM=1 OUTER_VEC_BLK=4
EXECUTING: numactl --interleave=all /home/chrisarg/software-dev/Bit/scripts/../build/openmp_bit_nogpu 65536 1024 1024 20
COMPILING: make -C /home/chrisarg/software-dev/Bit/scripts/.. -f Makefile -B build/openmp_bit_nogpu GPU=NONE LIBPOPCNT=0 CPU_TILE=16 BITVECTOR_TILE=1024 BUFFER_SIZE=128 OUTER_ROW_NUM=6 OUTER_COL_NUM=3 OUTER_VEC_BLK=4
EXECUTING: numactl --interleave=all /home/chrisarg/software-dev/Bit/scripts/../build/openmp_bit_nogpu 262144 1024 1024 20
COMPILING: make -C /home/chrisarg/software-dev/Bit/scripts/.. -f Makefile -B build/openmp_bit_nogpu GPU=NONE LIBPOPCNT=1 CPU_TILE=64 BITVECTOR_TILE=1024 BUFFER_SIZE=1024 OUTER_ROW_NUM=4 OUTER_COL_NUM=3 OUTER_VEC_BLK=6
EXECUTING: numactl --interleave=all /home/chrisarg/software-dev/Bit/scripts/../build/openmp_bit_nogpu 65536 1024 1024 20
COMPILING: make -C /home/chrisarg/software-dev/Bit/scripts/.. -f Makefile -B build/openmp_bit_nogpu GPU=NONE LIBPOPCNT=1 CPU_TILE=32 BITVECTOR_TILE=2048 BUFFER_SIZE=1024 OUTER_ROW_NUM=4 OUTER_COL_NUM=4 OUTER_VEC_BLK=2
EXECUTING: numactl --interleave=all /home/chrisarg/software-dev/Bit/scripts/../build/openmp_bit_nogpu 65536 1024 1024 20
COMPILING: make -C /home/chrisarg/software-dev/Bit/scripts/.. -f Makefile -B build/openmp_bit_nogpu GPU=NONE LIBPOPCNT=1 CPU_TILE=32 BITVECTOR_TILE=2048 BUFFER_SIZE=4096 OUTER_ROW_NUM=4 OUTER_COL_NUM=6 OUTER_VEC_BLK=3
EXECUTING: numactl --interleave=all /home/chrisarg/software-dev/Bit/scripts/../build/openmp_bit_nogpu 262144 1024 1024 20
COMPILING: make -C /home/chrisarg/software-dev/Bit/scripts/.. -f Makefile -B build/openmp_bit_nogpu GPU=NONE LIBPOPCNT=1 CPU_TILE=32 BITVECTOR_TILE=1024 BUFFER_SIZE=512 OUTER_ROW_NUM=1 OUTER_COL_NUM=1 OUTER_VEC_BLK=1
EXECUTING: numactl --interleave=all /home/chrisarg/software-dev/Bit/scripts/../build/openmp_bit_nogpu 65536 1024 1024 20
COMPILING: make -C /home/chrisarg/software-dev/Bit/scripts/.. -f Makefile -B build/openmp_bit_nogpu GPU=NONE LIBPOPCNT=0 CPU_TILE=32 BITVECTOR_TILE=2048 BUFFER_SIZE=4096 OUTER_ROW_NUM=3 OUTER_COL_NUM=5 OUTER_VEC_BLK=1
EXECUTING: numactl --interleave=all /home/chrisarg/software-dev/Bit/scripts/../build/openmp_bit_nogpu 262144 1024 1024 20
COMPILING: make -C /home/chrisarg/software-dev/Bit/scripts/.. -f Makefile -B build/openmp_bit_nogpu GPU=NONE LIBPOPCNT=1 CPU_TILE=16 BITVECTOR_TILE=1024 BUFFER_SIZE=256 OUTER_ROW_NUM=6 OUTER_COL_NUM=1 OUTER_VEC_BLK=1
EXECUTING: numactl --interleave=all /home/chrisarg/software-dev/Bit/scripts/../build/openmp_bit_nogpu 262144 1024 1024 20
COMPILING: make -C /home/chrisarg/software-dev/Bit/scripts/.. -f Makefile -B build/openmp_bit_nogpu GPU=NONE LIBPOPCNT=1 CPU_TILE=16 BITVECTOR_TILE=512 BUFFER_SIZE=4096 OUTER_ROW_NUM=4 OUTER_COL_NUM=4 OUTER_VEC_BLK=3
EXECUTING: numactl --interleave=all /home/chrisarg/software-dev/Bit/scripts/../build/openmp_bit_nogpu 65536 1024 1024 20
COMPILING: make -C /home/chrisarg/software-dev/Bit/scripts/.. -f Makefile -B build/openmp_bit_nogpu GPU=NONE LIBPOPCNT=0 CPU_TILE=16 BITVECTOR_TILE=1024 BUFFER_SIZE=256 OUTER_ROW_NUM=6 OUTER_COL_NUM=5 OUTER_VEC_BLK=4
EXECUTING: numactl --interleave=all /home/chrisarg/software-dev/Bit/scripts/../build/openmp_bit_nogpu 262144 1024 1024 20
COMPILING: make -C /home/chrisarg/software-dev/Bit/scripts/.. -f Makefile -B build/openmp_bit_nogpu GPU=NONE LIBPOPCNT=1 CPU_TILE=64 BITVECTOR_TILE=1024 BUFFER_SIZE=512 OUTER_ROW_NUM=3 OUTER_COL_NUM=4 OUTER_VEC_BLK=1
EXECUTING: numactl --interleave=all /home/chrisarg/software-dev/Bit/scripts/../build/openmp_bit_nogpu 262144 1024 1024 20
COMPILING: make -C /home/chrisarg/software-dev/Bit/scripts/.. -f Makefile -B build/openmp_bit_nogpu GPU=NONE LIBPOPCNT=0 CPU_TILE=32 BITVECTOR_TILE=2048 BUFFER_SIZE=256 OUTER_ROW_NUM=1 OUTER_COL_NUM=1 OUTER_VEC_BLK=3
EXECUTING: numactl --interleave=all /home/chrisarg/software-dev/Bit/scripts/../build/openmp_bit_nogpu 65536 1024 1024 20
COMPILING: make -C /home/chrisarg/software-dev/Bit/scripts/.. -f Makefile -B build/openmp_bit_nogpu GPU=NONE LIBPOPCNT=0 CPU_TILE=32 BITVECTOR_TILE=1024 BUFFER_SIZE=4096 OUTER_ROW_NUM=2 OUTER_COL_NUM=1 OUTER_VEC_BLK=2
EXECUTING: numactl --interleave=all /home/chrisarg/software-dev/Bit/scripts/../build/openmp_bit_nogpu 65536 1024 1024 20
COMPILING: make -C /home/chrisarg/software-dev/Bit/scripts/.. -f Makefile -B build/openmp_bit_nogpu GPU=NONE LIBPOPCNT=0 CPU_TILE=64 BITVECTOR_TILE=1024 BUFFER_SIZE=256 OUTER_ROW_NUM=1 OUTER_COL_NUM=5 OUTER_VEC_BLK=1
EXECUTING: numactl --interleave=all /home/chrisarg/software-dev/Bit/scripts/../build/openmp_bit_nogpu 262144 1024 1024 20
COMPILING: make -C /home/chrisarg/software-dev/Bit/scripts/.. -f Makefile -B build/openmp_bit_nogpu GPU=NONE LIBPOPCNT=1 CPU_TILE=32 BITVECTOR_TILE=512 BUFFER_SIZE=1024 OUTER_ROW_NUM=4 OUTER_COL_NUM=3 OUTER_VEC_BLK=4
EXECUTING: numactl --interleave=all /home/chrisarg/software-dev/Bit/scripts/../build/openmp_bit_nogpu 65536 1024 1024 20
COMPILING: make -C /home/chrisarg/software-dev/Bit/scripts/.. -f Makefile -B build/openmp_bit_nogpu GPU=NONE LIBPOPCNT=0 CPU_TILE=64 BITVECTOR_TILE=512 BUFFER_SIZE=1024 OUTER_ROW_NUM=3 OUTER_COL_NUM=1 OUTER_VEC_BLK=3
EXECUTING: numactl --interleave=all /home/chrisarg/software-dev/Bit/scripts/../build/openmp_bit_nogpu 65536 1024 1024 20
COMPILING: make -C /home/chrisarg/software-dev/Bit/scripts/.. -f Makefile -B build/openmp_bit_nogpu GPU=NONE LIBPOPCNT=1 CPU_TILE=64 BITVECTOR_TILE=1024 BUFFER_SIZE=1024 OUTER_ROW_NUM=3 OUTER_COL_NUM=3 OUTER_VEC_BLK=4
EXECUTING: numactl --interleave=all /home/chrisarg/software-dev/Bit/scripts/../build/openmp_bit_nogpu 262144 1024 1024 20
COMPILING: make -C /home/chrisarg/software-dev/Bit/scripts/.. -f Makefile -B build/openmp_bit_nogpu GPU=NONE LIBPOPCNT=1 CPU_TILE=32 BITVECTOR_TILE=2048 BUFFER_SIZE=512 OUTER_ROW_NUM=2 OUTER_COL_NUM=2 OUTER_VEC_BLK=1
EXECUTING: numactl --interleave=all /home/chrisarg/software-dev/Bit/scripts/../build/openmp_bit_nogpu 262144 1024 1024 20
COMPILING: make -C /home/chrisarg/software-dev/Bit/scripts/.. -f Makefile -B build/openmp_bit_nogpu GPU=NONE LIBPOPCNT=1 CPU_TILE=64 BITVECTOR_TILE=2048 BUFFER_SIZE=1024 OUTER_ROW_NUM=6 OUTER_COL_NUM=3 OUTER_VEC_BLK=2
EXECUTING: numactl --interleave=all /home/chrisarg/software-dev/Bit/scripts/../build/openmp_bit_nogpu 262144 1024 1024 20
COMPILING: make -C /home/chrisarg/software-dev/Bit/scripts/.. -f Makefile -B build/openmp_bit_nogpu GPU=NONE LIBPOPCNT=0 CPU_TILE=64 BITVECTOR_TILE=512 BUFFER_SIZE=128 OUTER_ROW_NUM=4 OUTER_COL_NUM=3 OUTER_VEC_BLK=8
EXECUTING: numactl --interleave=all /home/chrisarg/software-dev/Bit/scripts/../build/openmp_bit_nogpu 262144 1024 1024 20
COMPILING: make -C /home/chrisarg/software-dev/Bit/scripts/.. -f Makefile -B build/openmp_bit_nogpu GPU=NONE LIBPOPCNT=1 CPU_TILE=32 BITVECTOR_TILE=2048 BUFFER_SIZE=128 OUTER_ROW_NUM=5 OUTER_COL_NUM=4 OUTER_VEC_BLK=8
EXECUTING: numactl --interleave=all /home/chrisarg/software-dev/Bit/scripts/../build/openmp_bit_nogpu 65536 1024 1024 20
COMPILING: make -C /home/chrisarg/software-dev/Bit/scripts/.. -f Makefile -B build/openmp_bit_nogpu GPU=NONE LIBPOPCNT=0 CPU_TILE=16 BITVECTOR_TILE=2048 BUFFER_SIZE=128 OUTER_ROW_NUM=2 OUTER_COL_NUM=6 OUTER_VEC_BLK=4
EXECUTING: numactl --interleave=all /home/chrisarg/software-dev/Bit/scripts/../build/openmp_bit_nogpu 262144 1024 1024 20
COMPILING: make -C /home/chrisarg/software-dev/Bit/scripts/.. -f Makefile -B build/openmp_bit_nogpu GPU=NONE LIBPOPCNT=0 CPU_TILE=64 BITVECTOR_TILE=1024 BUFFER_SIZE=128 OUTER_ROW_NUM=1 OUTER_COL_NUM=3 OUTER_VEC_BLK=2
EXECUTING: numactl --interleave=all /home/chrisarg/software-dev/Bit/scripts/../build/openmp_bit_nogpu 262144 1024 1024 20
COMPILING: make -C /home/chrisarg/software-dev/Bit/scripts/.. -f Makefile -B build/openmp_bit_nogpu GPU=NONE LIBPOPCNT=0 CPU_TILE=64 BITVECTOR_TILE=1024 BUFFER_SIZE=512 OUTER_ROW_NUM=1 OUTER_COL_NUM=6 OUTER_VEC_BLK=4
EXECUTING: numactl --interleave=all /home/chrisarg/software-dev/Bit/scripts/../build/openmp_bit_nogpu 65536 1024 1024 20
COMPILING: make -C /home/chrisarg/software-dev/Bit/scripts/.. -f Makefile -B build/openmp_bit_nogpu GPU=NONE LIBPOPCNT=0 CPU_TILE=32 BITVECTOR_TILE=512 BUFFER_SIZE=512 OUTER_ROW_NUM=5 OUTER_COL_NUM=1 OUTER_VEC_BLK=1
EXECUTING: numactl --interleave=all /home/chrisarg/software-dev/Bit/scripts/../build/openmp_bit_nogpu 262144 1024 1024 20
COMPILING: make -C /home/chrisarg/software-dev/Bit/scripts/.. -f Makefile -B build/openmp_bit_nogpu GPU=NONE LIBPOPCNT=1 CPU_TILE=32 BITVECTOR_TILE=1024 BUFFER_SIZE=4096 OUTER_ROW_NUM=4 OUTER_COL_NUM=5 OUTER_VEC_BLK=8
EXECUTING: numactl --interleave=all /home/chrisarg/software-dev/Bit/scripts/../build/openmp_bit_nogpu 65536 1024 1024 20
COMPILING: make -C /home/chrisarg/software-dev/Bit/scripts/.. -f Makefile -B build/openmp_bit_nogpu GPU=NONE LIBPOPCNT=1 CPU_TILE=16 BITVECTOR_TILE=2048 BUFFER_SIZE=4096 OUTER_ROW_NUM=5 OUTER_COL_NUM=3 OUTER_VEC_BLK=4
EXECUTING: numactl --interleave=all /home/chrisarg/software-dev/Bit/scripts/../build/openmp_bit_nogpu 262144 1024 1024 20
COMPILING: make -C /home/chrisarg/software-dev/Bit/scripts/.. -f Makefile -B build/openmp_bit_nogpu GPU=NONE LIBPOPCNT=1 CPU_TILE=32 BITVECTOR_TILE=512 BUFFER_SIZE=128 OUTER_ROW_NUM=4 OUTER_COL_NUM=5 OUTER_VEC_BLK=2
EXECUTING: numactl --interleave=all /home/chrisarg/software-dev/Bit/scripts/../build/openmp_bit_nogpu 262144 1024 1024 20
COMPILING: make -C /home/chrisarg/software-dev/Bit/scripts/.. -f Makefile -B build/openmp_bit_nogpu GPU=NONE LIBPOPCNT=1 CPU_TILE=16 BITVECTOR_TILE=2048 BUFFER_SIZE=256 OUTER_ROW_NUM=5 OUTER_COL_NUM=6 OUTER_VEC_BLK=3
EXECUTING: numactl --interleave=all /home/chrisarg/software-dev/Bit/scripts/../build/openmp_bit_nogpu 65536 1024 1024 20
COMPILING: make -C /home/chrisarg/software-dev/Bit/scripts/.. -f Makefile -B build/openmp_bit_nogpu GPU=NONE LIBPOPCNT=1 CPU_TILE=32 BITVECTOR_TILE=1024 BUFFER_SIZE=128 OUTER_ROW_NUM=5 OUTER_COL_NUM=1 OUTER_VEC_BLK=4
EXECUTING: numactl --interleave=all /home/chrisarg/software-dev/Bit/scripts/../build/openmp_bit_nogpu 262144 1024 1024 20
COMPILING: make -C /home/chrisarg/software-dev/Bit/scripts/.. -f Makefile -B build/openmp_bit_nogpu GPU=NONE LIBPOPCNT=1 CPU_TILE=64 BITVECTOR_TILE=1024 BUFFER_SIZE=256 OUTER_ROW_NUM=2 OUTER_COL_NUM=5 OUTER_VEC_BLK=1
EXECUTING: numactl --interleave=all /home/chrisarg/software-dev/Bit/scripts/../build/openmp_bit_nogpu 262144 1024 1024 20
COMPILING: make -C /home/chrisarg/software-dev/Bit/scripts/.. -f Makefile -B build/openmp_bit_nogpu GPU=NONE LIBPOPCNT=1 CPU_TILE=16 BITVECTOR_TILE=2048 BUFFER_SIZE=4096 OUTER_ROW_NUM=2 OUTER_COL_NUM=4 OUTER_VEC_BLK=1
EXECUTING: numactl --interleave=all /home/chrisarg/software-dev/Bit/scripts/../build/openmp_bit_nogpu 262144 1024 1024 20
COMPILING: make -C /home/chrisarg/software-dev/Bit/scripts/.. -f Makefile -B build/openmp_bit_nogpu GPU=NONE LIBPOPCNT=1 CPU_TILE=64 BITVECTOR_TILE=1024 BUFFER_SIZE=256 OUTER_ROW_NUM=1 OUTER_COL_NUM=1 OUTER_VEC_BLK=8
EXECUTING: numactl --interleave=all /home/chrisarg/software-dev/Bit/scripts/../build/openmp_bit_nogpu 65536 1024 1024 20
COMPILING: make -C /home/chrisarg/software-dev/Bit/scripts/.. -f Makefile -B build/openmp_bit_nogpu GPU=NONE LIBPOPCNT=1 CPU_TILE=64 BITVECTOR_TILE=1024 BUFFER_SIZE=256 OUTER_ROW_NUM=3 OUTER_COL_NUM=4 OUTER_VEC_BLK=3
EXECUTING: numactl --interleave=all /home/chrisarg/software-dev/Bit/scripts/../build/openmp_bit_nogpu 65536 1024 1024 20
COMPILING: make -C /home/chrisarg/software-dev/Bit/scripts/.. -f Makefile -B build/openmp_bit_nogpu GPU=NONE LIBPOPCNT=1 CPU_TILE=16 BITVECTOR_TILE=1024 BUFFER_SIZE=128 OUTER_ROW_NUM=1 OUTER_COL_NUM=3 OUTER_VEC_BLK=4
EXECUTING: numactl --interleave=all /home/chrisarg/software-dev/Bit/scripts/../build/openmp_bit_nogpu 65536 1024 1024 20
COMPILING: make -C /home/chrisarg/software-dev/Bit/scripts/.. -f Makefile -B build/openmp_bit_nogpu GPU=NONE LIBPOPCNT=0 CPU_TILE=64 BITVECTOR_TILE=2048 BUFFER_SIZE=128 OUTER_ROW_NUM=2 OUTER_COL_NUM=4 OUTER_VEC_BLK=2
EXECUTING: numactl --interleave=all /home/chrisarg/software-dev/Bit/scripts/../build/openmp_bit_nogpu 65536 1024 1024 20
COMPILING: make -C /home/chrisarg/software-dev/Bit/scripts/.. -f Makefile -B build/openmp_bit_nogpu GPU=NONE LIBPOPCNT=1 CPU_TILE=32 BITVECTOR_TILE=1024 BUFFER_SIZE=4096 OUTER_ROW_NUM=5 OUTER_COL_NUM=4 OUTER_VEC_BLK=3
EXECUTING: numactl --interleave=all /home/chrisarg/software-dev/Bit/scripts/../build/openmp_bit_nogpu 262144 1024 1024 20
COMPILING: make -C /home/chrisarg/software-dev/Bit/scripts/.. -f Makefile -B build/openmp_bit_nogpu GPU=NONE LIBPOPCNT=0 CPU_TILE=16 BITVECTOR_TILE=1024 BUFFER_SIZE=1024 OUTER_ROW_NUM=1 OUTER_COL_NUM=3 OUTER_VEC_BLK=3
EXECUTING: numactl --interleave=all /home/chrisarg/software-dev/Bit/scripts/../build/openmp_bit_nogpu 262144 1024 1024 20
COMPILING: make -C /home/chrisarg/software-dev/Bit/scripts/.. -f Makefile -B build/openmp_bit_nogpu GPU=NONE LIBPOPCNT=0 CPU_TILE=64 BITVECTOR_TILE=512 BUFFER_SIZE=512 OUTER_ROW_NUM=4 OUTER_COL_NUM=1 OUTER_VEC_BLK=4
EXECUTING: numactl --interleave=all /home/chrisarg/software-dev/Bit/scripts/../build/openmp_bit_nogpu 65536 1024 1024 20
COMPILING: make -C /home/chrisarg/software-dev/Bit/scripts/.. -f Makefile -B build/openmp_bit_nogpu GPU=NONE LIBPOPCNT=1 CPU_TILE=64 BITVECTOR_TILE=2048 BUFFER_SIZE=256 OUTER_ROW_NUM=2 OUTER_COL_NUM=4 OUTER_VEC_BLK=3
EXECUTING: numactl --interleave=all /home/chrisarg/software-dev/Bit/scripts/../build/openmp_bit_nogpu 65536 1024 1024 20
COMPILING: make -C /home/chrisarg/software-dev/Bit/scripts/.. -f Makefile -B build/openmp_bit_nogpu GPU=NONE LIBPOPCNT=0 CPU_TILE=16 BITVECTOR_TILE=1024 BUFFER_SIZE=4096 OUTER_ROW_NUM=5 OUTER_COL_NUM=3 OUTER_VEC_BLK=2
EXECUTING: numactl --interleave=all /home/chrisarg/software-dev/Bit/scripts/../build/openmp_bit_nogpu 262144 1024 1024 20
COMPILING: make -C /home/chrisarg/software-dev/Bit/scripts/.. -f Makefile -B build/openmp_bit_nogpu GPU=NONE LIBPOPCNT=0 CPU_TILE=64 BITVECTOR_TILE=512 BUFFER_SIZE=128 OUTER_ROW_NUM=5 OUTER_COL_NUM=6 OUTER_VEC_BLK=3
EXECUTING: numactl --interleave=all /home/chrisarg/software-dev/Bit/scripts/../build/openmp_bit_nogpu 262144 1024 1024 20
COMPILING: make -C /home/chrisarg/software-dev/Bit/scripts/.. -f Makefile -B build/openmp_bit_nogpu GPU=NONE LIBPOPCNT=0 CPU_TILE=64 BITVECTOR_TILE=2048 BUFFER_SIZE=256 OUTER_ROW_NUM=5 OUTER_COL_NUM=1 OUTER_VEC_BLK=2
EXECUTING: numactl --interleave=all /home/chrisarg/software-dev/Bit/scripts/../build/openmp_bit_nogpu 65536 1024 1024 20
COMPILING: make -C /home/chrisarg/software-dev/Bit/scripts/.. -f Makefile -B build/openmp_bit_nogpu GPU=NONE LIBPOPCNT=1 CPU_TILE=64 BITVECTOR_TILE=2048 BUFFER_SIZE=512 OUTER_ROW_NUM=2 OUTER_COL_NUM=4 OUTER_VEC_BLK=2
EXECUTING: numactl --interleave=all /home/chrisarg/software-dev/Bit/scripts/../build/openmp_bit_nogpu 262144 1024 1024 20
COMPILING: make -C /home/chrisarg/software-dev/Bit/scripts/.. -f Makefile -B build/openmp_bit_nogpu GPU=NONE LIBPOPCNT=1 CPU_TILE=64 BITVECTOR_TILE=1024 BUFFER_SIZE=128 OUTER_ROW_NUM=5 OUTER_COL_NUM=2 OUTER_VEC_BLK=1
EXECUTING: numactl --interleave=all /home/chrisarg/software-dev/Bit/scripts/../build/openmp_bit_nogpu 65536 1024 1024 20
COMPILING: make -C /home/chrisarg/software-dev/Bit/scripts/.. -f Makefile -B build/openmp_bit_nogpu GPU=NONE LIBPOPCNT=1 CPU_TILE=64 BITVECTOR_TILE=2048 BUFFER_SIZE=512 OUTER_ROW_NUM=1 OUTER_COL_NUM=5 OUTER_VEC_BLK=2
EXECUTING: numactl --interleave=all /home/chrisarg/software-dev/Bit/scripts/../build/openmp_bit_nogpu 262144 1024 1024 20
COMPILING: make -C /home/chrisarg/software-dev/Bit/scripts/.. -f Makefile -B build/openmp_bit_nogpu GPU=NONE LIBPOPCNT=1 CPU_TILE=32 BITVECTOR_TILE=512 BUFFER_SIZE=4096 OUTER_ROW_NUM=3 OUTER_COL_NUM=6 OUTER_VEC_BLK=4
EXECUTING: numactl --interleave=all /home/chrisarg/software-dev/Bit/scripts/../build/openmp_bit_nogpu 262144 1024 1024 20
COMPILING: make -C /home/chrisarg/software-dev/Bit/scripts/.. -f Makefile -B build/openmp_bit_nogpu GPU=NONE LIBPOPCNT=1 CPU_TILE=16 BITVECTOR_TILE=512 BUFFER_SIZE=1024 OUTER_ROW_NUM=2 OUTER_COL_NUM=2 OUTER_VEC_BLK=1
EXECUTING: numactl --interleave=all /home/chrisarg/software-dev/Bit/scripts/../build/openmp_bit_nogpu 262144 1024 1024 20
COMPILING: make -C /home/chrisarg/software-dev/Bit/scripts/.. -f Makefile -B build/openmp_bit_nogpu GPU=NONE LIBPOPCNT=1 CPU_TILE=32 BITVECTOR_TILE=1024 BUFFER_SIZE=256 OUTER_ROW_NUM=5 OUTER_COL_NUM=3 OUTER_VEC_BLK=3
EXECUTING: numactl --interleave=all /home/chrisarg/software-dev/Bit/scripts/../build/openmp_bit_nogpu 262144 1024 1024 20
COMPILING: make -C /home/chrisarg/software-dev/Bit/scripts/.. -f Makefile -B build/openmp_bit_nogpu GPU=NONE LIBPOPCNT=0 CPU_TILE=32 BITVECTOR_TILE=2048 BUFFER_SIZE=128 OUTER_ROW_NUM=3 OUTER_COL_NUM=5 OUTER_VEC_BLK=3
EXECUTING: numactl --interleave=all /home/chrisarg/software-dev/Bit/scripts/../build/openmp_bit_nogpu 65536 1024 1024 20
COMPILING: make -C /home/chrisarg/software-dev/Bit/scripts/.. -f Makefile -B build/openmp_bit_nogpu GPU=NONE LIBPOPCNT=1 CPU_TILE=64 BITVECTOR_TILE=1024 BUFFER_SIZE=4096 OUTER_ROW_NUM=3 OUTER_COL_NUM=6 OUTER_VEC_BLK=8
EXECUTING: numactl --interleave=all /home/chrisarg/software-dev/Bit/scripts/../build/openmp_bit_nogpu 262144 1024 1024 20
COMPILING: make -C /home/chrisarg/software-dev/Bit/scripts/.. -f Makefile -B build/openmp_bit_nogpu GPU=NONE LIBPOPCNT=1 CPU_TILE=16 BITVECTOR_TILE=512 BUFFER_SIZE=512 OUTER_ROW_NUM=6 OUTER_COL_NUM=4 OUTER_VEC_BLK=6
EXECUTING: numactl --interleave=all /home/chrisarg/software-dev/Bit/scripts/../build/openmp_bit_nogpu 65536 1024 1024 20
COMPILING: make -C /home/chrisarg/software-dev/Bit/scripts/.. -f Makefile -B build/openmp_bit_nogpu GPU=NONE LIBPOPCNT=0 CPU_TILE=16 BITVECTOR_TILE=1024 BUFFER_SIZE=1024 OUTER_ROW_NUM=5 OUTER_COL_NUM=5 OUTER_VEC_BLK=8
EXECUTING: numactl --interleave=all /home/chrisarg/software-dev/Bit/scripts/../build/openmp_bit_nogpu 65536 1024 1024 20
COMPILING: make -C /home/chrisarg/software-dev/Bit/scripts/.. -f Makefile -B build/openmp_bit_nogpu GPU=NONE LIBPOPCNT=1 CPU_TILE=32 BITVECTOR_TILE=512 BUFFER_SIZE=4096 OUTER_ROW_NUM=3 OUTER_COL_NUM=1 OUTER_VEC_BLK=1
EXECUTING: numactl --interleave=all /home/chrisarg/software-dev/Bit/scripts/../build/openmp_bit_nogpu 65536 1024 1024 20
COMPILING: make -C /home/chrisarg/software-dev/Bit/scripts/.. -f Makefile -B build/openmp_bit_nogpu GPU=NONE LIBPOPCNT=0 CPU_TILE=32 BITVECTOR_TILE=1024 BUFFER_SIZE=128 OUTER_ROW_NUM=3 OUTER_COL_NUM=5 OUTER_VEC_BLK=1
EXECUTING: numactl --interleave=all /home/chrisarg/software-dev/Bit/scripts/../build/openmp_bit_nogpu 262144 1024 1024 20
COMPILING: make -C /home/chrisarg/software-dev/Bit/scripts/.. -f Makefile -B build/openmp_bit_nogpu GPU=NONE LIBPOPCNT=1 CPU_TILE=32 BITVECTOR_TILE=1024 BUFFER_SIZE=1024 OUTER_ROW_NUM=3 OUTER_COL_NUM=1 OUTER_VEC_BLK=4
EXECUTING: numactl --interleave=all /home/chrisarg/software-dev/Bit/scripts/../build/openmp_bit_nogpu 262144 1024 1024 20
COMPILING: make -C /home/chrisarg/software-dev/Bit/scripts/.. -f Makefile -B build/openmp_bit_nogpu GPU=NONE LIBPOPCNT=0 CPU_TILE=32 BITVECTOR_TILE=2048 BUFFER_SIZE=1024 OUTER_ROW_NUM=1 OUTER_COL_NUM=1 OUTER_VEC_BLK=4
EXECUTING: numactl --interleave=all /home/chrisarg/software-dev/Bit/scripts/../build/openmp_bit_nogpu 262144 1024 1024 20
COMPILING: make -C /home/chrisarg/software-dev/Bit/scripts/.. -f Makefile -B build/openmp_bit_nogpu GPU=NONE LIBPOPCNT=0 CPU_TILE=16 BITVECTOR_TILE=1024 BUFFER_SIZE=256 OUTER_ROW_NUM=4 OUTER_COL_NUM=6 OUTER_VEC_BLK=4
EXECUTING: numactl --interleave=all /home/chrisarg/software-dev/Bit/scripts/../build/openmp_bit_nogpu 65536 1024 1024 20
COMPILING: make -C /home/chrisarg/software-dev/Bit/scripts/.. -f Makefile -B build/openmp_bit_nogpu GPU=NONE LIBPOPCNT=1 CPU_TILE=16 BITVECTOR_TILE=1024 BUFFER_SIZE=4096 OUTER_ROW_NUM=5 OUTER_COL_NUM=6 OUTER_VEC_BLK=1
EXECUTING: numactl --interleave=all /home/chrisarg/software-dev/Bit/scripts/../build/openmp_bit_nogpu 262144 1024 1024 20
COMPILING: make -C /home/chrisarg/software-dev/Bit/scripts/.. -f Makefile -B build/openmp_bit_nogpu GPU=NONE LIBPOPCNT=0 CPU_TILE=16 BITVECTOR_TILE=1024 BUFFER_SIZE=128 OUTER_ROW_NUM=2 OUTER_COL_NUM=1 OUTER_VEC_BLK=6
EXECUTING: numactl --interleave=all /home/chrisarg/software-dev/Bit/scripts/../build/openmp_bit_nogpu 65536 1024 1024 20
COMPILING: make -C /home/chrisarg/software-dev/Bit/scripts/.. -f Makefile -B build/openmp_bit_nogpu GPU=NONE LIBPOPCNT=1 CPU_TILE=64 BITVECTOR_TILE=1024 BUFFER_SIZE=256 OUTER_ROW_NUM=5 OUTER_COL_NUM=1 OUTER_VEC_BLK=4
EXECUTING: numactl --interleave=all /home/chrisarg/software-dev/Bit/scripts/../build/openmp_bit_nogpu 262144 1024 1024 20
COMPILING: make -C /home/chrisarg/software-dev/Bit/scripts/.. -f Makefile -B build/openmp_bit_nogpu GPU=NONE LIBPOPCNT=0 CPU_TILE=16 BITVECTOR_TILE=512 BUFFER_SIZE=256 OUTER_ROW_NUM=4 OUTER_COL_NUM=4 OUTER_VEC_BLK=2
EXECUTING: numactl --interleave=all /home/chrisarg/software-dev/Bit/scripts/../build/openmp_bit_nogpu 65536 1024 1024 20
COMPILING: make -C /home/chrisarg/software-dev/Bit/scripts/.. -f Makefile -B build/openmp_bit_nogpu GPU=NONE LIBPOPCNT=1 CPU_TILE=32 BITVECTOR_TILE=1024 BUFFER_SIZE=128 OUTER_ROW_NUM=5 OUTER_COL_NUM=4 OUTER_VEC_BLK=6
EXECUTING: numactl --interleave=all /home/chrisarg/software-dev/Bit/scripts/../build/openmp_bit_nogpu 262144 1024 1024 20
COMPILING: make -C /home/chrisarg/software-dev/Bit/scripts/.. -f Makefile -B build/openmp_bit_nogpu GPU=NONE LIBPOPCNT=1 CPU_TILE=16 BITVECTOR_TILE=512 BUFFER_SIZE=128 OUTER_ROW_NUM=3 OUTER_COL_NUM=1 OUTER_VEC_BLK=8
EXECUTING: numactl --interleave=all /home/chrisarg/software-dev/Bit/scripts/../build/openmp_bit_nogpu 65536 1024 1024 20
COMPILING: make -C /home/chrisarg/software-dev/Bit/scripts/.. -f Makefile -B build/openmp_bit_nogpu GPU=NONE LIBPOPCNT=0 CPU_TILE=32 BITVECTOR_TILE=2048 BUFFER_SIZE=512 OUTER_ROW_NUM=3 OUTER_COL_NUM=4 OUTER_VEC_BLK=1
EXECUTING: numactl --interleave=all /home/chrisarg/software-dev/Bit/scripts/../build/openmp_bit_nogpu 262144 1024 1024 20
COMPILING: make -C /home/chrisarg/software-dev/Bit/scripts/.. -f Makefile -B build/openmp_bit_nogpu GPU=NONE LIBPOPCNT=0 CPU_TILE=16 BITVECTOR_TILE=2048 BUFFER_SIZE=512 OUTER_ROW_NUM=2 OUTER_COL_NUM=1 OUTER_VEC_BLK=3
EXECUTING: numactl --interleave=all /home/chrisarg/software-dev/Bit/scripts/../build/openmp_bit_nogpu 65536 1024 1024 20
COMPILING: make -C /home/chrisarg/software-dev/Bit/scripts/.. -f Makefile -B build/openmp_bit_nogpu GPU=NONE LIBPOPCNT=0 CPU_TILE=16 BITVECTOR_TILE=512 BUFFER_SIZE=256 OUTER_ROW_NUM=3 OUTER_COL_NUM=4 OUTER_VEC_BLK=3
EXECUTING: numactl --interleave=all /home/chrisarg/software-dev/Bit/scripts/../build/openmp_bit_nogpu 65536 1024 1024 20
COMPILING: make -C /home/chrisarg/software-dev/Bit/scripts/.. -f Makefile -B build/openmp_bit_nogpu GPU=NONE LIBPOPCNT=0 CPU_TILE=16 BITVECTOR_TILE=512 BUFFER_SIZE=256 OUTER_ROW_NUM=2 OUTER_COL_NUM=2 OUTER_VEC_BLK=1
EXECUTING: numactl --interleave=all /home/chrisarg/software-dev/Bit/scripts/../build/openmp_bit_nogpu 262144 1024 1024 20
COMPILING: make -C /home/chrisarg/software-dev/Bit/scripts/.. -f Makefile -B build/openmp_bit_nogpu GPU=NONE LIBPOPCNT=0 CPU_TILE=16 BITVECTOR_TILE=512 BUFFER_SIZE=512 OUTER_ROW_NUM=2 OUTER_COL_NUM=3 OUTER_VEC_BLK=1
EXECUTING: numactl --interleave=all /home/chrisarg/software-dev/Bit/scripts/../build/openmp_bit_nogpu 262144 1024 1024 20
COMPILING: make -C /home/chrisarg/software-dev/Bit/scripts/.. -f Makefile -B build/openmp_bit_nogpu GPU=NONE LIBPOPCNT=1 CPU_TILE=32 BITVECTOR_TILE=512 BUFFER_SIZE=256 OUTER_ROW_NUM=6 OUTER_COL_NUM=1 OUTER_VEC_BLK=1
EXECUTING: numactl --interleave=all /home/chrisarg/software-dev/Bit/scripts/../build/openmp_bit_nogpu 262144 1024 1024 20
COMPILING: make -C /home/chrisarg/software-dev/Bit/scripts/.. -f Makefile -B build/openmp_bit_nogpu GPU=NONE LIBPOPCNT=1 CPU_TILE=64 BITVECTOR_TILE=512 BUFFER_SIZE=512 OUTER_ROW_NUM=1 OUTER_COL_NUM=4 OUTER_VEC_BLK=3
EXECUTING: numactl --interleave=all /home/chrisarg/software-dev/Bit/scripts/../build/openmp_bit_nogpu 65536 1024 1024 20
COMPILING: make -C /home/chrisarg/software-dev/Bit/scripts/.. -f Makefile -B build/openmp_bit_nogpu GPU=NONE LIBPOPCNT=0 CPU_TILE=16 BITVECTOR_TILE=2048 BUFFER_SIZE=128 OUTER_ROW_NUM=5 OUTER_COL_NUM=1 OUTER_VEC_BLK=6
EXECUTING: numactl --interleave=all /home/chrisarg/software-dev/Bit/scripts/../build/openmp_bit_nogpu 262144 1024 1024 20
COMPILING: make -C /home/chrisarg/software-dev/Bit/scripts/.. -f Makefile -B build/openmp_bit_nogpu GPU=NONE LIBPOPCNT=0 CPU_TILE=32 BITVECTOR_TILE=2048 BUFFER_SIZE=1024 OUTER_ROW_NUM=6 OUTER_COL_NUM=1 OUTER_VEC_BLK=4
EXECUTING: numactl --interleave=all /home/chrisarg/software-dev/Bit/scripts/../build/openmp_bit_nogpu 65536 1024 1024 20
COMPILING: make -C /home/chrisarg/software-dev/Bit/scripts/.. -f Makefile -B build/openmp_bit_nogpu GPU=NONE LIBPOPCNT=0 CPU_TILE=64 BITVECTOR_TILE=2048 BUFFER_SIZE=128 OUTER_ROW_NUM=4 OUTER_COL_NUM=2 OUTER_VEC_BLK=1
EXECUTING: numactl --interleave=all /home/chrisarg/software-dev/Bit/scripts/../build/openmp_bit_nogpu 262144 1024 1024 20
COMPILING: make -C /home/chrisarg/software-dev/Bit/scripts/.. -f Makefile -B build/openmp_bit_nogpu GPU=NONE LIBPOPCNT=0 CPU_TILE=16 BITVECTOR_TILE=2048 BUFFER_SIZE=128 OUTER_ROW_NUM=5 OUTER_COL_NUM=5 OUTER_VEC_BLK=6
EXECUTING: numactl --interleave=all /home/chrisarg/software-dev/Bit/scripts/../build/openmp_bit_nogpu 262144 1024 1024 20
COMPILING: make -C /home/chrisarg/software-dev/Bit/scripts/.. -f Makefile -B build/openmp_bit_nogpu GPU=NONE LIBPOPCNT=1 CPU_TILE=64 BITVECTOR_TILE=1024 BUFFER_SIZE=128 OUTER_ROW_NUM=1 OUTER_COL_NUM=5 OUTER_VEC_BLK=2
EXECUTING: numactl --interleave=all /home/chrisarg/software-dev/Bit/scripts/../build/openmp_bit_nogpu 65536 1024 1024 20
COMPILING: make -C /home/chrisarg/software-dev/Bit/scripts/.. -f Makefile -B build/openmp_bit_nogpu GPU=NONE LIBPOPCNT=1 CPU_TILE=16 BITVECTOR_TILE=512 BUFFER_SIZE=4096 OUTER_ROW_NUM=2 OUTER_COL_NUM=3 OUTER_VEC_BLK=3
EXECUTING: numactl --interleave=all /home/chrisarg/software-dev/Bit/scripts/../build/openmp_bit_nogpu 262144 1024 1024 20
COMPILING: make -C /home/chrisarg/software-dev/Bit/scripts/.. -f Makefile -B build/openmp_bit_nogpu GPU=NONE LIBPOPCNT=0 CPU_TILE=16 BITVECTOR_TILE=2048 BUFFER_SIZE=1024 OUTER_ROW_NUM=2 OUTER_COL_NUM=4 OUTER_VEC_BLK=6
EXECUTING: numactl --interleave=all /home/chrisarg/software-dev/Bit/scripts/../build/openmp_bit_nogpu 262144 1024 1024 20
COMPILING: make -C /home/chrisarg/software-dev/Bit/scripts/.. -f Makefile -B build/openmp_bit_nogpu GPU=NONE LIBPOPCNT=0 CPU_TILE=16 BITVECTOR_TILE=1024 BUFFER_SIZE=128 OUTER_ROW_NUM=2 OUTER_COL_NUM=5 OUTER_VEC_BLK=8
EXECUTING: numactl --interleave=all /home/chrisarg/software-dev/Bit/scripts/../build/openmp_bit_nogpu 65536 1024 1024 20
COMPILING: make -C /home/chrisarg/software-dev/Bit/scripts/.. -f Makefile -B build/openmp_bit_nogpu GPU=NONE LIBPOPCNT=1 CPU_TILE=64 BITVECTOR_TILE=2048 BUFFER_SIZE=128 OUTER_ROW_NUM=1 OUTER_COL_NUM=4 OUTER_VEC_BLK=6
EXECUTING: numactl --interleave=all /home/chrisarg/software-dev/Bit/scripts/../build/openmp_bit_nogpu 262144 1024 1024 20
COMPILING: make -C /home/chrisarg/software-dev/Bit/scripts/.. -f Makefile -B build/openmp_bit_nogpu GPU=NONE LIBPOPCNT=0 CPU_TILE=16 BITVECTOR_TILE=1024 BUFFER_SIZE=128 OUTER_ROW_NUM=3 OUTER_COL_NUM=2 OUTER_VEC_BLK=1
EXECUTING: numactl --interleave=all /home/chrisarg/software-dev/Bit/scripts/../build/openmp_bit_nogpu 65536 1024 1024 20
COMPILING: make -C /home/chrisarg/software-dev/Bit/scripts/.. -f Makefile -B build/openmp_bit_nogpu GPU=NONE LIBPOPCNT=1 CPU_TILE=32 BITVECTOR_TILE=2048 BUFFER_SIZE=256 OUTER_ROW_NUM=3 OUTER_COL_NUM=6 OUTER_VEC_BLK=1
EXECUTING: numactl --interleave=all /home/chrisarg/software-dev/Bit/scripts/../build/openmp_bit_nogpu 262144 1024 1024 20
COMPILING: make -C /home/chrisarg/software-dev/Bit/scripts/.. -f Makefile -B build/openmp_bit_nogpu GPU=NONE LIBPOPCNT=1 CPU_TILE=64 BITVECTOR_TILE=512 BUFFER_SIZE=1024 OUTER_ROW_NUM=1 OUTER_COL_NUM=1 OUTER_VEC_BLK=6
EXECUTING: numactl --interleave=all /home/chrisarg/software-dev/Bit/scripts/../build/openmp_bit_nogpu 262144 1024 1024 20
COMPILING: make -C /home/chrisarg/software-dev/Bit/scripts/.. -f Makefile -B build/openmp_bit_nogpu GPU=NONE LIBPOPCNT=1 CPU_TILE=32 BITVECTOR_TILE=512 BUFFER_SIZE=512 OUTER_ROW_NUM=3 OUTER_COL_NUM=5 OUTER_VEC_BLK=3
EXECUTING: numactl --interleave=all /home/chrisarg/software-dev/Bit/scripts/../build/openmp_bit_nogpu 65536 1024 1024 20
COMPILING: make -C /home/chrisarg/software-dev/Bit/scripts/.. -f Makefile -B build/openmp_bit_nogpu GPU=NONE LIBPOPCNT=1 CPU_TILE=64 BITVECTOR_TILE=1024 BUFFER_SIZE=256 OUTER_ROW_NUM=4 OUTER_COL_NUM=5 OUTER_VEC_BLK=1
EXECUTING: numactl --interleave=all /home/chrisarg/software-dev/Bit/scripts/../build/openmp_bit_nogpu 262144 1024 1024 20
COMPILING: make -C /home/chrisarg/software-dev/Bit/scripts/.. -f Makefile -B build/openmp_bit_nogpu GPU=NONE LIBPOPCNT=0 CPU_TILE=32 BITVECTOR_TILE=2048 BUFFER_SIZE=128 OUTER_ROW_NUM=5 OUTER_COL_NUM=3 OUTER_VEC_BLK=6
EXECUTING: numactl --interleave=all /home/chrisarg/software-dev/Bit/scripts/../build/openmp_bit_nogpu 262144 1024 1024 20
COMPILING: make -C /home/chrisarg/software-dev/Bit/scripts/.. -f Makefile -B build/openmp_bit_nogpu GPU=NONE LIBPOPCNT=1 CPU_TILE=16 BITVECTOR_TILE=1024 BUFFER_SIZE=512 OUTER_ROW_NUM=6 OUTER_COL_NUM=1 OUTER_VEC_BLK=3
EXECUTING: numactl --interleave=all /home/chrisarg/software-dev/Bit/scripts/../build/openmp_bit_nogpu 262144 1024 1024 20
COMPILING: make -C /home/chrisarg/software-dev/Bit/scripts/.. -f Makefile -B build/openmp_bit_nogpu GPU=NONE LIBPOPCNT=0 CPU_TILE=16 BITVECTOR_TILE=512 BUFFER_SIZE=512 OUTER_ROW_NUM=3 OUTER_COL_NUM=6 OUTER_VEC_BLK=1
EXECUTING: numactl --interleave=all /home/chrisarg/software-dev/Bit/scripts/../build/openmp_bit_nogpu 262144 1024 1024 20
COMPILING: make -C /home/chrisarg/software-dev/Bit/scripts/.. -f Makefile -B build/openmp_bit_nogpu GPU=NONE LIBPOPCNT=0 CPU_TILE=32 BITVECTOR_TILE=1024 BUFFER_SIZE=512 OUTER_ROW_NUM=5 OUTER_COL_NUM=3 OUTER_VEC_BLK=2
EXECUTING: numactl --interleave=all /home/chrisarg/software-dev/Bit/scripts/../build/openmp_bit_nogpu 65536 1024 1024 20
COMPILING: make -C /home/chrisarg/software-dev/Bit/scripts/.. -f Makefile -B build/openmp_bit_nogpu GPU=NONE LIBPOPCNT=1 CPU_TILE=64 BITVECTOR_TILE=512 BUFFER_SIZE=4096 OUTER_ROW_NUM=3 OUTER_COL_NUM=2 OUTER_VEC_BLK=4
EXECUTING: numactl --interleave=all /home/chrisarg/software-dev/Bit/scripts/../build/openmp_bit_nogpu 262144 1024 1024 20
COMPILING: make -C /home/chrisarg/software-dev/Bit/scripts/.. -f Makefile -B build/openmp_bit_nogpu GPU=NONE LIBPOPCNT=0 CPU_TILE=16 BITVECTOR_TILE=2048 BUFFER_SIZE=128 OUTER_ROW_NUM=5 OUTER_COL_NUM=2 OUTER_VEC_BLK=6
EXECUTING: numactl --interleave=all /home/chrisarg/software-dev/Bit/scripts/../build/openmp_bit_nogpu 262144 1024 1024 20
COMPILING: make -C /home/chrisarg/software-dev/Bit/scripts/.. -f Makefile -B build/openmp_bit_nogpu GPU=NONE LIBPOPCNT=0 CPU_TILE=64 BITVECTOR_TILE=1024 BUFFER_SIZE=4096 OUTER_ROW_NUM=2 OUTER_COL_NUM=2 OUTER_VEC_BLK=8
EXECUTING: numactl --interleave=all /home/chrisarg/software-dev/Bit/scripts/../build/openmp_bit_nogpu 262144 1024 1024 20
COMPILING: make -C /home/chrisarg/software-dev/Bit/scripts/.. -f Makefile -B build/openmp_bit_nogpu GPU=NONE LIBPOPCNT=0 CPU_TILE=16 BITVECTOR_TILE=1024 BUFFER_SIZE=128 OUTER_ROW_NUM=6 OUTER_COL_NUM=5 OUTER_VEC_BLK=1
EXECUTING: numactl --interleave=all /home/chrisarg/software-dev/Bit/scripts/../build/openmp_bit_nogpu 262144 1024 1024 20
COMPILING: make -C /home/chrisarg/software-dev/Bit/scripts/.. -f Makefile -B build/openmp_bit_nogpu GPU=NONE LIBPOPCNT=0 CPU_TILE=32 BITVECTOR_TILE=512 BUFFER_SIZE=1024 OUTER_ROW_NUM=3 OUTER_COL_NUM=1 OUTER_VEC_BLK=1
EXECUTING: numactl --interleave=all /home/chrisarg/software-dev/Bit/scripts/../build/openmp_bit_nogpu 262144 1024 1024 20
COMPILING: make -C /home/chrisarg/software-dev/Bit/scripts/.. -f Makefile -B build/openmp_bit_nogpu GPU=NONE LIBPOPCNT=0 CPU_TILE=32 BITVECTOR_TILE=512 BUFFER_SIZE=1024 OUTER_ROW_NUM=3 OUTER_COL_NUM=1 OUTER_VEC_BLK=6
EXECUTING: numactl --interleave=all /home/chrisarg/software-dev/Bit/scripts/../build/openmp_bit_nogpu 262144 1024 1024 20
COMPILING: make -C /home/chrisarg/software-dev/Bit/scripts/.. -f Makefile -B build/openmp_bit_nogpu GPU=NONE LIBPOPCNT=0 CPU_TILE=64 BITVECTOR_TILE=2048 BUFFER_SIZE=1024 OUTER_ROW_NUM=4 OUTER_COL_NUM=3 OUTER_VEC_BLK=1
EXECUTING: numactl --interleave=all /home/chrisarg/software-dev/Bit/scripts/../build/openmp_bit_nogpu 262144 1024 1024 20
COMPILING: make -C /home/chrisarg/software-dev/Bit/scripts/.. -f Makefile -B build/openmp_bit_nogpu GPU=NONE LIBPOPCNT=0 CPU_TILE=16 BITVECTOR_TILE=1024 BUFFER_SIZE=256 OUTER_ROW_NUM=5 OUTER_COL_NUM=6 OUTER_VEC_BLK=1
EXECUTING: numactl --interleave=all /home/chrisarg/software-dev/Bit/scripts/../build/openmp_bit_nogpu 65536 1024 1024 20
COMPILING: make -C /home/chrisarg/software-dev/Bit/scripts/.. -f Makefile -B build/openmp_bit_nogpu GPU=NONE LIBPOPCNT=0 CPU_TILE=64 BITVECTOR_TILE=1024 BUFFER_SIZE=256 OUTER_ROW_NUM=1 OUTER_COL_NUM=3 OUTER_VEC_BLK=2
EXECUTING: numactl --interleave=all /home/chrisarg/software-dev/Bit/scripts/../build/openmp_bit_nogpu 65536 1024 1024 20
COMPILING: make -C /home/chrisarg/software-dev/Bit/scripts/.. -f Makefile -B build/openmp_bit_nogpu GPU=NONE LIBPOPCNT=0 CPU_TILE=16 BITVECTOR_TILE=512 BUFFER_SIZE=4096 OUTER_ROW_NUM=5 OUTER_COL_NUM=3 OUTER_VEC_BLK=6
EXECUTING: numactl --interleave=all /home/chrisarg/software-dev/Bit/scripts/../build/openmp_bit_nogpu 65536 1024 1024 20
COMPILING: make -C /home/chrisarg/software-dev/Bit/scripts/.. -f Makefile -B build/openmp_bit_nogpu GPU=NONE LIBPOPCNT=0 CPU_TILE=32 BITVECTOR_TILE=1024 BUFFER_SIZE=4096 OUTER_ROW_NUM=4 OUTER_COL_NUM=2 OUTER_VEC_BLK=6
EXECUTING: numactl --interleave=all /home/chrisarg/software-dev/Bit/scripts/../build/openmp_bit_nogpu 262144 1024 1024 20
COMPILING: make -C /home/chrisarg/software-dev/Bit/scripts/.. -f Makefile -B build/openmp_bit_nogpu GPU=NONE LIBPOPCNT=0 CPU_TILE=64 BITVECTOR_TILE=512 BUFFER_SIZE=1024 OUTER_ROW_NUM=6 OUTER_COL_NUM=3 OUTER_VEC_BLK=4
EXECUTING: numactl --interleave=all /home/chrisarg/software-dev/Bit/scripts/../build/openmp_bit_nogpu 262144 1024 1024 20
COMPILING: make -C /home/chrisarg/software-dev/Bit/scripts/.. -f Makefile -B build/openmp_bit_nogpu GPU=NONE LIBPOPCNT=1 CPU_TILE=32 BITVECTOR_TILE=512 BUFFER_SIZE=256 OUTER_ROW_NUM=5 OUTER_COL_NUM=3 OUTER_VEC_BLK=3
EXECUTING: numactl --interleave=all /home/chrisarg/software-dev/Bit/scripts/../build/openmp_bit_nogpu 262144 1024 1024 20
COMPILING: make -C /home/chrisarg/software-dev/Bit/scripts/.. -f Makefile -B build/openmp_bit_nogpu GPU=NONE LIBPOPCNT=0 CPU_TILE=32 BITVECTOR_TILE=512 BUFFER_SIZE=128 OUTER_ROW_NUM=4 OUTER_COL_NUM=6 OUTER_VEC_BLK=2
EXECUTING: numactl --interleave=all /home/chrisarg/software-dev/Bit/scripts/../build/openmp_bit_nogpu 65536 1024 1024 20
COMPILING: make -C /home/chrisarg/software-dev/Bit/scripts/.. -f Makefile -B build/openmp_bit_nogpu GPU=NONE LIBPOPCNT=1 CPU_TILE=64 BITVECTOR_TILE=512 BUFFER_SIZE=256 OUTER_ROW_NUM=5 OUTER_COL_NUM=2 OUTER_VEC_BLK=3
EXECUTING: numactl --interleave=all /home/chrisarg/software-dev/Bit/scripts/../build/openmp_bit_nogpu 65536 1024 1024 20
COMPILING: make -C /home/chrisarg/software-dev/Bit/scripts/.. -f Makefile -B build/openmp_bit_nogpu GPU=NONE LIBPOPCNT=0 CPU_TILE=64 BITVECTOR_TILE=1024 BUFFER_SIZE=1024 OUTER_ROW_NUM=4 OUTER_COL_NUM=1 OUTER_VEC_BLK=8
EXECUTING: numactl --interleave=all /home/chrisarg/software-dev/Bit/scripts/../build/openmp_bit_nogpu 65536 1024 1024 20
COMPILING: make -C /home/chrisarg/software-dev/Bit/scripts/.. -f Makefile -B build/openmp_bit_nogpu GPU=NONE LIBPOPCNT=1 CPU_TILE=32 BITVECTOR_TILE=1024 BUFFER_SIZE=128 OUTER_ROW_NUM=5 OUTER_COL_NUM=1 OUTER_VEC_BLK=6
EXECUTING: numactl --interleave=all /home/chrisarg/software-dev/Bit/scripts/../build/openmp_bit_nogpu 65536 1024 1024 20
COMPILING: make -C /home/chrisarg/software-dev/Bit/scripts/.. -f Makefile -B build/openmp_bit_nogpu GPU=NONE LIBPOPCNT=1 CPU_TILE=32 BITVECTOR_TILE=1024 BUFFER_SIZE=256 OUTER_ROW_NUM=5 OUTER_COL_NUM=2 OUTER_VEC_BLK=1
EXECUTING: numactl --interleave=all /home/chrisarg/software-dev/Bit/scripts/../build/openmp_bit_nogpu 65536 1024 1024 20
COMPILING: make -C /home/chrisarg/software-dev/Bit/scripts/.. -f Makefile -B build/openmp_bit_nogpu GPU=NONE LIBPOPCNT=0 CPU_TILE=32 BITVECTOR_TILE=512 BUFFER_SIZE=256 OUTER_ROW_NUM=3 OUTER_COL_NUM=4 OUTER_VEC_BLK=1
EXECUTING: numactl --interleave=all /home/chrisarg/software-dev/Bit/scripts/../build/openmp_bit_nogpu 65536 1024 1024 20
COMPILING: make -C /home/chrisarg/software-dev/Bit/scripts/.. -f Makefile -B build/openmp_bit_nogpu GPU=NONE LIBPOPCNT=0 CPU_TILE=32 BITVECTOR_TILE=1024 BUFFER_SIZE=128 OUTER_ROW_NUM=2 OUTER_COL_NUM=6 OUTER_VEC_BLK=2
EXECUTING: numactl --interleave=all /home/chrisarg/software-dev/Bit/scripts/../build/openmp_bit_nogpu 262144 1024 1024 20
COMPILING: make -C /home/chrisarg/software-dev/Bit/scripts/.. -f Makefile -B build/openmp_bit_nogpu GPU=NONE LIBPOPCNT=1 CPU_TILE=64 BITVECTOR_TILE=512 BUFFER_SIZE=1024 OUTER_ROW_NUM=4 OUTER_COL_NUM=1 OUTER_VEC_BLK=3
EXECUTING: numactl --interleave=all /home/chrisarg/software-dev/Bit/scripts/../build/openmp_bit_nogpu 262144 1024 1024 20
COMPILING: make -C /home/chrisarg/software-dev/Bit/scripts/.. -f Makefile -B build/openmp_bit_nogpu GPU=NONE LIBPOPCNT=1 CPU_TILE=64 BITVECTOR_TILE=512 BUFFER_SIZE=128 OUTER_ROW_NUM=3 OUTER_COL_NUM=4 OUTER_VEC_BLK=2
EXECUTING: numactl --interleave=all /home/chrisarg/software-dev/Bit/scripts/../build/openmp_bit_nogpu 65536 1024 1024 20
COMPILING: make -C /home/chrisarg/software-dev/Bit/scripts/.. -f Makefile -B build/openmp_bit_nogpu GPU=NONE LIBPOPCNT=0 CPU_TILE=16 BITVECTOR_TILE=2048 BUFFER_SIZE=1024 OUTER_ROW_NUM=4 OUTER_COL_NUM=4 OUTER_VEC_BLK=1
EXECUTING: numactl --interleave=all /home/chrisarg/software-dev/Bit/scripts/../build/openmp_bit_nogpu 65536 1024 1024 20
COMPILING: make -C /home/chrisarg/software-dev/Bit/scripts/.. -f Makefile -B build/openmp_bit_nogpu GPU=NONE LIBPOPCNT=1 CPU_TILE=16 BITVECTOR_TILE=512 BUFFER_SIZE=256 OUTER_ROW_NUM=3 OUTER_COL_NUM=3 OUTER_VEC_BLK=4
EXECUTING: numactl --interleave=all /home/chrisarg/software-dev/Bit/scripts/../build/openmp_bit_nogpu 65536 1024 1024 20
COMPILING: make -C /home/chrisarg/software-dev/Bit/scripts/.. -f Makefile -B build/openmp_bit_nogpu GPU=NONE LIBPOPCNT=1 CPU_TILE=32 BITVECTOR_TILE=1024 BUFFER_SIZE=1024 OUTER_ROW_NUM=6 OUTER_COL_NUM=3 OUTER_VEC_BLK=6
EXECUTING: numactl --interleave=all /home/chrisarg/software-dev/Bit/scripts/../build/openmp_bit_nogpu 262144 1024 1024 20
COMPILING: make -C /home/chrisarg/software-dev/Bit/scripts/.. -f Makefile -B build/openmp_bit_nogpu GPU=NONE LIBPOPCNT=0 CPU_TILE=16 BITVECTOR_TILE=512 BUFFER_SIZE=512 OUTER_ROW_NUM=4 OUTER_COL_NUM=4 OUTER_VEC_BLK=8
EXECUTING: numactl --interleave=all /home/chrisarg/software-dev/Bit/scripts/../build/openmp_bit_nogpu 65536 1024 1024 20
COMPILING: make -C /home/chrisarg/software-dev/Bit/scripts/.. -f Makefile -B build/openmp_bit_nogpu GPU=NONE LIBPOPCNT=1 CPU_TILE=64 BITVECTOR_TILE=512 BUFFER_SIZE=4096 OUTER_ROW_NUM=4 OUTER_COL_NUM=3 OUTER_VEC_BLK=2
EXECUTING: numactl --interleave=all /home/chrisarg/software-dev/Bit/scripts/../build/openmp_bit_nogpu 262144 1024 1024 20
COMPILING: make -C /home/chrisarg/software-dev/Bit/scripts/.. -f Makefile -B build/openmp_bit_nogpu GPU=NONE LIBPOPCNT=1 CPU_TILE=16 BITVECTOR_TILE=512 BUFFER_SIZE=4096 OUTER_ROW_NUM=1 OUTER_COL_NUM=1 OUTER_VEC_BLK=3
EXECUTING: numactl --interleave=all /home/chrisarg/software-dev/Bit/scripts/../build/openmp_bit_nogpu 262144 1024 1024 20
COMPILING: make -C /home/chrisarg/software-dev/Bit/scripts/.. -f Makefile -B build/openmp_bit_nogpu GPU=NONE LIBPOPCNT=1 CPU_TILE=16 BITVECTOR_TILE=2048 BUFFER_SIZE=512 OUTER_ROW_NUM=2 OUTER_COL_NUM=5 OUTER_VEC_BLK=2
EXECUTING: numactl --interleave=all /home/chrisarg/software-dev/Bit/scripts/../build/openmp_bit_nogpu 65536 1024 1024 20
COMPILING: make -C /home/chrisarg/software-dev/Bit/scripts/.. -f Makefile -B build/openmp_bit_nogpu GPU=NONE LIBPOPCNT=1 CPU_TILE=16 BITVECTOR_TILE=1024 BUFFER_SIZE=512 OUTER_ROW_NUM=6 OUTER_COL_NUM=2 OUTER_VEC_BLK=4
EXECUTING: numactl --interleave=all /home/chrisarg/software-dev/Bit/scripts/../build/openmp_bit_nogpu 65536 1024 1024 20
COMPILING: make -C /home/chrisarg/software-dev/Bit/scripts/.. -f Makefile -B build/openmp_bit_nogpu GPU=NONE LIBPOPCNT=0 CPU_TILE=32 BITVECTOR_TILE=2048 BUFFER_SIZE=128 OUTER_ROW_NUM=5 OUTER_COL_NUM=2 OUTER_VEC_BLK=4
EXECUTING: numactl --interleave=all /home/chrisarg/software-dev/Bit/scripts/../build/openmp_bit_nogpu 262144 1024 1024 20
COMPILING: make -C /home/chrisarg/software-dev/Bit/scripts/.. -f Makefile -B build/openmp_bit_nogpu GPU=NONE LIBPOPCNT=0 CPU_TILE=32 BITVECTOR_TILE=2048 BUFFER_SIZE=128 OUTER_ROW_NUM=3 OUTER_COL_NUM=4 OUTER_VEC_BLK=2
EXECUTING: numactl --interleave=all /home/chrisarg/software-dev/Bit/scripts/../build/openmp_bit_nogpu 262144 1024 1024 20
COMPILING: make -C /home/chrisarg/software-dev/Bit/scripts/.. -f Makefile -B build/openmp_bit_nogpu GPU=NONE LIBPOPCNT=0 CPU_TILE=64 BITVECTOR_TILE=2048 BUFFER_SIZE=128 OUTER_ROW_NUM=4 OUTER_COL_NUM=5 OUTER_VEC_BLK=3
EXECUTING: numactl --interleave=all /home/chrisarg/software-dev/Bit/scripts/../build/openmp_bit_nogpu 262144 1024 1024 20
COMPILING: make -C /home/chrisarg/software-dev/Bit/scripts/.. -f Makefile -B build/openmp_bit_nogpu GPU=NONE LIBPOPCNT=0 CPU_TILE=16 BITVECTOR_TILE=512 BUFFER_SIZE=4096 OUTER_ROW_NUM=6 OUTER_COL_NUM=3 OUTER_VEC_BLK=4
EXECUTING: numactl --interleave=all /home/chrisarg/software-dev/Bit/scripts/../build/openmp_bit_nogpu 65536 1024 1024 20
COMPILING: make -C /home/chrisarg/software-dev/Bit/scripts/.. -f Makefile -B build/openmp_bit_nogpu GPU=NONE LIBPOPCNT=0 CPU_TILE=32 BITVECTOR_TILE=2048 BUFFER_SIZE=256 OUTER_ROW_NUM=6 OUTER_COL_NUM=3 OUTER_VEC_BLK=3
EXECUTING: numactl --interleave=all /home/chrisarg/software-dev/Bit/scripts/../build/openmp_bit_nogpu 262144 1024 1024 20
COMPILING: make -C /home/chrisarg/software-dev/Bit/scripts/.. -f Makefile -B build/openmp_bit_nogpu GPU=NONE LIBPOPCNT=0 CPU_TILE=32 BITVECTOR_TILE=512 BUFFER_SIZE=256 OUTER_ROW_NUM=2 OUTER_COL_NUM=2 OUTER_VEC_BLK=6
EXECUTING: numactl --interleave=all /home/chrisarg/software-dev/Bit/scripts/../build/openmp_bit_nogpu 65536 1024 1024 20
COMPILING: make -C /home/chrisarg/software-dev/Bit/scripts/.. -f Makefile -B build/openmp_bit_nogpu GPU=NONE LIBPOPCNT=0 CPU_TILE=16 BITVECTOR_TILE=2048 BUFFER_SIZE=256 OUTER_ROW_NUM=3 OUTER_COL_NUM=2 OUTER_VEC_BLK=4
EXECUTING: numactl --interleave=all /home/chrisarg/software-dev/Bit/scripts/../build/openmp_bit_nogpu 65536 1024 1024 20
COMPILING: make -C /home/chrisarg/software-dev/Bit/scripts/.. -f Makefile -B build/openmp_bit_nogpu GPU=NONE LIBPOPCNT=0 CPU_TILE=64 BITVECTOR_TILE=1024 BUFFER_SIZE=128 OUTER_ROW_NUM=1 OUTER_COL_NUM=6 OUTER_VEC_BLK=8
EXECUTING: numactl --interleave=all /home/chrisarg/software-dev/Bit/scripts/../build/openmp_bit_nogpu 262144 1024 1024 20
COMPILING: make -C /home/chrisarg/software-dev/Bit/scripts/.. -f Makefile -B build/openmp_bit_nogpu GPU=NONE LIBPOPCNT=1 CPU_TILE=32 BITVECTOR_TILE=512 BUFFER_SIZE=4096 OUTER_ROW_NUM=3 OUTER_COL_NUM=5 OUTER_VEC_BLK=4
EXECUTING: numactl --interleave=all /home/chrisarg/software-dev/Bit/scripts/../build/openmp_bit_nogpu 262144 1024 1024 20
COMPILING: make -C /home/chrisarg/software-dev/Bit/scripts/.. -f Makefile -B build/openmp_bit_nogpu GPU=NONE LIBPOPCNT=1 CPU_TILE=32 BITVECTOR_TILE=1024 BUFFER_SIZE=1024 OUTER_ROW_NUM=6 OUTER_COL_NUM=2 OUTER_VEC_BLK=6
EXECUTING: numactl --interleave=all /home/chrisarg/software-dev/Bit/scripts/../build/openmp_bit_nogpu 65536 1024 1024 20
COMPILING: make -C /home/chrisarg/software-dev/Bit/scripts/.. -f Makefile -B build/openmp_bit_nogpu GPU=NONE LIBPOPCNT=0 CPU_TILE=32 BITVECTOR_TILE=1024 BUFFER_SIZE=4096 OUTER_ROW_NUM=3 OUTER_COL_NUM=2 OUTER_VEC_BLK=6
EXECUTING: numactl --interleave=all /home/chrisarg/software-dev/Bit/scripts/../build/openmp_bit_nogpu 262144 1024 1024 20
COMPILING: make -C /home/chrisarg/software-dev/Bit/scripts/.. -f Makefile -B build/openmp_bit_nogpu GPU=NONE LIBPOPCNT=0 CPU_TILE=32 BITVECTOR_TILE=2048 BUFFER_SIZE=128 OUTER_ROW_NUM=4 OUTER_COL_NUM=3 OUTER_VEC_BLK=2
EXECUTING: numactl --interleave=all /home/chrisarg/software-dev/Bit/scripts/../build/openmp_bit_nogpu 65536 1024 1024 20
COMPILING: make -C /home/chrisarg/software-dev/Bit/scripts/.. -f Makefile -B build/openmp_bit_nogpu GPU=NONE LIBPOPCNT=0 CPU_TILE=64 BITVECTOR_TILE=512 BUFFER_SIZE=128 OUTER_ROW_NUM=6 OUTER_COL_NUM=3 OUTER_VEC_BLK=4
EXECUTING: numactl --interleave=all /home/chrisarg/software-dev/Bit/scripts/../build/openmp_bit_nogpu 262144 1024 1024 20
COMPILING: make -C /home/chrisarg/software-dev/Bit/scripts/.. -f Makefile -B build/openmp_bit_nogpu GPU=NONE LIBPOPCNT=1 CPU_TILE=16 BITVECTOR_TILE=2048 BUFFER_SIZE=1024 OUTER_ROW_NUM=6 OUTER_COL_NUM=5 OUTER_VEC_BLK=4
EXECUTING: numactl --interleave=all /home/chrisarg/software-dev/Bit/scripts/../build/openmp_bit_nogpu 65536 1024 1024 20
COMPILING: make -C /home/chrisarg/software-dev/Bit/scripts/.. -f Makefile -B build/openmp_bit_nogpu GPU=NONE LIBPOPCNT=0 CPU_TILE=64 BITVECTOR_TILE=2048 BUFFER_SIZE=1024 OUTER_ROW_NUM=5 OUTER_COL_NUM=6 OUTER_VEC_BLK=2
EXECUTING: numactl --interleave=all /home/chrisarg/software-dev/Bit/scripts/../build/openmp_bit_nogpu 262144 1024 1024 20
COMPILING: make -C /home/chrisarg/software-dev/Bit/scripts/.. -f Makefile -B build/openmp_bit_nogpu GPU=NONE LIBPOPCNT=1 CPU_TILE=16 BITVECTOR_TILE=2048 BUFFER_SIZE=4096 OUTER_ROW_NUM=6 OUTER_COL_NUM=3 OUTER_VEC_BLK=2
EXECUTING: numactl --interleave=all /home/chrisarg/software-dev/Bit/scripts/../build/openmp_bit_nogpu 262144 1024 1024 20
COMPILING: make -C /home/chrisarg/software-dev/Bit/scripts/.. -f Makefile -B build/openmp_bit_nogpu GPU=NONE LIBPOPCNT=0 CPU_TILE=64 BITVECTOR_TILE=512 BUFFER_SIZE=256 OUTER_ROW_NUM=5 OUTER_COL_NUM=4 OUTER_VEC_BLK=3
EXECUTING: numactl --interleave=all /home/chrisarg/software-dev/Bit/scripts/../build/openmp_bit_nogpu 262144 1024 1024 20
COMPILING: make -C /home/chrisarg/software-dev/Bit/scripts/.. -f Makefile -B build/openmp_bit_nogpu GPU=NONE LIBPOPCNT=1 CPU_TILE=64 BITVECTOR_TILE=1024 BUFFER_SIZE=4096 OUTER_ROW_NUM=3 OUTER_COL_NUM=3 OUTER_VEC_BLK=2
EXECUTING: numactl --interleave=all /home/chrisarg/software-dev/Bit/scripts/../build/openmp_bit_nogpu 65536 1024 1024 20
COMPILING: make -C /home/chrisarg/software-dev/Bit/scripts/.. -f Makefile -B build/openmp_bit_nogpu GPU=NONE LIBPOPCNT=1 CPU_TILE=32 BITVECTOR_TILE=1024 BUFFER_SIZE=4096 OUTER_ROW_NUM=3 OUTER_COL_NUM=6 OUTER_VEC_BLK=1
EXECUTING: numactl --interleave=all /home/chrisarg/software-dev/Bit/scripts/../build/openmp_bit_nogpu 65536 1024 1024 20
COMPILING: make -C /home/chrisarg/software-dev/Bit/scripts/.. -f Makefile -B build/openmp_bit_nogpu GPU=NONE LIBPOPCNT=0 CPU_TILE=32 BITVECTOR_TILE=512 BUFFER_SIZE=256 OUTER_ROW_NUM=2 OUTER_COL_NUM=2 OUTER_VEC_BLK=6
EXECUTING: numactl --interleave=all /home/chrisarg/software-dev/Bit/scripts/../build/openmp_bit_nogpu 262144 1024 1024 20
COMPILING: make -C /home/chrisarg/software-dev/Bit/scripts/.. -f Makefile -B build/openmp_bit_nogpu GPU=NONE LIBPOPCNT=1 CPU_TILE=64 BITVECTOR_TILE=2048 BUFFER_SIZE=4096 OUTER_ROW_NUM=6 OUTER_COL_NUM=3 OUTER_VEC_BLK=8
EXECUTING: numactl --interleave=all /home/chrisarg/software-dev/Bit/scripts/../build/openmp_bit_nogpu 262144 1024 1024 20
COMPILING: make -C /home/chrisarg/software-dev/Bit/scripts/.. -f Makefile -B build/openmp_bit_nogpu GPU=NONE LIBPOPCNT=0 CPU_TILE=16 BITVECTOR_TILE=2048 BUFFER_SIZE=1024 OUTER_ROW_NUM=1 OUTER_COL_NUM=5 OUTER_VEC_BLK=2
EXECUTING: numactl --interleave=all /home/chrisarg/software-dev/Bit/scripts/../build/openmp_bit_nogpu 65536 1024 1024 20
COMPILING: make -C /home/chrisarg/software-dev/Bit/scripts/.. -f Makefile -B build/openmp_bit_nogpu GPU=NONE LIBPOPCNT=1 CPU_TILE=32 BITVECTOR_TILE=1024 BUFFER_SIZE=128 OUTER_ROW_NUM=3 OUTER_COL_NUM=6 OUTER_VEC_BLK=4
EXECUTING: numactl --interleave=all /home/chrisarg/software-dev/Bit/scripts/../build/openmp_bit_nogpu 65536 1024 1024 20
COMPILING: make -C /home/chrisarg/software-dev/Bit/scripts/.. -f Makefile -B build/openmp_bit_nogpu GPU=NONE LIBPOPCNT=1 CPU_TILE=16 BITVECTOR_TILE=1024 BUFFER_SIZE=128 OUTER_ROW_NUM=3 OUTER_COL_NUM=5 OUTER_VEC_BLK=4
EXECUTING: numactl --interleave=all /home/chrisarg/software-dev/Bit/scripts/../build/openmp_bit_nogpu 65536 1024 1024 20
COMPILING: make -C /home/chrisarg/software-dev/Bit/scripts/.. -f Makefile -B build/openmp_bit_nogpu GPU=NONE LIBPOPCNT=1 CPU_TILE=32 BITVECTOR_TILE=2048 BUFFER_SIZE=1024 OUTER_ROW_NUM=4 OUTER_COL_NUM=5 OUTER_VEC_BLK=8
EXECUTING: numactl --interleave=all /home/chrisarg/software-dev/Bit/scripts/../build/openmp_bit_nogpu 262144 1024 1024 20
COMPILING: make -C /home/chrisarg/software-dev/Bit/scripts/.. -f Makefile -B build/openmp_bit_nogpu GPU=NONE LIBPOPCNT=1 CPU_TILE=32 BITVECTOR_TILE=1024 BUFFER_SIZE=128 OUTER_ROW_NUM=6 OUTER_COL_NUM=5 OUTER_VEC_BLK=8
EXECUTING: numactl --interleave=all /home/chrisarg/software-dev/Bit/scripts/../build/openmp_bit_nogpu 65536 1024 1024 20
COMPILING: make -C /home/chrisarg/software-dev/Bit/scripts/.. -f Makefile -B build/openmp_bit_nogpu GPU=NONE LIBPOPCNT=1 CPU_TILE=16 BITVECTOR_TILE=512 BUFFER_SIZE=512 OUTER_ROW_NUM=4 OUTER_COL_NUM=5 OUTER_VEC_BLK=6
EXECUTING: numactl --interleave=all /home/chrisarg/software-dev/Bit/scripts/../build/openmp_bit_nogpu 262144 1024 1024 20
COMPILING: make -C /home/chrisarg/software-dev/Bit/scripts/.. -f Makefile -B build/openmp_bit_nogpu GPU=NONE LIBPOPCNT=1 CPU_TILE=32 BITVECTOR_TILE=512 BUFFER_SIZE=4096 OUTER_ROW_NUM=5 OUTER_COL_NUM=2 OUTER_VEC_BLK=1
EXECUTING: numactl --interleave=all /home/chrisarg/software-dev/Bit/scripts/../build/openmp_bit_nogpu 65536 1024 1024 20
COMPILING: make -C /home/chrisarg/software-dev/Bit/scripts/.. -f Makefile -B build/openmp_bit_nogpu GPU=NONE LIBPOPCNT=0 CPU_TILE=64 BITVECTOR_TILE=2048 BUFFER_SIZE=128 OUTER_ROW_NUM=6 OUTER_COL_NUM=2 OUTER_VEC_BLK=2
EXECUTING: numactl --interleave=all /home/chrisarg/software-dev/Bit/scripts/../build/openmp_bit_nogpu 262144 1024 1024 20
COMPILING: make -C /home/chrisarg/software-dev/Bit/scripts/.. -f Makefile -B build/openmp_bit_nogpu GPU=NONE LIBPOPCNT=1 CPU_TILE=32 BITVECTOR_TILE=1024 BUFFER_SIZE=128 OUTER_ROW_NUM=6 OUTER_COL_NUM=1 OUTER_VEC_BLK=4
EXECUTING: numactl --interleave=all /home/chrisarg/software-dev/Bit/scripts/../build/openmp_bit_nogpu 262144 1024 1024 20
COMPILING: make -C /home/chrisarg/software-dev/Bit/scripts/.. -f Makefile -B build/openmp_bit_nogpu GPU=NONE LIBPOPCNT=0 CPU_TILE=16 BITVECTOR_TILE=2048 BUFFER_SIZE=512 OUTER_ROW_NUM=4 OUTER_COL_NUM=4 OUTER_VEC_BLK=4
EXECUTING: numactl --interleave=all /home/chrisarg/software-dev/Bit/scripts/../build/openmp_bit_nogpu 65536 1024 1024 20
COMPILING: make -C /home/chrisarg/software-dev/Bit/scripts/.. -f Makefile -B build/openmp_bit_nogpu GPU=NONE LIBPOPCNT=1 CPU_TILE=16 BITVECTOR_TILE=512 BUFFER_SIZE=1024 OUTER_ROW_NUM=4 OUTER_COL_NUM=2 OUTER_VEC_BLK=2
EXECUTING: numactl --interleave=all /home/chrisarg/software-dev/Bit/scripts/../build/openmp_bit_nogpu 262144 1024 1024 20
COMPILING: make -C /home/chrisarg/software-dev/Bit/scripts/.. -f Makefile -B build/openmp_bit_nogpu GPU=NONE LIBPOPCNT=0 CPU_TILE=32 BITVECTOR_TILE=2048 BUFFER_SIZE=4096 OUTER_ROW_NUM=2 OUTER_COL_NUM=4 OUTER_VEC_BLK=2
EXECUTING: numactl --interleave=all /home/chrisarg/software-dev/Bit/scripts/../build/openmp_bit_nogpu 65536 1024 1024 20
COMPILING: make -C /home/chrisarg/software-dev/Bit/scripts/.. -f Makefile -B build/openmp_bit_nogpu GPU=NONE LIBPOPCNT=0 CPU_TILE=32 BITVECTOR_TILE=2048 BUFFER_SIZE=1024 OUTER_ROW_NUM=5 OUTER_COL_NUM=6 OUTER_VEC_BLK=3
EXECUTING: numactl --interleave=all /home/chrisarg/software-dev/Bit/scripts/../build/openmp_bit_nogpu 262144 1024 1024 20
COMPILING: make -C /home/chrisarg/software-dev/Bit/scripts/.. -f Makefile -B build/openmp_bit_nogpu GPU=NONE LIBPOPCNT=1 CPU_TILE=32 BITVECTOR_TILE=2048 BUFFER_SIZE=1024 OUTER_ROW_NUM=1 OUTER_COL_NUM=5 OUTER_VEC_BLK=4
EXECUTING: numactl --interleave=all /home/chrisarg/software-dev/Bit/scripts/../build/openmp_bit_nogpu 65536 1024 1024 20
COMPILING: make -C /home/chrisarg/software-dev/Bit/scripts/.. -f Makefile -B build/openmp_bit_nogpu GPU=NONE LIBPOPCNT=1 CPU_TILE=32 BITVECTOR_TILE=1024 BUFFER_SIZE=4096 OUTER_ROW_NUM=6 OUTER_COL_NUM=5 OUTER_VEC_BLK=8
EXECUTING: numactl --interleave=all /home/chrisarg/software-dev/Bit/scripts/../build/openmp_bit_nogpu 65536 1024 1024 20
COMPILING: make -C /home/chrisarg/software-dev/Bit/scripts/.. -f Makefile -B build/openmp_bit_nogpu GPU=NONE LIBPOPCNT=0 CPU_TILE=16 BITVECTOR_TILE=2048 BUFFER_SIZE=512 OUTER_ROW_NUM=6 OUTER_COL_NUM=2 OUTER_VEC_BLK=2
ERROR: Compilation failed.
COMPILING: make -C /home/chrisarg/software-dev/Bit/scripts/.. -f Makefile -B build/openmp_bit_nogpu GPU=NONE LIBPOPCNT=1 CPU_TILE=32 BITVECTOR_TILE=2048 BUFFER_SIZE=256 OUTER_ROW_NUM=1 OUTER_COL_NUM=6 OUTER_VEC_BLK=6
ERROR: Compilation failed.
COMPILING: make -C /home/chrisarg/software-dev/Bit/scripts/.. -f Makefile -B build/openmp_bit_nogpu GPU=NONE LIBPOPCNT=0 CPU_TILE=64 BITVECTOR_TILE=1024 BUFFER_SIZE=256 OUTER_ROW_NUM=5 OUTER_COL_NUM=3 OUTER_VEC_BLK=8
ERROR: Compilation failed.
COMPILING: make -C /home/chrisarg/software-dev/Bit/scripts/.. -f Makefile -B build/openmp_bit_nogpu GPU=NONE LIBPOPCNT=1 CPU_TILE=16 BITVECTOR_TILE=2048 BUFFER_SIZE=1024 OUTER_ROW_NUM=3 OUTER_COL_NUM=5 OUTER_VEC_BLK=3
ERROR: Compilation failed.
COMPILING: make -C /home/chrisarg/software-dev/Bit/scripts/.. -f Makefile -B build/openmp_bit_nogpu GPU=NONE LIBPOPCNT=1 CPU_TILE=16 BITVECTOR_TILE=1024 BUFFER_SIZE=1024 OUTER_ROW_NUM=6 OUTER_COL_NUM=3 OUTER_VEC_BLK=2
ERROR: Compilation failed.
COMPILING: make -C /home/chrisarg/software-dev/Bit/scripts/.. -f Makefile -B build/openmp_bit_nogpu GPU=NONE LIBPOPCNT=0 CPU_TILE=32 BITVECTOR_TILE=1024 BUFFER_SIZE=1024 OUTER_ROW_NUM=6 OUTER_COL_NUM=5 OUTER_VEC_BLK=1
ERROR: Compilation failed.
COMPILING: make -C /home/chrisarg/software-dev/Bit/scripts/.. -f Makefile -B build/openmp_bit_nogpu GPU=NONE LIBPOPCNT=0 CPU_TILE=16 BITVECTOR_TILE=512 BUFFER_SIZE=128 OUTER_ROW_NUM=1 OUTER_COL_NUM=1 OUTER_VEC_BLK=8
ERROR: Compilation failed.
COMPILING: make -C /home/chrisarg/software-dev/Bit/scripts/.. -f Makefile -B build/openmp_bit_nogpu GPU=NONE LIBPOPCNT=0 CPU_TILE=64 BITVECTOR_TILE=512 BUFFER_SIZE=4096 OUTER_ROW_NUM=1 OUTER_COL_NUM=4 OUTER_VEC_BLK=6
EXECUTING: numactl --interleave=all /home/chrisarg/software-dev/Bit/scripts/../build/openmp_bit_nogpu 65536 1024 1024 20
